district_name_eng_2010,block_name_eng_2010,gp_name_eng_2010,lgd_block_code,lgd_block_name
Muzzafarnagar,Morna,Rudkali,2014,Morna
Budaun,Dataganj,Veh Ta Madhau,1585,Dataganj
Budaun,Dataganj,Kundrakuthia Sultanpu,1585,Dataganj
Muzzafarnagar,Morna,Teuda,2014,Morna
Budaun,Dataganj,adharaauu,1585,Dataganj
Muzzafarnagar,Morna,Karheda,2014,Morna
Budaun,Dataganj,Kundara Mazra,1585,Dataganj
Muzzafarnagar,Morna,Kakarala,2014,Morna
Budaun,Aasfpur,Davathara,1582,Asafpur
Budaun,Aasfpur,Guldia,1582,Asafpur
Budaun,Aasfpur,Aasfpur,1582,Asafpur
Budaun,Aasfpur,Nawabpur,1582,Asafpur
Muzzafarnagar,Morna,Bhedahedi,2014,Morna
Muzzafarnagar,Morna,Kadipur,2014,Morna
Muzzafarnagar,Morna,Vajibad,2014,Morna
Budaun,Usawan,Ataina Pakhta,1597,Usawan
Aligarh,Bijoili,Harnout Bhojpur,NA,NA
Aligarh,Bijoili,Raipur Khas,NA,NA
Aligarh,Bijoili,Narupura Katka,NA,NA
Aligarh,Bijoili,Dinaapur,NA,NA
Aligarh,Bijoili,Todarpur,NA,NA
Aligarh,Bijoili,Hameed Pur,NA,NA
Aligarh,Bijoili,Alipur,NA,NA
Aligarh,Bijoili,Pyavali,NA,NA
Aligarh,Bijoili,Kanchanpur,NA,NA
Aligarh,Bijoili,Gopalpur,NA,NA
Aligarh,Bijoili,HaranPurKalan,NA,NA
Aligarh,Bijoili,Sockra,NA,NA
Aligarh,Bijoili,Modpur,NA,NA
Aligarh,Bijoili,Dudhman,NA,NA
Aligarh,Bijoili,DattaCholiKurd,NA,NA
Aligarh,Bijoili,Bahona Kotra,NA,NA
Aligarh,Bijoili,Datcholi Bujurg,NA,NA
Aligarh,Bijoili,Khadua,NA,NA
Aligarh,Bijoili,Ganespur Ta O Nah,NA,NA
Aligarh,Bijoili,BhamsoiHussainpur,NA,NA
Aligarh,Bijoili,Badhesara,NA,NA
Aligarh,Bijoili,Badhaul,NA,NA
Aligarh,Bijoili,Bilpura,NA,NA
Aligarh,Bijoili,Pipli,NA,NA
Aligarh,Bijoili,Maupur Bhauupur,NA,NA
Aligarh,Bijoili,Saifpur,NA,NA
Aligarh,Bijoili,Samaspur,NA,NA
Aligarh,Bijoili,Laski Nagar,NA,NA
Aligarh,Bijoili,Kasimpur Nagri,NA,NA
Aligarh,Bijoili,Pali Mukimpur,NA,NA
Aligarh,Bijoili,Chandua Govindpur,NA,NA
Aligarh,Bijoili,Rajgaon,NA,NA
Aligarh,Bijoili,Tarenchi,NA,NA
Aligarh,Bijoili,Singhpur Himmatpur,NA,NA
Aligarh,Bijoili,Bulapur Khedia,NA,NA
Aligarh,Bijoili,Toshi,NA,NA
Aligarh,Bijoili,Hardoi,NA,NA
Aligarh,Bijoili,Rampur Chandiana,NA,NA
Aligarh,Bijoili,Kasimpura Khushipara,NA,NA
Aligarh,Bijoili,Pidhaolmahmudpur,NA,NA
Aligarh,Bijoili,Nagalia Jahar,NA,NA
Aligarh,Bijoili,Kakrali,NA,NA
Aligarh,Bijoili,Dadu,NA,NA
Aligarh,Bijoili,Hussainpur Shahzadpur,NA,NA
Aligarh,Bijoili,Sindhouli Khurd,NA,NA
Aligarh,Bijoili,Sekhupur Satkana,NA,NA
Aligarh,Bijoili,Bheekappur,NA,NA
Aligarh,Bijoili,Ata,NA,NA
Aligarh,Bijoili,Bijoili,NA,NA
Aligarh,Bijoili,Banupura,NA,NA
Aligarh,Bijoili,Rasaini,NA,NA
Aligarh,Bijoili,Chaugwan,NA,NA
Aligarh,Bijoili,Sirsa,NA,NA
Aligarh,Bijoili,LahraSalempur,NA,NA
Aligarh,Bijoili,Singhanifridpur,NA,NA
Aligarh,Bijoili,Bhamori Khurd,NA,NA
Aligarh,Bijoili,Haibatpur Kotra,NA,NA
Aligarh,Bijoili,Mujaffra,NA,NA
Aligarh,Bijoili,Ramnagar,NA,NA
Aligarh,Tappal,Prempur,NA,NA
Aligarh,Tappal,Balanpur,NA,NA
Aligarh,Tappal,Bulaki Pur,NA,NA
Aligarh,Tappal,Itwarpur,NA,NA
Aligarh,Tappal,Jalalpur,NA,NA
Aligarh,Tappal,Chhajjupur,NA,NA
Aligarh,Tappal,Vichipuri,NA,NA
Aligarh,Tappal,Khedia Bujurg,NA,NA
Aligarh,Tappal,Shadipur,NA,NA
Aligarh,Tappal,Lalgarhi,NA,NA
Aligarh,Tappal,Bhojaka,NA,NA
Aligarh,Tappal,Basera,NA,NA
Aligarh,Tappal,damuanka,NA,NA
Aligarh,Tappal,Nagariya Bijna,NA,NA
Aligarh,Tappal,Karah Kadilapur,NA,NA
Aligarh,Tappal,Palsera,NA,NA
Aligarh,Tappal,Atari,NA,NA
Aligarh,Tappal,Budhaka,NA,NA
Aligarh,Tappal,Maur,NA,NA
Aligarh,Tappal,Baina,NA,NA
Aligarh,Tappal,Manpur,NA,NA
Aligarh,Tappal,Rasulpur,NA,NA
Aligarh,Tappal,Takiipur,NA,NA
Aligarh,Tappal,Bairamganj,NA,NA
Aligarh,Tappal,Bharatpur,NA,NA
Aligarh,Tappal,Madak,NA,NA
Aligarh,Tappal,Jartoli,NA,NA
Aligarh,Tappal,Shahanagar Sauroula,NA,NA
Aligarh,Tappal,Hajiyapur,NA,NA
Aligarh,Tappal,Nagariya Gauraula,NA,NA
Aligarh,Tappal,Dewuaka,NA,NA
Aligarh,Tappal,Gauraula,NA,NA
Aligarh,Tappal,Faujuaka,NA,NA
Aligarh,Tappal,Bajidpur,NA,NA
Aligarh,Tappal,Simarauthi,NA,NA
Aligarh,Tappal,Nagal Khurd,NA,NA
Aligarh,Tappal,Nagalkalan,NA,NA
Aligarh,Tappal,Niguna Siguna,NA,NA
Aligarh,Tappal,UsarHarsoolPur,NA,NA
Aligarh,Tappal,Garhi Soorajmal,NA,NA
Aligarh,Tappal,Bajauta,NA,NA
Aligarh,Tappal,Khandeha,NA,NA
Aligarh,Tappal,Salpur,NA,NA
Aligarh,Tappal,Kilpur,NA,NA
Aligarh,Tappal,Karanpur,NA,NA
Aligarh,Tappal,Khedia Khurd,NA,NA
Aligarh,Tappal,Naglia Jadana,NA,NA
Aligarh,Tappal,Malav,NA,NA
Aligarh,Tappal,Narwari,NA,NA
Aligarh,Tappal,Utvara,NA,NA
Aligarh,Tappal,Palar,NA,NA
Aligarh,Tappal,Ghaghouli,NA,NA
Aligarh,Tappal,Jaidpura,NA,NA
Aligarh,Tappal,Pakhodna,NA,NA
Aligarh,Tappal,Untasani,NA,NA
Aligarh,Tappal,Adampur,NA,NA
Aligarh,Tappal,Gharbara,NA,NA
Aligarh,Tappal,Jahanagarh,NA,NA
Aligarh,Tappal,Syarol,NA,NA
Aligarh,Tappal,Hamid Pur,NA,NA
Aligarh,Tappal,Tappal,NA,NA
Aligarh,Tappal,Hetalpur,NA,NA
Aligarh,Tappal,Kurana,NA,NA
Aligarh,Tappal,Taharpur,NA,NA
Aligarh,Tappal,Jikarpur,NA,NA
Aligarh,Tappal,Hasanpur Jaroliya,NA,NA
Aligarh,Tappal,Kansera,NA,NA
Aligarh,Gonda,Ajahari,NA,NA
Aligarh,Gonda,Kaithal,NA,NA
Aligarh,Gonda,Gahlau,NA,NA
Aligarh,Gonda,Jagner,NA,NA
Aligarh,Gonda,Rafiyarpur,NA,NA
Aligarh,Gonda,Gidaura,NA,NA
Aligarh,Gonda,Chuharpur Kinwasa,NA,NA
Aligarh,Gonda,Digsari,NA,NA
Aligarh,Gonda,Talesra,NA,NA
Aligarh,Gonda,Majupur Suvakra,NA,NA
Aligarh,Gonda,Iktajpur,NA,NA
Aligarh,Gonda,Rudayan alias Tarapur,NA,NA
Aligarh,Gonda,Alipura,NA,NA
Aligarh,Gonda,Chhaichhu,NA,NA
Aligarh,Gonda,Zahrauli,NA,NA
Aligarh,Gonda,Haraotha,NA,NA
Aligarh,Gonda,Tamотяa,NA,NA
Aligarh,Gonda,Shyamgarhi,NA,NA
Aligarh,Gonda,Surja Karauli,NA,NA
Aligarh,Gonda,Amarpurdhana,NA,NA
Aligarh,Gonda,Basavli,NA,NA
Aligarh,Gonda,Nagla Virkhu,NA,NA
Aligarh,Gonda,Chhoti Ballabh,NA,NA
Aligarh,Gonda,Uttampur,NA,NA
Aligarh,Gonda,Paidapur,NA,NA
Aligarh,Gonda,Jawal,NA,NA
Aligarh,Gonda,Dhaantoli,NA,NA
Aligarh,Gonda,Gaun da,NA,NA
Aligarh,Gonda,0 Mansujan,NA,NA
Aligarh,Gonda,0 Key,NA,NA
Aligarh,Gonda,Manatee,NA,NA
Aligarh,Gonda,Basai,NA,NA
Aligarh,Gonda,Baksxaa Gitoaura,NA,NA
Aligarh,Gonda,Data Jalalpur,NA,NA
Aligarh,Gonda,Shahpur Thathoi,NA,NA
Aligarh,Gonda,Maujipur,NA,NA
Aligarh,Gonda,Khirasuli,NA,NA
Aligarh,Gonda,Lakhtoi,NA,NA
Aligarh,Gonda,Bhainya,NA,NA
Aligarh,Gonda,No. Balram,NA,NA
Aligarh,Gonda,Kalua Bailouth,NA,NA
Aligarh,Gonda,Ladhauli,NA,NA
Aligarh,Gonda,Salempur,NA,NA
Aligarh,Gonda,Sewanpur,NA,NA
Aligarh,Gonda,Kuwra,NA,NA
Aligarh,Gonda,Jamou,NA,NA
Aligarh,Gonda,Mahdaura,NA,NA
Aligarh,Gonda,Gorai,NA,NA
Aligarh,Gangori,Boyikla,NA,NA
Aligarh,Gangori,Boi Khurd,NA,NA
Aligarh,Gangori,Jajathal,NA,NA
Aligarh,Gangori,Galibpur,NA,NA
Aligarh,Gangori,Bahadurpur Rahchoi,NA,NA
Aligarh,Gangori,Rookhala,NA,NA
Aligarh,Gangori,Dhansari,NA,NA
Aligarh,Gangori,Bhaunai,NA,NA
Aligarh,Gangori,Gangeeri,NA,NA
Aligarh,Gangori,Malsai,NA,NA
Aligarh,Gangori,Majhola,NA,NA
Aligarh,Gangori,Hidramai,NA,NA
Aligarh,Gangori,Hussainpur Deh Mafi,NA,NA
Aligarh,Gangori,Barla,NA,NA
Aligarh,Gangori,Alam Pur Rani,NA,NA
Aligarh,Gangori,Rahmapur,NA,NA
Aligarh,Gangori,Piploi,NA,NA
Aligarh,Gangori,Sonehra,NA,NA
Aligarh,Gangori,Tikta,NA,NA
Aligarh,Gangori,Madapur,NA,NA
Aligarh,Gangori,Tikri,NA,NA
Aligarh,Gangori,Aranni,NA,NA
Aligarh,Gangori,Rajmau,NA,NA
Aligarh,Gangori,Kaser,NA,NA
Aligarh,Gangori,Shahjahanabad,NA,NA
Aligarh,Gangori,Shahjahanpur Baijna,NA,NA
Aligarh,Gangori,Maooour Bahadurpur,NA,NA
Aligarh,Gangori,Chitkura,NA,NA
Aligarh,Gangori,Ninami Ojipur,NA,NA
Aligarh,Gangori,Sidhauli Kala,NA,NA
Aligarh,Gangori,Barauli,NA,NA
Aligarh,Gangori,Salganwa,NA,NA
Aligarh,Gangori,Chhara Rafatpur,NA,NA
Aligarh,Gangori,Bhamori Bujurg,NA,NA
Aligarh,Gangori,Tandoli,NA,NA
Aligarh,Gangori,Siroli,NA,NA
Aligarh,Gangori,Habibpur,NA,NA
Aligarh,Gangori,Sunpahar,NA,NA
Aligarh,Gangori,Bilona Chitrasi,NA,NA
Aligarh,Gangori,Hasanpur,NA,NA
Aligarh,Gangori,Shadipur Kamaroua,NA,NA
Aligarh,Gangori,Kanouvi,NA,NA
Aligarh,Gangori,Sikharna,NA,NA
Aligarh,Gangori,Chabilpur,NA,NA
Aligarh,Gangori,Puraini ismailpur,NA,NA
Aligarh,Gangori,Satarāpur,NA,NA
Aligarh,Gangori,Sinhavli,NA,NA
Aligarh,Gangori,Utra,NA,NA
Aligarh,Gangori,Bhudiyarampur,NA,NA
Aligarh,Gangori,Jiroli,NA,NA
Aligarh,Gangori,Painra Nawabpur,NA,NA
Aligarh,Gangori,Kasimpur,NA,NA
Aligarh,Gangori,NAWEEPUR,NA,NA
Aligarh,Gangori,Bauni,NA,NA
Aligarh,Gangori,Kakabagpur,NA,NA
Aligarh,Gangori,Visora,NA,NA
Aligarh,Gangori,Alam Pur Fatehpur,NA,NA
Aligarh,Gangori,Nah,NA,NA
Aligarh,Gangori,Abhayapur Bahlolpur,NA,NA
Aligarh,Gangori,Bajidpur,NA,NA
Aligarh,Gangori,Ajwain Dher,NA,NA
Aligarh,Gangori,Paraora,NA,NA
Aligarh,Gangori,Bhai,NA,NA
Aligarh,Gangori,Datawali,NA,NA
Aligarh,Gangori,Alahdadpur,NA,NA
Aligarh,Gangori,Pahaadipur,NA,NA
Aligarh,Gangori,Khersa,NA,NA
Aligarh,Gangori,Nausha,NA,NA
Aligarh,Gangori,Fushawli,NA,NA
Aligarh,Khair,Jarara,NA,NA
Aligarh,Khair,Bajheda,NA,NA
Aligarh,Khair,Pipalgaun,NA,NA
Aligarh,Khair,Rasulpur,NA,NA
Aligarh,Khair,Lohagadh,NA,NA
Aligarh,Khair,Bhamraula,NA,NA
Aligarh,Khair,Ainchana,NA,NA
Aligarh,Khair,Utvara,NA,NA
Aligarh,Khair,Fatehgadi,NA,NA
Aligarh,Khair,Aharauli,NA,NA
Aligarh,Khair,Edalpur,NA,NA
Aligarh,Khair,Khedasattu,NA,NA
Aligarh,Khair,Sajana,NA,NA
Aligarh,Khair,Sabhapur,NA,NA
Aligarh,Khair,Korah Rustampur,NA,NA
Aligarh,Khair,Pala Sallu,NA,NA
Aligarh,Khair,Chaumuha,NA,NA
Aligarh,Khair,Virmpur,NA,NA
Aligarh,Khair,Sujapur,NA,NA
Aligarh,Khair,Raet,NA,NA
Aligarh,Khair,Shivala,NA,NA
Aligarh,Khair,Mathnaa,NA,NA
Aligarh,Khair,Madanpur,NA,NA
Aligarh,Khair,Dhumra,NA,NA
Aligarh,Khair,Gadhi Shyoram,NA,NA
Aligarh,Khair,Palachod,NA,NA
Aligarh,Khair,Usram,NA,NA
Aligarh,Khair,Aranni,NA,NA
Aligarh,Khair,Bajidpur,NA,NA
Aligarh,Khair,Nayaela,NA,NA
Aligarh,Khair,Bamni,NA,NA
Aligarh,Khair,Bhogpur,NA,NA
Aligarh,Khair,Andla,NA,NA
Aligarh,Khair,Arrana,NA,NA
Aligarh,Khair,Magola,NA,NA
Aligarh,Khair,Chaudhana,NA,NA
Aligarh,Khair,Gaudoli,NA,NA
Aligarh,Khair,Baliyapur,NA,NA
Aligarh,Khair,Bhanauli,NA,NA
Aligarh,Khair,Akrawat,NA,NA
Aligarh,Khair,Nandpurpalan,NA,NA
Aligarh,Khair,Naharaula,NA,NA
Aligarh,Khair,Ismailpur,NA,NA
Aligarh,Khair,Viharinpur,NA,NA
Aligarh,Khair,Kheda,NA,NA
Aligarh,Khair,Sofa,NA,NA
Aligarh,Khair,Narayanpur,NA,NA
Aligarh,Khair,Mauhasanpur,NA,NA
Aligarh,Khair,Raj Pur,NA,NA
Aligarh,Khair,Sujanpur,NA,NA
Aligarh,Khair,Mahagura,NA,NA
Aligarh,Khair,Mirpur Dahonda,NA,NA
Aligarh,Khair,Diwahmeedfpur,NA,NA
Aligarh,Khair,Marhahbibpur,NA,NA
Aligarh,Khair,Chiti,NA,NA
Aligarh,Khair,Laxmangadhi,NA,NA
Aligarh,Khair,Kiratpur,NA,NA
Aligarh,Khair,Udaygarhi,NA,NA
Aligarh,Khair,Resri,NA,NA
Aligarh,Khair,Mau,NA,NA
Aligarh,Khair,Gommat,NA,NA
Aligarh,Khair,Manpur Khurd,NA,NA
Aligarh,Khair,Bilkhaura,NA,NA
Aligarh,Khair,Chaman Nangaria,NA,NA
Aligarh,Khair,Nayal,NA,NA
Aligarh,Khair,Birola,NA,NA
Aligarh,Khair,Naugola,NA,NA
Aligarh,Khair,Kasiso,NA,NA
Aligarh,Iglas,Kajrauth,NA,NA
Aligarh,Iglas,Bharatpur,NA,NA
Aligarh,Iglas,Lalpur,NA,NA
Aligarh,Iglas,Simardhari,NA,NA
Aligarh,Iglas,Vyohra,NA,NA
Aligarh,Iglas,Khedia Gurudev,NA,NA
Aligarh,Iglas,Sitapur,NA,NA
Aligarh,Iglas,Karas,NA,NA
Aligarh,Iglas,Raipur Imilia,NA,NA
Aligarh,Iglas,Sikurra,NA,NA
Aligarh,Iglas,Bailoth,NA,NA
Aligarh,Iglas,Naugwan,NA,NA
Aligarh,Iglas,Harrampur,NA,NA
Aligarh,Iglas,Tehrah,NA,NA
Aligarh,Iglas,Agorna,NA,NA
Aligarh,Iglas,N 0 Ahiwasi,NA,NA
Aligarh,Iglas,Vyaunhi,NA,NA
Aligarh,Iglas,Bhatoi,NA,NA
Aligarh,Iglas,Sikandarpur,NA,NA
Aligarh,Iglas,Mauhraini,NA,NA
Aligarh,Iglas,Manojpur,NA,NA
Aligarh,Iglas,Taharpur,NA,NA
Aligarh,Iglas,Padileel,NA,NA
Aligarh,Iglas,N 0 Chura,NA,NA
Aligarh,Iglas,Sahara Khurd,NA,NA
Aligarh,Iglas,Sahara Kalan,NA,NA
Aligarh,Iglas,Haiwatpur,NA,NA
Aligarh,Iglas,Rustampur Khojanpur,NA,NA
Aligarh,Iglas,Mahua,NA,NA
Aligarh,Iglas,BichoaulLaa,NA,NA
Aligarh,Iglas,Barauth,NA,NA
Aligarh,Iglas,Vidirka,NA,NA
Aligarh,Iglas,Hastpur Chandrfari,NA,NA
Aligarh,Iglas,Gurusena,NA,NA
Aligarh,Iglas,Bhaura Gaurwa,NA,NA
Aligarh,Iglas,Jaithauli,NA,NA
Aligarh,Iglas,Pisawa,NA,NA
Aligarh,Iglas,Arnia Khwaja Raju,NA,NA
Aligarh,Iglas,Bisaauli,NA,NA
Aligarh,Iglas,Matroi,NA,NA
Aligarh,Iglas,Bhilpur,NA,NA
Aligarh,Iglas,Kaimawali,NA,NA
Aligarh,Iglas,Vishnupur,NA,NA
Aligarh,Iglas,Balrampur Karthla,NA,NA
Aligarh,Iglas,Tikapur,NA,NA
Aligarh,Iglas,Kodali,NA,NA
Aligarh,Iglas,Maukampur,NA,NA
Aligarh,Iglas,Satlauni Kalon,NA,NA
Aligarh,Iglas,Sataloni Khurd,NA,NA
Aligarh,Iglas,Gaonthi Gram,NA,NA
Aligarh,Iglas,Subhash Gram,NA,NA
Aligarh,Iglas,Jawar,NA,NA
Aligarh,Iglas,Naya,NA,NA
Aligarh,Iglas,Mankarol,NA,NA
Aligarh,Iglas,Naya Baans,NA,NA
Aligarh,Iglas,Sathini,NA,NA
Aligarh,Iglas,Turi,NA,NA
Aligarh,Iglas,Asroi,NA,NA
Aligarh,Iglas,Badhakala,NA,NA
Aligarh,Iglas,Manipur,NA,NA
Aligarh,Dhanipur,Karai,NA,NA
Aligarh,Dhanipur,Khitkari,NA,NA
Aligarh,Dhanipur,Bhatola,NA,NA
Aligarh,Dhanipur,Shahjahanpur Tajpur,NA,NA
Aligarh,Dhanipur,Bahrampur,NA,NA
Aligarh,Dhanipur,Edalpur,NA,NA
Aligarh,Dhanipur,Kalyanpur,NA,NA
Aligarh,Dhanipur,Jalupur Sihtaur,NA,NA
Aligarh,Dhanipur,Balu Kheda,NA,NA
Aligarh,Dhanipur,Rohina Singhpur,NA,NA
Aligarh,Dhanipur,Budhansi,NA,NA
Aligarh,Dhanipur,Silla Visavanpur,NA,NA
Aligarh,Dhanipur,Barandi,NA,NA
Aligarh,Dhanipur,Rasuipur,NA,NA
Aligarh,Dhanipur,Chhidavali,NA,NA
Aligarh,Dhanipur,Shahpur,NA,NA
Aligarh,Dhanipur,Morahal,NA,NA
Aligarh,Dhanipur,Naya Vans Narendragadhi,NA,NA
Aligarh,Dhanipur,Harduaganj Dehat,NA,NA
Aligarh,Dhanipur,Ajmabad Machhua,NA,NA
Aligarh,Dhanipur,Guru Sikaran,NA,NA
Muzzafarnagar,Jansath,Rahdwa,2010,Jansath
Aligarh,Dhanipur,Changeri,NA,NA
Aligarh,Dhanipur,Khanalampur,NA,NA
Aligarh,Dhanipur,Imalani,NA,NA
Aligarh,Dhanipur,Barkatpur,NA,NA
Aligarh,Dhanipur,May,NA,NA
Aligarh,Dhanipur,Sikandarpur Machhua,NA,NA
Aligarh,Dhanipur,Sarmaspur Machhua,NA,NA
Aligarh,Dhanipur,Nidhaula,NA,NA
Aligarh,Dhanipur,Bhaankaree Ahivaasee,NA,NA
Aligarh,Dhanipur,Sonot Gokulpur,NA,NA
Aligarh,Dhanipur,Dihauli,NA,NA
Aligarh,Dhanipur,Shahabazpur,NA,NA
Aligarh,Dhanipur,Adoun,NA,NA
Aligarh,Dhanipur,Palirajpur,NA,NA
Aligarh,Dhanipur,Kesho-Pur Gadrana,NA,NA
Aligarh,Dhanipur,Bharatua,NA,NA
Aligarh,Dhanipur,Alipur,NA,NA
Aligarh,Dhanipur,Alahdadpur,NA,NA
Aligarh,Dhanipur,Eekri,NA,NA
Aligarh,Dhanipur,Ukawli,NA,NA
Aligarh,Dhanipur,Bhawan Kheda,NA,NA
Aligarh,Dhanipur,Bhojpur,NA,NA
Aligarh,Dhanipur,Mahmudpur Jamalpur,NA,NA
Aligarh,Dhanipur,Paneithi,NA,NA
Aligarh,Dhanipur,Kochhod,NA,NA
Aligarh,Dhanipur,Ghasipur,NA,NA
Aligarh,Dhanipur,Musepur Jalal,NA,NA
Aligarh,Dhanipur,Hajiipur Fateh Khan,NA,NA
Aligarh,Dhanipur,Inshanpur,NA,NA
Aligarh,Dhanipur,Ukhlana,NA,NA
Aligarh,Dhanipur,Kalai,NA,NA
Aligarh,Dhanipur,Mirpur,NA,NA
Aligarh,Dhanipur,Kheda Bujurg,NA,NA
Aligarh,Dhanipur,Kheda Khurd,NA,NA
Aligarh,Dhanipur,Gwalra,NA,NA
Aligarh,Dhanipur,Bhawanagarhi,NA,NA
Aligarh,Dhanipur,Dhanipur,NA,NA
Aligarh,Dhanipur,Sindhauli,NA,NA
Aligarh,Dhanipur,Asadpur Kaam,NA,NA
Muzzafarnagar,Jansath,Nangla Khepded,2010,Jansath
Aligarh,Dhanipur,Bauner,NA,NA
Aligarh,Dhanipur,Balrampur,NA,NA
Aligarh,Dhanipur,Ali Nagar,NA,NA
Aligarh,Dhanipur,Pikhlauni,NA,NA
Aligarh,Dhanipur,Nijawatpur Borna,NA,NA
Aligarh,Dhanipur,Dhirdharpur Gadiawali,NA,NA
Aligarh,Dhanipur,Kamalpur,NA,NA
Aligarh,Ataroli,Jiroli Dhoom Singh,NA,NA
Aligarh,Ataroli,RaipurDalpatpur,NA,NA
Aligarh,Ataroli,Lohgarh,NA,NA
Aligarh,Ataroli,BhejPur,NA,NA
Aligarh,Ataroli,Nawaari,NA,NA
Aligarh,Ataroli,Harvanshpur,NA,NA
Aligarh,Ataroli,Kirathla,NA,NA
Aligarh,Ataroli,Ganeshpur Govindpur,NA,NA
Aligarh,Ataroli,Chaupur Hauz,NA,NA
Aligarh,Ataroli,Birner,NA,NA
Aligarh,Ataroli,Mohsanpur,NA,NA
Aligarh,Ataroli,Gijaroli,NA,NA
Aligarh,Ataroli,Kuvarpur,NA,NA
Aligarh,Ataroli,Madhupur,NA,NA
Aligarh,Ataroli,Khedia Ta 0 Lohgarh,NA,NA
Aligarh,Ataroli,Nahal,NA,NA
Aligarh,Ataroli,Bai Mvirpur,NA,NA
Aligarh,Ataroli,Chakthal,NA,NA
Aligarh,Ataroli,Nagla Harji,NA,NA
Aligarh,Ataroli,Khedia Rafatpur,NA,NA
Aligarh,Ataroli,Jamanpur,NA,NA
Aligarh,Ataroli,Khediya Bahadurgarhi,NA,NA
Aligarh,Ataroli,Chaumuhan,NA,NA
Aligarh,Ataroli,Mirgadi,NA,NA
Aligarh,Ataroli,Chaputa,NA,NA
Aligarh,Ataroli,Tehrah,NA,NA
Aligarh,Ataroli,Kadauli,NA,NA
Aligarh,Ataroli,Gaonkhera,NA,NA
Aligarh,Ataroli,Haibatpur,NA,NA
Aligarh,Ataroli,Jamalgarhi,NA,NA
Aligarh,Ataroli,Bahrawad,NA,NA
Muzzafarnagar,Jansath,Chitodia,2010,Jansath
Aligarh,Ataroli,Aureni Dalpatpur,NA,NA
Aligarh,Ataroli,Mahgawa,NA,NA
Aligarh,Ataroli,Rajatahun Seu Pur,NA,NA
Aligarh,Ataroli,Khanpur Khitoli,NA,NA
Aligarh,Ataroli,Nath Pur,NA,NA
Aligarh,Ataroli,Kanakpur,NA,NA
Aligarh,Ataroli,Dhurpeimnagar,NA,NA
Aligarh,Ataroli,Kunjalpur,NA,NA
Aligarh,Ataroli,Panhahra,NA,NA
Aligarh,Ataroli,Dadar Alupura,NA,NA
Aligarh,Ataroli,Ghatoli Nirmal,NA,NA
Aligarh,Ataroli,Salarpur,NA,NA
Aligarh,Ataroli,Kheda Kaliyanpur,NA,NA
Aligarh,Ataroli,Badhauli,NA,NA
Aligarh,Ataroli,Jakheira,NA,NA
Aligarh,Ataroli,Jamuna,NA,NA
Aligarh,Ataroli,Kasimpur Gadaiipur,NA,NA
Aligarh,Ataroli,Alampur Kayasthaan,NA,NA
Aligarh,Ataroli,Raipur Mujfa,NA,NA
Aligarh,Ataroli,Usmanpur,NA,NA
Aligarh,Ataroli,Kazimabad,NA,NA
Aligarh,Ataroli,Vidhipur,NA,NA
Aligarh,Ataroli,Suratgarh,NA,NA
Aligarh,Ataroli,Kakethal,NA,NA
Aligarh,Ataroli,Sheikhupur,NA,NA
Aligarh,Ataroli,Panihara Abdullahpur,NA,NA
Aligarh,Ataroli,Pilukhni,NA,NA
Aligarh,Ataroli,Chalakpur,NA,NA
Aligarh,Ataroli,Simathla,NA,NA
Aligarh,Ataroli,Sahnaul,NA,NA
Aligarh,Ataroli,Rajmargpu,NA,NA
Aligarh,Ataroli,Izzatpur,NA,NA
Aligarh,Ataroli,Kalyanpur Rani,NA,NA
Aligarh,Ataroli,Korh Raghupura,NA,NA
Aligarh,Ataroli,Ghazipur,NA,NA
Aligarh,Ataroli,Ganiyavali,NA,NA
Aligarh,Ataroli,Paindra,NA,NA
Aligarh,Ataroli,Fazalpur,NA,NA
Aligarh,Ataroli,Bahadurpur,NA,NA
Aligarh,Ataroli,Ahmadpura,NA,NA
Aligarh,Ataroli,Gowali,NA,NA
Aligarh,Ataroli,Chandoula Sujanpur,NA,NA
Aligarh,Ataroli,Chaidauli bujurg,NA,NA
Aligarh,Ataroli,jujarka,NA,NA
Aligarh,Ataroli,Narona Akapur,NA,NA
Aligarh,Ataroli,Bhavigarh,NA,NA
Aligarh,Ataroli,Surajpur,NA,NA
Muzzafarnagar,Jansath,Bhumma,2010,Jansath
Muzzafarnagar,Jansath,Bahaadurpur,2010,Jansath
Muzzafarnagar,Jansath,Jadwad,2010,Jansath
Aligarh,Akrabad,Akrabad,NA,NA
Aligarh,Akrabad,Kiratpur,NA,NA
Aligarh,Akrabad,Jirauli Hira Singh,NA,NA
Aligarh,Akrabad,Nanao,NA,NA
Aligarh,Akrabad,Sikandarpur,NA,NA
Aligarh,Akrabad,Rajipur,NA,NA
Aligarh,Akrabad,Dhaurin,NA,NA
Aligarh,Akrabad,Shahgarh,NA,NA
Aligarh,Akrabad,Kasimpur,NA,NA
Aligarh,Akrabad,Kutubpur - Amarpur,NA,NA
Aligarh,Akrabad,Raipur - Manipur,NA,NA
Aligarh,Akrabad,Untasani,NA,NA
Aligarh,Akrabad,Nagariya Patti Chaharam,NA,NA
Muzzafarnagar,Jansath,Sabhlheda,2010,Jansath
Aligarh,Akrabad,Amamadapur,NA,NA
Aligarh,Akrabad,Dhora,NA,NA
Aligarh,Akrabad,Shankaragarh,NA,NA
Aligarh,Akrabad,Manai,NA,NA
Aligarh,Akrabad,Dhaunoli - Chinauli,NA,NA
Aligarh,Akrabad,Bhilawali,NA,NA
Aligarh,Akrabad,Tehrah,NA,NA
Aligarh,Akrabad,Hasouna Jagmohanpur,NA,NA
Aligarh,Akrabad,Dabhaura,NA,NA
Aligarh,Akrabad,Bhilet Ramnagar,NA,NA
Aligarh,Akrabad,Bhadrai,NA,NA
Aligarh,Akrabad,Dabha,NA,NA
Aligarh,Akrabad,Karahla,NA,NA
Aligarh,Akrabad,Dabhi,NA,NA
Aligarh,Akrabad,Chandpur Mirza,NA,NA
Aligarh,Akrabad,Dariapur,NA,NA
Aligarh,Akrabad,Bahadurpur,NA,NA
Aligarh,Akrabad,Katra Maloi,NA,NA
Aligarh,Akrabad,Nagla Kesia,NA,NA
Aligarh,Akrabad,Vijaygarh Dehat,NA,NA
Aligarh,Akrabad,Gangarol,NA,NA
Aligarh,Akrabad,Barahd,NA,NA
Aligarh,Akrabad,Barakala,NA,NA
Aligarh,Akrabad,Narrau,NA,NA
Aligarh,Akrabad,Suhawali,NA,NA
Aligarh,Akrabad,Chitarauli,NA,NA
Aligarh,Akrabad,Nagla Sartaj,NA,NA
Aligarh,Akrabad,bijalpur,NA,NA
Aligarh,Akrabad,Bistauli,NA,NA
Aligarh,Akrabad,Kathaira,NA,NA
Aligarh,Akrabad,Badhiyar,NA,NA
Aligarh,Akrabad,Bhatoli,NA,NA
Aligarh,Akrabad,Khandwar,NA,NA
Aligarh,Akrabad,Parauri,NA,NA
Aligarh,Akrabad,Nagla Bari,NA,NA
Aligarh,Akrabad,Gaolara,NA,NA
Aligarh,Akrabad,Aleampur,NA,NA
Aligarh,Akrabad,Khurrampur,NA,NA
Muzzafarnagar,Jansath,Rasulpur Garhi,2010,Jansath
Aligarh,Akrabad,Gopi,NA,NA
Aligarh,Akrabad,Mundanpur,NA,NA
Aligarh,Akrabad,Bhinauli,NA,NA
Aligarh,Akrabad,Ladhua,NA,NA
Aligarh,Akrabad,Bhimpur Haripur,NA,NA
Aligarh,Akrabad,Kanakpur,NA,NA
Aligarh,Jawan,Amarauli,NA,NA
Aligarh,Jawan,Ahak,NA,NA
Aligarh,Jawan,Imlauth,NA,NA
Aligarh,Jawan,Aharoli,NA,NA
Aligarh,Jawan,Auriha,NA,NA
Aligarh,Jawan,Kanaura,NA,NA
Aligarh,Jawan,Kaliyanpur,NA,NA
Aligarh,Jawan,Kazimpur,NA,NA
Aligarh,Jawan,Kastali Vaishya,NA,NA
Aligarh,Jawan,Qasimpur Dehat,NA,NA
Aligarh,Jawan,Kidhara,NA,NA
Aligarh,Jawan,KhurdKheda,NA,NA
Aligarh,Jawan,Gokulpur Piplauth,NA,NA
Aligarh,Jawan,Godha,NA,NA
Aligarh,Jawan,Gopalpur,NA,NA
Aligarh,Jawan,Gowari,NA,NA
Aligarh,Jawan,Chaupur,NA,NA
Aligarh,Jawan,Chalesar,NA,NA
Aligarh,Jawan,Chherat Sudhiyal,NA,NA
Aligarh,Jawan,Jatpura,NA,NA
Aligarh,Jawan,Jamalpursiya,NA,NA
Muzzafarnagar,Jansath,Muheda Sadaat,2010,Jansath
Aligarh,Jawan,Jawaan Wajidpur,NA,NA
Aligarh,Jawan,Jawan Sikanderpur,NA,NA
Aligarh,Jawan,Jarauthi,NA,NA
Aligarh,Jawan,Tamakauli,NA,NA
Aligarh,Jawan,Dhekura,NA,NA
Aligarh,Jawan,Takiipur,NA,NA
Aligarh,Jawan,Talivanagar,NA,NA
Aligarh,Jawan,Taleipur,NA,NA
Aligarh,Jawan,Tejpur,NA,NA
Aligarh,Jawan,Davtala,NA,NA
Aligarh,Jawan,Daoopar,NA,NA
Aligarh,Jawan,Daoopor Kota,NA,NA
Aligarh,Jawan,Dhorramafi,NA,NA
Aligarh,Jawan,Naugola,NA,NA
Aligarh,Jawan,Paraki,NA,NA
Aligarh,Jawan,Pala Ma 0 Kasali,NA,NA
Aligarh,Jawan,Pilauna,NA,NA
Aligarh,Jawan,Pothi,NA,NA
Aligarh,Jawan,Pokhargadhi,NA,NA
Aligarh,Jawan,Pauhina,NA,NA
Aligarh,Jawan,Faridpur,NA,NA
Aligarh,Jawan,Varheti,NA,NA
Aligarh,Jawan,Baraula,NA,NA
Aligarh,Jawan,Barauli,NA,NA
Aligarh,Jawan,Bahrampur,NA,NA
Aligarh,Jawan,Virpur Chhavilagadhi,NA,NA
Aligarh,Jawan,Bhimgadhi,NA,NA
Aligarh,Jawan,Bhojpur Garhia,NA,NA
Aligarh,Jawan,Malikpura,NA,NA
Aligarh,Jawan,Mujaffra,NA,NA
Aligarh,Jawan,Memdi,NA,NA
Aligarh,Jawan,Manjoorgadhi,NA,NA
Aligarh,Jawan,Rathgawa,NA,NA
Aligarh,Jawan,Rafipursia,NA,NA
Aligarh,Jawan,Ramgarh Panjipur,NA,NA
Aligarh,Jawan,Rampur,NA,NA
Aligarh,Jawan,Raipur Delhi,NA,NA
Aligarh,Jawan,Lahtoi,NA,NA
Aligarh,Jawan,Saperabhanpur,NA,NA
Aligarh,Jawan,Salempur,NA,NA
Aligarh,Jawan,Sarmastpurkota,NA,NA
Aligarh,Jawan,Satha,NA,NA
Aligarh,Jawan,Sikandarpur Kota,NA,NA
Aligarh,Jawan,Sikandarapur Chherat,NA,NA
Aligarh,Jawan,Sikharna,NA,NA
Aligarh,Jawan,Siakhas,NA,NA
Aligarh,Jawan,Sunana,NA,NA
Aligarh,Jawan,Sumerpur,NA,NA
Aligarh,Jawan,Sumra Dariyapur,NA,NA
Aligarh,Jawan,Surajpur,NA,NA
Aligarh,Jawan,Saugra,NA,NA
Aligarh,Jawan,Haiwatpursiya,NA,NA
Muzzafarnagar,Jansath,Ramraj Urf-Samana,2010,Jansath
Muzzafarnagar,Jansath,Bhalaidee,2010,Jansath
Hathras,Sasni,Gauhana,1923,Sasni
Hathras,Sasni,Gopalpur,1923,Sasni
Hathras,Sasni,Soddalpur,1923,Sasni
Muzzafarnagar,Jansath,Mandod,2010,Jansath
Hathras,Sasni,Vidhaipur,1923,Sasni
Hathras,Sasni,Maumota Kala Khurd,1923,Sasni
Hathras,Sasni,Khitoli Kateliya,1923,Sasni
Muzzafarnagar,Jansath,Beheda Assa,2010,Jansath
Hathras,Sasni,Farauli,1923,Sasni
Hathras,Sasni,Alipur,1923,Sasni
Hathras,Sasni,Taur,1923,Sasni
Hathras,Sasni,Chauk,1923,Sasni
Muzzafarnagar,Jansath,Jeevanpuri,2010,Jansath
Hathras,Sasni,Dayanatpur,1923,Sasni
Hathras,Sasni,Hadouli,1923,Sasni
Hathras,Sasni,Jariya Gadakheda,1923,Sasni
Hathras,Sasni,Jarauli,1923,Sasni
Hathras,Sasni,Ooswa,1923,Sasni
Hathras,Sasni,Kaumari,1923,Sasni
Hathras,Sikandra Rao,Mahaamaai Salaavat Nagar,1925,Sikandrarao
Hathras,Sikandra Rao,Chaukra,1925,Sikandrarao
Hathras,Sikandra Rao,Mudda Naujapur,1925,Sikandrarao
Hathras,Mursan,Kheda Varamsi,1921,Mursan
Hathras,Mursan,Bhakrai No. 0 Bhoj,1921,Mursan
Hathras,Mursan,Ewarn Pur,1921,Mursan
Hathras,Mursan,Gadhitmana,1921,Mursan
Hathras,Mursan,Raik,1921,Mursan
Hathras,Mursan,Mahammadpur Jatan,1921,Mursan
Muzzafarnagar,Jansath,Turehdi,2010,Jansath
Hathras,Mursan,Visarat,1921,Mursan
Hathras,Mursan,Hathisa Bhagwantpur,1921,Mursan
Hathras,Mursan,Nahroi,1921,Mursan
Hathras,Mursan,Meetai,1921,Mursan
Hathras,Hasayan,Payanadapur,1919,Hasayan
Hathras,Hasayan,Naujarpur,1919,Hasayan
Hathras,Hasayan,Manaura,1919,Hasayan
Hathras,Hasayan,Jiraulikhurd,1919,Hasayan
Hathras,Sadabad,Vaidai,1922,Sadabad
Hathras,Sadabad,Badhaina,1922,Sadabad
Hathras,Sadabad,May,1922,Sadabad
Hathras,Sahpau,Kaunkna Kalan,1924,Sehpau
Hathras,Sahpau,Tharaura,1924,Sehpau
Muzzafarnagar,Budhana,Khizarpur Sultanpur,2008,Budhana
Hathras,Sahpau,Sederia,1924,Sehpau
Hathras,Sahpau,Sahapau Dehat,1924,Sehpau
Hathras,Sahpau,Isauda,1924,Sehpau
Mathura,Mathura,Usfar,NA,NA
Mathura,Mathura,Unchaga,NA,NA
Mathura,Mathura,Junsuti,NA,NA
Mathura,Mathura,N 0 Mana,NA,NA
Mathura,Mathura,Shahpur Chainppur,NA,NA
Mathura,Mathura,Shahpur Jatan,NA,NA
Mathura,Mathura,Hakimpur,NA,NA
Mathura,Mathura,Aduki,NA,NA
Mathura,Mathura,Aurangabad,NA,NA
Mathura,Mathura,Karnawal Wanger,NA,NA
Mathura,Mathura,Koyala Alipur,NA,NA
Mathura,Mathura,Tantura,NA,NA
Mathura,Mathura,Baburi,NA,NA
Mathura,Mathura,Baad,NA,NA
Mathura,Mathura,Damodarpur Urf Mai,NA,NA
Mathura,Mathura,Ladpur,NA,NA
Mathura,Mathura,Aatas Wanger,NA,NA
Mathura,Mathura,Chhateekara,NA,NA
Mathura,Mathura,Jait,NA,NA
Mathura,Mathura,Jonathan,NA,NA
Mathura,Mathura,Tehrah,NA,NA
Mathura,Mathura,Dhaurera,NA,NA
Mathura,Mathura,Rajpur Wangar,NA,NA
Mathura,Mathura,Sakraya Wanger,NA,NA
Mathura,Mathura,Sunarakh Wangar,NA,NA
Mathura,Mathura,Umri,NA,NA
Mathura,Mathura,Tarsi,NA,NA
Mathura,Mathura,Dhangaon,NA,NA
Mathura,Mathura,Bhaisa,NA,NA
Mathura,Mathura,Mudedi,NA,NA
Mathura,Mathura,Samaspur,NA,NA
Mathura,Mathura,Rampur,NA,NA
Mathura,Mathura,Nawada Masum Nagar,NA,NA
Mathura,Mathura,Narhuli,NA,NA
Mathura,Mathura,Naugam,NA,NA
Mathura,Mathura,Birjapur,NA,NA
Mathura,Mathura,PaliKheda,NA,NA
Mathura,Mathura,Maholi,NA,NA
Mathura,Mathura,Mukrandpur,NA,NA
Mathura,Mathura,Salempur,NA,NA
Mathura,Mathura,Arhera,NA,NA
Mathura,Mathura,Kota,NA,NA
Mathura,Mathura,Chhaura,NA,NA
Mathura,Mathura,Faichari,NA,NA
Mathura,Mathura,Waati,NA,NA
Mathura,Mathura,Maura,NA,NA
Mathura,Mathura,Bazana,NA,NA
Mathura,Mathura,Baraota,NA,NA
Mathura,Mathura,Bhadal,NA,NA
Mathura,Mathura,Ral,NA,NA
Mathura,Mathura,Konai,NA,NA
Mathura,Mathura,Julhandi,NA,NA
Mathura,Mathura,Magera,NA,NA
Mathura,Mathura,Tosh,NA,NA
Mathura,Mathura,Jikhangaaon,NA,NA
Mathura,Mathura,Basunti,NA,NA
Mathura,Mathura,Mukharai,NA,NA
Mathura,Mathura,Khamini,NA,NA
Mathura,Mathura,Ganeshra,NA,NA
Mathura,Mathura,Girdharpur,NA,NA
Mathura,Mathura,Jachounda,NA,NA
Mathura,Mathura,Datia,NA,NA
Mathura,Mathura,Nagla Kashi,NA,NA
Mathura,Mathura,Bakalpur,NA,NA
Mathura,Mathura,Satoha Asgarpur,NA,NA
Mathura,Goverdhan,Singh,NA,NA
Mathura,Goverdhan,Palson,NA,NA
Mathura,Goverdhan,Mahrauli,NA,NA
Mathura,Goverdhan,Janu,NA,NA
Mathura,Goverdhan,MudSers,NA,NA
Mathura,Goverdhan,Daulatpur,NA,NA
Mathura,Goverdhan,Devseras,NA,NA
Mathura,Goverdhan,Madaura,NA,NA
Mathura,Goverdhan,Malsarai,NA,NA
Mathura,Goverdhan,Gantholi,NA,NA
Mathura,Goverdhan,Jatipura,NA,NA
Mathura,Goverdhan,Anyor,NA,NA
Mathura,Goverdhan,Bhagos,NA,NA
Mathura,Goverdhan,Padal,NA,NA
Mathura,Goverdhan,Kujera,NA,NA
Mathura,Goverdhan,Nimgaon,NA,NA
Mathura,Goverdhan,Sakarwa,NA,NA
Mathura,Goverdhan,Sakitra,NA,NA
Mathura,Goverdhan,Pali Brahminan,NA,NA
Mathura,Goverdhan,Adeeng,NA,NA
Mathura,Goverdhan,Madhuri Kund,NA,NA
Mathura,Goverdhan,Saunsa,NA,NA
Mathura,Goverdhan,Bhawanpura,NA,NA
Mathura,Goverdhan,Mahammadpur,NA,NA
Mathura,Goverdhan,Paintha,NA,NA
Mathura,Goverdhan,Bachgaon,NA,NA
Mathura,Goverdhan,Sohnkh Dehat,NA,NA
Mathura,Goverdhan,Nainupatti,NA,NA
Mathura,Goverdhan,Ahmal,NA,NA
Mathura,Goverdhan,Vorpa,NA,NA
Mathura,Goverdhan,Singpatti,NA,NA
Mathura,Goverdhan,Malhu,NA,NA
Mathura,Goverdhan,Loriapatti,NA,NA
Mathura,Goverdhan,Lalpur,NA,NA
Mathura,Goverdhan,Son,NA,NA
Mathura,Goverdhan,Palidhungra,NA,NA
Mathura,Goverdhan,Fonder,NA,NA
Mathura,Goverdhan,Magorra,NA,NA
Muzzafarnagar,Budhana,Ukavli mahaljana,2008,Budhana
Mathura,Goverdhan,Kosi Khurd,NA,NA
Mathura,Goverdhan,Rasulpur,NA,NA
Mathura,Goverdhan,Pura,NA,NA
Mathura,Baldev,Htora,NA,NA
Mathura,Baldev,Sahabpur ( Shahpur ),NA,NA
Mathura,Baldev,Jagdishpur,NA,NA
Mathura,Baldev,Narholi Junnardar,NA,NA
Mathura,Baldev,Cnoli,NA,NA
Mathura,Baldev,Ibrapur,NA,NA
Mathura,Baldev,Ameerpur,NA,NA
Muzzafarnagar,Budhana,Qutubpur Datiyana,2008,Budhana
Mathura,Baldev,Habibpur,NA,NA
Mathura,Baldev,Bandi,NA,NA
Mathura,Baldev,Daghetta,NA,NA
Mathura,Baldev,Radoi,NA,NA
Mathura,Baldev,Pachavar,NA,NA
Mathura,Baldev,Saraydaoud,NA,NA
Mathura,Baldev,Jugasana,NA,NA
Mathura,Baldev,Hasanpur,NA,NA
Mathura,Baldev,Sarkand Kheda,NA,NA
Mathura,Baldev,Nagla Bali,NA,NA
Mathura,Baldev,Saidpur,NA,NA
Mathura,Baldev,Madaura,NA,NA
Mathura,Baldev,Lahrauli Ghat,NA,NA
Mathura,Baldev,Tatrola,NA,NA
Mathura,Baldev,Daulatpur,NA,NA
Mathura,Baldev,Hayatpur,NA,NA
Mathura,Baldev,Alipur,NA,NA
Mathura,Baldev,Rawal Wanger,NA,NA
Mathura,Baldev,Islam pur,NA,NA
Mathura,Baldev,Kisanpur,NA,NA
Mathura,Baldev,Noorpur,NA,NA
Mathura,Baldev,Manojpur,NA,NA
Mathura,Baldev,Patloni,NA,NA
Mathura,Baldev,Fatehpura,NA,NA
Mathura,Baldev,Bhartiya,NA,NA
Mathura,Baldev,Kachnau,NA,NA
Mathura,Baldev,Selkheda,NA,NA
Mathura,Baldev,Garhsauli,NA,NA
Mathura,Baldev,Hathkauli,NA,NA
Mathura,Baldev,Birona,NA,NA
Mathura,Baldev,Kilini,NA,NA
Mathura,Baldev,Angai,NA,NA
Mathura,Baldev,Aberni,NA,NA
Mathura,Baldev,Jharautha,NA,NA
Mathura,Baldev,Jatoura,NA,NA
Mathura,Baldev,Nera,NA,NA
Mathura,Baldev,Sarai Salavahan,NA,NA
Mathura,Baldev,Nagla Gukharoli,NA,NA
Mathura,Baldev,Madour,NA,NA
Mathura,Baldev,Akos,NA,NA
Mathura,Baldev,Barauli,NA,NA
Mathura,Baldev,Nagla Aakos,NA,NA
Mathura,Baldev,Kanjoli Ghat,NA,NA
Mathura,Farah,Kirarai,NA,NA
Mathura,Farah,Luhar,NA,NA
Mathura,Farah,Bhaderua,NA,NA
Mathura,Farah,Nagla Abua,NA,NA
Mathura,Farah,Ol,NA,NA
Mathura,Farah,ChurMra PouRi,NA,NA
Mathura,Farah,Koh,NA,NA
Mathura,Farah,Raipurazat,NA,NA
Mathura,Farah,Bhadaiya,NA,NA
Mathura,Farah,Piparauth,NA,NA
Mathura,Farah,Begampur,NA,NA
Mathura,Farah,Shahzadpur Pauri,NA,NA
Mathura,Farah,Piloaa Sadikpur,NA,NA
Mathura,Farah,Khedia,NA,NA
Mathura,Farah,Bhudersu,NA,NA
Mathura,Farah,Chhadgaon,NA,NA
Mathura,Farah,Beri,NA,NA
Mathura,Farah,Sersha,NA,NA
Mathura,Farah,JhuDAvai,NA,NA
Mathura,Farah,Kabaila Bakalpur,NA,NA
Mathura,Farah,Malikpur,NA,NA
Mathura,Farah,Barauda Mashrakpur,NA,NA
Mathura,Farah,Raushu Jalal,NA,NA
Mathura,Farah,Daulatpur,NA,NA
Mathura,Farah,Visu,NA,NA
Mathura,Farah,Makhadoom,NA,NA
Mathura,Farah,Garhaiya Latifpur,NA,NA
Mathura,Farah,mahuan,NA,NA
Mathura,Farah,Khairat Shahpur,NA,NA
Mathura,Farah,Fatiha,NA,NA
Mathura,Farah,Parkham,NA,NA
Mathura,Farah,Pingri,NA,NA
Mathura,Farah,N 0 Hridaya,NA,NA
Mathura,Farah,Sanaura,NA,NA
Mathura,Farah,Jamalpur,NA,NA
Mathura,Farah,Mustafabad,NA,NA
Mathura,Farah,AavlaSultanpur,NA,NA
Mathura,Farah,Barari,NA,NA
Mathura,Farah,Bhahai,NA,NA
Mathura,Farah,Dhana Teja,NA,NA
Mathura,Farah,Dhana Shamsavvad,NA,NA
Mathura,Farah,Balrai,NA,NA
Mathura,Farah,Jhandipur,NA,NA
Mathura,Farah,Dhanajeevana,NA,NA
Mathura,Farah,Dharmpura,NA,NA
Muzzafarnagar,Budhana,Bitawada,2008,Budhana
Mathura,Farah,Mirzapur Brahmanan,NA,NA
Mathura,Chaumuhan,Akbarpur,NA,NA
Mathura,Chaumuhan,Agaryala,NA,NA
Mathura,Chaumuhan,Aastoli,NA,NA
Mathura,Chaumuhan,Ahuri,NA,NA
Mathura,Chaumuhan,Aazhai Khurd,NA,NA
Mathura,Chaumuhan,Kaukera,NA,NA
Mathura,Chaumuhan,Gagarauli,NA,NA
Mathura,Chaumuhan,Jawli,NA,NA
Mathura,Chaumuhan,Dirawali,NA,NA
Muzzafarnagar,Budhana,Habibpur Seekri,2008,Budhana
Mathura,Chaumuhan,Tarauli Janubi,NA,NA
Mathura,Chaumuhan,Tarouli Shumali,NA,NA
Mathura,Chaumuhan,Dalauta,NA,NA
Mathura,Chaumuhan,Devpura,NA,NA
Mathura,Chaumuhan,Nari,NA,NA
Mathura,Chaumuhan,Naugam,NA,NA
Mathura,Chaumuhan,Parakhamgujar,NA,NA
Mathura,Chaumuhan,Pasoli,NA,NA
Mathura,Chaumuhan,Pali,NA,NA
Mathura,Chaumuhan,Pelkhu,NA,NA
Mathura,Chaumuhan,Bajheda,NA,NA
Mathura,Chaumuhan,Barauli,NA,NA
Mathura,Chaumuhan,Basai Bujurg,NA,NA
Mathura,Chaumuhan,Viloda,NA,NA
Mathura,Chaumuhan,Bharnakala,NA,NA
Mathura,Chaumuhan,Bharana Khurd,NA,NA
Mathura,Chaumuhan,Bhartiya,NA,NA
Mathura,Chaumuhan,Bhaugaon,NA,NA
Mathura,Chaumuhan,Reheda,NA,NA
Mathura,Chaumuhan,Shiwal,NA,NA
Mathura,Chaumuhan,Sahar,NA,NA
Mathura,Chaumuhan,Syarha,NA,NA
Mathura,Chaumuhan,Siyana,NA,NA
Mathura,Chaumuhan,Sehi,NA,NA
Mathura,Chaumuhan,Sainwa,NA,NA
Mathura,Chaumuhan,Saimri,NA,NA
Mathura,Chhata,Paiyagow,NA,NA
Mathura,Chhata,Bahrawali,NA,NA
Mathura,Chhata,Mahrauli,NA,NA
Mathura,Chhata,Karahari ( Pingari ),NA,NA
Mathura,Chhata,Vishmnbhara,NA,NA
Mathura,Chhata,Khairaal,NA,NA
Mathura,Chhata,Roopnagar,NA,NA
Mathura,Chhata,Bukhari,NA,NA
Mathura,Chhata,Shernagar,NA,NA
Mathura,Chhata,Gauhari,NA,NA
Mathura,Chhata,Jalalpur,NA,NA
Mathura,Chhata,Dhamsinga,NA,NA
Mathura,Chhata,Jaw,NA,NA
Mathura,Chhata,Tumoula,NA,NA
Mathura,Chhata,Undi,NA,NA
Mathura,Chhata,Ranheda,NA,NA
Mathura,Chhata,Ladpur,NA,NA
Mathura,Chhata,Pisawa,NA,NA
Mathura,Chhata,Bhaddavl,NA,NA
Mathura,Chhata,Karahla,NA,NA
Mathura,Chhata,Ajanokh,NA,NA
Mathura,Chhata,Khayra,NA,NA
Mathura,Chhata,Husaini,NA,NA
Mathura,Chhata,Basai Shergarh,NA,NA
Mathura,Chhata,Shehzadpur,NA,NA
Mathura,Chhata,Jatwari,NA,NA
Mathura,Chhata,Varha,NA,NA
Mathura,Chhata,Ujhani,NA,NA
Mathura,Chhata,Shergarh,NA,NA
Mathura,Chhata,Bahta,NA,NA
Mathura,Chhata,Pirpur,NA,NA
Mathura,Chhata,Dhimari,NA,NA
Mathura,Chhata,Kajraunth,NA,NA
Mathura,Chhata,Phalain,NA,NA
Mathura,Chhata,Chandouri,NA,NA
Mathura,Chhata,Dautana,NA,NA
Mathura,Chhata,Ranwari,NA,NA
Mathura,Chhata,Umraya,NA,NA
Mathura,Chhata,Chauki,NA,NA
Mathura,Chhata,Shahpur,NA,NA
Mathura,Chhata,Aich,NA,NA
Mathura,Chhata,Barkha,NA,NA
Mathura,Chhata,Dhaunauta,NA,NA
Mathura,Nandgaon,Azizpur,NA,NA
Mathura,Nandgaon,Unchagaon,NA,NA
Mathura,Nandgaon,Kamaai,NA,NA
Mathura,Nandgaon,Kadouna,NA,NA
Mathura,Nandgaon,Kotwan,NA,NA
Mathura,Nandgaon,Kamar,NA,NA
Mathura,Nandgaon,Kosi Dehat,NA,NA
Mathura,Nandgaon,Kharout,NA,NA
Mathura,Nandgaon,Khitaavita,NA,NA
Mathura,Nandgaon,Garhi Barwari,NA,NA
Mathura,Nandgaon,Ghazipur,NA,NA
Mathura,Nandgaon,Gidoh,NA,NA
Mathura,Nandgaon,Chiksauli,NA,NA
Mathura,Nandgaon,Daamla,NA,NA
Mathura,Nandgaon,Dahagow,NA,NA
Mathura,Nandgaon,Nawipur,NA,NA
Mathura,Nandgaon,Bathainkalaw,NA,NA
Muzzafarnagar,Shahpur,Khubaapur,2017,Shahpur
Mathura,Nandgaon,Bathainkhurd,NA,NA
Mathura,Nandgaon,Badangarh,NA,NA
Mathura,Nandgaon,Barchawali,NA,NA
Mathura,Nandgaon,Barhana,NA,NA
Mathura,Nandgaon,Brijwari,NA,NA
Mathura,Nandgaon,Bhadhokar,NA,NA
Mathura,Nandgaon,Mahrana,NA,NA
Mathura,Nandgaon,Reethora,NA,NA
Mathura,Nandgaon,Lalpur,NA,NA
Mathura,Nandgaon,Saucholi,NA,NA
Mathura,Nandgaon,Sirthala,NA,NA
Mathura,Nandgaon,Surabari,NA,NA
Mathura,Nandgaon,Sanket,NA,NA
Mathura,Nandgaon,Hatana,NA,NA
Mathura,Nandgaon,Hulwana,NA,NA
Mathura,Nandgaon,Hathiya,NA,NA
Mathura,Maat,Harnaul,NA,NA
Mathura,Maat,Irouli Gujar,NA,NA
Mathura,Maat,Mirtana,NA,NA
Mathura,Maat,Bhadrawan,NA,NA
Mathura,Maat,Bijoili,NA,NA
Mathura,Maat,Mant Raja,NA,NA
Mathura,Maat,Mantmola,NA,NA
Mathura,Maat,Jahangirpur,NA,NA
Mathura,Maat,Dagoli Wagar,NA,NA
Mathura,Maat,Bhim Bangar,NA,NA
Mathura,Maat,Arua Bangar,NA,NA
Mathura,Maat,Paniwan,NA,NA
Mathura,Maat,Divana Kalan,NA,NA
Mathura,Maat,Dharua,NA,NA
Mathura,Maat,Kalyanpur,NA,NA
Mathura,Maat,Suraj,NA,NA
Mathura,Maat,Nasiti,NA,NA
Mathura,Maat,Vakla,NA,NA
Mathura,Maat,Kudbara,NA,NA
Mathura,Maat,Jaishwa,NA,NA
Mathura,Maat,NivGaon,NA,NA
Mathura,Maat,PiRi,NA,NA
Mathura,Maat,Vivaavli,NA,NA
Mathura,Maat,Udhar,NA,NA
Mathura,Maat,Vindubulaki,NA,NA
Mathura,Maat,Karaharee,NA,NA
Mathura,Maat,Daddisara,NA,NA
Mathura,Maat,Iroli Junnardar,NA,NA
Mathura,Maat,Pawwipura,NA,NA
Mathura,Maat,Sirrela,NA,NA
Mathura,Maat,Sikandarpur,NA,NA
Mathura,Maat,Tehramaant,NA,NA
Mathura,Maat,Akwarpur,NA,NA
Mathura,Maat,Bhadnawara,NA,NA
Mathura,Maat,Khanwal,NA,NA
Mathura,Maat,Jarara,NA,NA
Mathura,Maat,Jawara,NA,NA
Mathura,Maat,N 0 Himayu,NA,NA
Mathura,Maat,Bahadeen Patipur,NA,NA
Mathura,Naujhil,Kolahar,NA,NA
Mathura,Naujhil,Sultanpatti,NA,NA
Mathura,Naujhil,Lohai,NA,NA
Mathura,Naujhil,Bhalai,NA,NA
Mathura,Naujhil,Badanpur,NA,NA
Mathura,Naujhil,Amanullahpur,NA,NA
Mathura,Naujhil,Khayra,NA,NA
Mathura,Naujhil,Muiuddinpur,NA,NA
Mathura,Naujhil,Hasanpur,NA,NA
Mathura,Naujhil,Nauhjhheel ( Navli ),NA,NA
Mathura,Naujhil,Ikuu,NA,NA
Mathura,Naujhil,Mirpur,NA,NA
Mathura,Naujhil,Lamatori,NA,NA
Mathura,Naujhil,Bera,NA,NA
Muzzafarnagar,Shahpur,Gadhi Bahadurpur,2017,Shahpur
Mathura,Naujhil,Surir Vijau,NA,NA
Mathura,Naujhil,Surikalan,NA,NA
Mathura,Naujhil,Auhawa,NA,NA
Mathura,Naujhil,Bhidouni,NA,NA
Mathura,Naujhil,Palakheda,NA,NA
Mathura,Naujhil,Ramnagla,NA,NA
Mathura,Naujhil,Chandpur Kalan,NA,NA
Mathura,Naujhil,Barauth,NA,NA
Mathura,Naujhil,Suhagpur,NA,NA
Mathura,Naujhil,Saddikpur,NA,NA
Mathura,Naujhil,Shall,NA,NA
Mathura,Naujhil,Pachhara,NA,NA
Mathura,Naujhil,Shankar Garhi,NA,NA
Mathura,Naujhil,Ahmadpur,NA,NA
Mathura,Naujhil,Badouth,NA,NA
Mathura,Naujhil,Dilupatti,NA,NA
Mathura,Naujhil,Saktapur,NA,NA
Mathura,Naujhil,Bhartiaka,NA,NA
Mathura,Naujhil,Mithauli,NA,NA
Mathura,Naujhil,Virjugadhi,NA,NA
Mathura,Naujhil,Chandpurkhurd,NA,NA
Mathura,Naujhil,Awakheda,NA,NA
Mathura,Naujhil,Baghai,NA,NA
Mathura,Naujhil,Maanaagadhi,NA,NA
Mathura,Naujhil,Khajupur,NA,NA
Mathura,Naujhil,Maduakaa,NA,NA
Mathura,Naujhil,Koulna,NA,NA
Mathura,Naujhil,Seupatti,NA,NA
Mathura,Naujhil,Parasoli,NA,NA
Mathura,Naujhil,Naushepur,NA,NA
Muzzafarnagar,Shahpur,Paldi,2017,Shahpur
Mathura,Naujhil,Bagharra,NA,NA
Mathura,Naujhil,Naujhil,NA,NA
Mathura,Naujhil,Dedana Bangar,NA,NA
Mathura,Naujhil,Chhinparai,NA,NA
Mathura,Naujhil,Firozpur,NA,NA
Mathura,Naujhil,Daulatpur,NA,NA
Mathura,Naujhil,Bhairei,NA,NA
Mathura,Naujhil,Musmuna,NA,NA
Mathura,Naujhil,Raipur,NA,NA
Mathura,Naujhil,Tilkagadhi,NA,NA
Mathura,Naujhil,Manigadhi,NA,NA
Mathura,Raya,Sherni,NA,NA
Mathura,Raya,Bhuadasani,NA,NA
Mathura,Raya,BhankarPur Basela,NA,NA
Mathura,Raya,Manina B,NA,NA
Mathura,Raya,Lalpur Mahaveer,NA,NA
Mathura,Raya,Bhaisara,NA,NA
Mathura,Raya,Siyara,NA,NA
Mathura,Raya,Bana,NA,NA
Mathura,Raya,Khirari,NA,NA
Mathura,Raya,Paḍarārī,NA,NA
Mathura,Raya,Itauli,NA,NA
Mathura,Raya,Acharuldhora,NA,NA
Mathura,Raya,Dhaku,NA,NA
Mathura,Raya,Koyal,NA,NA
Mathura,Raya,Churahsi,NA,NA
Mathura,Raya,Kharwa,NA,NA
Mathura,Raya,Gonga,NA,NA
Mathura,Raya,Tirwaya,NA,NA
Mathura,Raya,Nagal,NA,NA
Mathura,Raya,Kakraari,NA,NA
Mathura,Raya,Badhaun,NA,NA
Mathura,Raya,Pirsur,NA,NA
Mathura,Raya,Surraka,NA,NA
Mathura,Raya,Gaiyra,NA,NA
Mathura,Raya,Talgadi,NA,NA
Mathura,Raya,Saunkhkheda,NA,NA
Mathura,Raya,Arjun Todar,NA,NA
Mathura,Raya,Tulsi Dhanua,NA,NA
Mathura,Raya,Karav,NA,NA
Mathura,Raya,Anauda,NA,NA
Mathura,Raya,Nunera,NA,NA
Mathura,Raya,Byauhi,NA,NA
Mathura,Raya,Nagla Bharau,NA,NA
Mathura,Raya,Nagauda,NA,NA
Mathura,Raya,Khalaua,NA,NA
Mathura,Raya,Banshai,NA,NA
Mathura,Raya,Pavesra,NA,NA
Mathura,Raya,Khajuri,NA,NA
Mathura,Raya,Gudera,NA,NA
Mathura,Raya,Chikada,NA,NA
Mathura,Raya,Naoranga Jagatia,NA,NA
Mathura,Raya,Lohwan,NA,NA
Mathura,Raya,Sihora,NA,NA
Mathura,Raya,Shahpur Gausna,NA,NA
Mathura,Raya,Raipurmai,NA,NA
Mathura,Raya,Taiyapuri,NA,NA
Mathura,Raya,Ishapur,NA,NA
Mathura,Raya,Thok kamal,NA,NA
Mathura,Raya,Thok Gyan,NA,NA
Mathura,Raya,Tehra Mahawan,NA,NA
Mathura,Raya,Thok Vindavani,NA,NA
Mathura,Raya,Sarua Jangli,NA,NA
Mathura,Raya,Khadia,NA,NA
Mathura,Raya,Thoksummera,NA,NA
Mathura,Raya,Shivli,NA,NA
Mathura,Raya,visavali,NA,NA
Mathura,Raya,Birhana,NA,NA
Mathura,Raya,Gaju,NA,NA
Mathura,Raya,Birbal,NA,NA
Mathura,Raya,Baltikari,NA,NA
Agra,Etmaadpur,Baini,1391,Etmadpur
Agra,Etmaadpur,Nybas,1391,Etmadpur
Agra,Etmaadpur,Surahra,1391,Etmadpur
Agra,Etmaadpur,Bheekappur,1391,Etmadpur
Agra,Khandoli,Hajipur Kheda,1396,Khandauli
Agra,Khandoli,Saurai,1396,Khandauli
Agra,Khandoli,PetKheda,1396,Khandauli
Agra,Khandoli,Paisee,1396,Khandauli
Agra,Khandoli,Ambalkheda,1396,Khandauli
Agra,Khandoli,Senwra,1396,Khandauli
Agra,Khandoli,Saimara,1396,Khandauli
Agra,Khandoli,Khedia,1396,Khandauli
Agra,Khandoli,GuDDa,1396,Khandauli
Agra,Akolaa,Gharrakhoord,1387,Akola
Muzzafarnagar,Shahpur,Bhaurakalan,2017,Shahpur
Agra,Bichpuri,Devaittha,1390,Bichpuri
Agra,Bichpuri,Baipur,1390,Bichpuri
Agra,Bichpuri,Swaami,1390,Bichpuri
Agra,Bichpuri,Ladmada,1390,Bichpuri
Muzzafarnagar,Shahpur,Hadauli,2017,Shahpur
Agra,Baroli Ahir,Karana,1389,Barauli Ahir
Agra,Baroli Ahir,Tora,1389,Barauli Ahir
Agra,Baroli Ahir,Tanouranurpura,1389,Barauli Ahir
Agra,Baroli Ahir,Ekathara,1389,Barauli Ahir
Agra,Baroli Ahir,Kalalkhediya,1389,Barauli Ahir
Agra,Baroli Ahir,Chamrouli,1389,Barauli Ahir
Agra,Baroli Ahir,Kahrai,1389,Barauli Ahir
Agra,Baroli Ahir,Naglakali,1389,Barauli Ahir
Agra,Baroli Ahir,Biseyrakala,1389,Barauli Ahir
Agra,Baroli Ahir,Nadota,1389,Barauli Ahir
Agra,Fatehpur Seekri,Mandi Gud,1393,Fatehpur Sikri
Agra,Fatehpur Seekri,Dayonari,1393,Fatehpur Sikri
Agra,Fatehpur Seekri,Sikrichhirahissa,1393,Fatehpur Sikri
Agra,Fatehpur Seekri,Dauraa,1393,Fatehpur Sikri
Agra,Fatehpur Seekri,Dioraitta,1393,Fatehpur Sikri
Agra,Fatehpur Seekri,Rozoli,1393,Fatehpur Sikri
Muzzafarnagar,Sadar,Rai,2015,Muzaffarnagar
Agra,Achnera,Vyara,1386,Achhnera
Agra,Achnera,May,1386,Achhnera
Agra,Achnera,Sahta,1386,Achhnera
Muzzafarnagar,Sadar,Alampur,2015,Muzaffarnagar
Muzzafarnagar,Sadar,Sahawali,2015,Muzaffarnagar
Muzzafarnagar,Sadar,Kookda,2015,Muzaffarnagar
Agra,Jagner,Nimaina,1394,Jagner
Agra,Jagner,Noni,1394,Jagner
Agra,Jagner,Bidhauli,1394,Jagner
Agra,Jagner,Devri Jalalpur,1394,Jagner
Agra,Jagner,Gangabad,1394,Jagner
Agra,Jagner,Badhahor,1394,Jagner
Agra,Shamshabaad,Kaulara Khurd,1400,Shamsabad
Agra,Shamshabaad,Kutkapurrohai,1400,Shamsabad
Agra,Shamshabaad,Kaularakala,1400,Shamsabad
Agra,Shamshabaad,Kaulari,1400,Shamsabad
Agra,Shamshabaad,Pawasar,1400,Shamsabad
Agra,Shamshabaad,Gadhiusra,1400,Shamsabad
Agra,Shamshabaad,Lisaigorava,1400,Shamsabad
Agra,Shamshabaad,Tulashapur,1400,Shamsabad
Agra,Shamshabaad,Luhaari,1400,Shamsabad
Agra,Fatehabad,Lohia Ujhawali,1392,Fatehabad
Agra,Fatehabad,Paliakrupal,1392,Fatehabad
Agra,Fatehabad,Eidonahimaayunpur,1392,Fatehabad
Muzzafarnagar,Sadar,Mandheda,2015,Muzaffarnagar
Agra,Fatehabad,MairanChaudhary,1392,Fatehabad
Agra,Bah,May,1388,Bah
Agra,Bah,Farera,1388,Bah
Agra,Bah,Quwari,1388,Bah
Agra,Bah,Zarrar,1388,Bah
Agra,Bah,Bijoili,1388,Bah
Agra,Bah,Fareri,1388,Bah
Muzzafarnagar,Sadar,Mirapur,2015,Muzaffarnagar
Agra,Bah,Kanjara,1388,Bah
Agra,Bah,Gaosli,1388,Bah
Muzzafarnagar,Sadar,Vahlana,2015,Muzaffarnagar
Agra,Pinahat,Gajaura,1398,Pinahat
Muzzafarnagar,Sadar,Sujdu,2015,Muzaffarnagar
Agra,Pinahat,Ladoua Pura,1398,Pinahat
Agra,Pinahat,Vdhrena,1398,Pinahat
Firozabad,Jasrana,Orangabad,1702,Jasrana
Muzzafarnagar,Sadar,Jat Mujeda,2015,Muzaffarnagar
Firozabad,Jasrana,Bhaidi,1702,Jasrana
Firozabad,Jasrana,Paliya Doim,1702,Jasrana
Firozabad,Eka,Ikuu,1699,Eka
Muzzafarnagar,Sadar,Shahabuddin Pur,2015,Muzaffarnagar
Muzzafarnagar,Sadar,Sarwat,2015,Muzaffarnagar
Muzzafarnagar,Shamli,Butradi,2018,Shamli
Firozabad,Eka,Eka,1699,Eka
Muzzafarnagar,Shamli,Bahwadi,2018,Shamli
Firozabad,Eka,Giganana,1699,Eka
Firozabad,Aaraon,Siroliya,1698,Araon
Firozabad,Aaraon,Arano,1698,Araon
Muzzafarnagar,Shamli,Karauda Hathi,2018,Shamli
Firozabad,Aaraon,Mahi 0 Kairavali,1698,Araon
Firozabad,Aaraon,Mu 0 Husainpur Baijua,1698,Araon
Firozabad,Aaraon,Sainawali,1698,Araon
Muzzafarnagar,Shamli,Simbhalka,2018,Shamli
Firozabad,Narkhi,Jaudhari,1704,Narkhi
Firozabad,Narkhi,Gadeerorchor,1704,Narkhi
Firozabad,Narkhi,Kayatha,1704,Narkhi
Firozabad,Narkhi,Vedipur Vidarkha,1704,Narkhi
Firozabad,Madanpur,Nayan,1703,Madanpur
Firozabad,Madanpur,Virai Jahanabad,1703,Madanpur
Firozabad,Madanpur,Ruriya Swarupur,1703,Madanpur
Firozabad,Madanpur,Amaur Na  Jeevan,1703,Madanpur
Firozabad,Madanpur,Muhammadpur Nada,1703,Madanpur
Firozabad,Madanpur,Kharia Ajanaura,1703,Madanpur
Firozabad,Madanpur,Madwa,1703,Madanpur
Firozabad,Hathwant,Kaurari Sarhad,1701,Hathwant
Firozabad,Hathwant,Bairni Sanaura,1701,Hathwant
Firozabad,Hathwant,Kudi,1701,Hathwant
Firozabad,Hathwant,Bijoili,1701,Hathwant
Firozabad,Hathwant,Barauli,1701,Hathwant
Firozabad,Hathwant,Viltigarh,1701,Hathwant
Firozabad,Hathwant,No. Kos Majrabhamai,1701,Hathwant
Firozabad,Hathwant,Dhunamai,1701,Hathwant
Muzzafarnagar,Shamli,Bheneda Jat,2018,Shamli
Firozabad,Hathwant,Kataina Harsha,1701,Hathwant
Muzzafarnagar,Shamli,Kanjrahedi,2018,Shamli
Firozabad,Hathwant,Vawain,1701,Hathwant
Firozabad,Shikohabad,Makkhanpur,1705,Shikohabad
Firozabad,Shikohabad,Jijauli,1705,Shikohabad
Firozabad,Shikohabad,Jebda,1705,Shikohabad
Firozabad,Shikohabad,Kirathra Muhammadpur,1705,Shikohabad
Firozabad,Shikohabad,Rapdi,1705,Shikohabad
Firozabad,Shikohabad,Garidanshay,1705,Shikohabad
Firozabad,Shikohabad,Aamri,1705,Shikohabad
Firozabad,Shikohabad,Gagayee,1705,Shikohabad
Firozabad,Shikohabad,MU Labhouaa,1705,Shikohabad
Firozabad,Firozabad,Sophipur,1700,Firozabad
Firozabad,Firozabad,Matsaina,1700,Firozabad
Firozabad,Firozabad,Unghni,1700,Firozabad
Muzzafarnagar,Un,Taana,2020,Un
Firozabad,Firozabad,Faroul Nagaria,1700,Firozabad
Firozabad,Firozabad,Jalopura,1700,Firozabad
Firozabad,Firozabad,Ulau Khera,1700,Firozabad
Muzzafarnagar,Un,Razhad,2020,Un
Firozabad,Firozabad,Kaulamai,1700,Firozabad
Firozabad,Firozabad,Saingai,1700,Firozabad
Firozabad,Firozabad,Luhari Salempur,1700,Firozabad
Firozabad,Tundla,Nn 0 Punnu,1706,Tundla
Firozabad,Tundla,Garibhoop,1706,Tundla
Firozabad,Tundla,Chikau,1706,Tundla
Firozabad,Tundla,Gadinirbhay,1706,Tundla
Firozabad,Tundla,Gwarai No. 0 Singi,1706,Tundla
Firozabad,Tundla,Toondayla Khaam,1706,Tundla
Firozabad,Tundla,Sattoli No. Mahadev,1706,Tundla
Firozabad,Tundla,RudhAu,1706,Tundla
Firozabad,Tundla,Pahaadipur Bhaudela,1706,Tundla
Firozabad,Tundla,Rasulpur,1706,Tundla
Firozabad,Tundla,Mitaavli,1706,Tundla
Muzzafarnagar,Un,Nonangli,2020,Un
Mainpuri,Mainpuri,Sasarpur,1949,Mainpuri
Mainpuri,Mainpuri,Taweupur,1949,Mainpuri
Mainpuri,Mainpuri,Jagruppur,1949,Mainpuri
Mainpuri,Mainpuri,Asauli,1949,Mainpuri
Mainpuri,Mainpuri,Dharmgadpur Nagaria,1949,Mainpuri
Mainpuri,Mainpuri,Kokon,1949,Mainpuri
Muzzafarnagar,Un,Malendi,2020,Un
Mainpuri,Mainpuri,Mainpuri Dehat,1949,Mainpuri
Mainpuri,Mainpuri,Kharpari,1949,Mainpuri
Mainpuri,Mainpuri,Dharau,1949,Mainpuri
Mainpuri,Mainpuri,Madhau Kheeja,1949,Mainpuri
Mainpuri,Mainpuri,Audeya,1949,Mainpuri
Muzzafarnagar,Un,Jak Nagar,2020,Un
Mainpuri,Ghiror,Faizpur,1944,Ghiror
Mainpuri,Ghiror,Vikrampur No. 0 Kachan,1944,Ghiror
Mainpuri,Ghiror,Darpur no 0 Indra,1944,Ghiror
Mainpuri,Ghiror,N 0 Rama,1944,Ghiror
Mainpuri,Ghiror,Vidhari,1944,Ghiror
Muzzafarnagar,Un,Audri Fatehpur,2020,Un
Mainpuri,Kurawli,Ashok Pur Harkaatka,1948,Kuraoli
Mainpuri,Kurawli,Bishanpur,1948,Kuraoli
Mainpuri,Kurawli,Isai Gopalpur,1948,Kuraoli
Mainpuri,Kurawli,Isaimanzhpati,1948,Kuraoli
Mainpuri,Kurawli,Junhaisa,1948,Kuraoli
Mainpuri,Kurawli,Firozpur Aathpura,1948,Kuraoli
Mainpuri,Bebar,Naveenganj,1943,Bewar
Mainpuri,Bebar,N 0 Peth,1943,Bewar
Mainpuri,Bebar,Barauli,1943,Bewar
Mainpuri,Bebar,Virampaur Satghara,1943,Bewar
Mainpuri,Bebar,Chilosa,1943,Bewar
Mainpuri,Bebar,Parokha,1943,Bewar
Saharanpur,Devbanda,Kainduki,2073,Deoband
Mainpuri,Bebar,Shivshinghpur,1943,Bewar
Muzzafarnagar,Un,Myaan Kasbaa,2020,Un
Muzzafarnagar,Un,Bhaadi Mustafabad,2020,Un
Mainpuri,Jagir,Mojepur,1945,Jageer
Mainpuri,Jagir,N 0 Gahier,1945,Jageer
Mainpuri,Sultanganj,Alipur Khedra,1950,Sultanganj
Mainpuri,Sultanganj,Jaili Jirolli,1950,Sultanganj
Mainpuri,Sultanganj,Sara,1950,Sultanganj
Mainpuri,Sultanganj,N 0 Semar,1950,Sultanganj
Mainpuri,Sultanganj,N 0 Mitkar,1950,Sultanganj
Mainpuri,Sultanganj,Sibaibhadora,1950,Sultanganj
Muzzafarnagar,Un,Akapur Phoosgadh,2020,Un
Mainpuri,Sultanganj,Lallopur,1950,Sultanganj
Mainpuri,Sultanganj,Puseena,1950,Sultanganj
Mainpuri,Sultanganj,Vyautikhurd,1950,Sultanganj
Mainpuri,Sultanganj,Mudholi,1950,Sultanganj
Mainpuri,Karhal,Vasant,1946,Karhal
Muzzafarnagar,Un,Labbada Daudaur,2020,Un
Mainpuri,Karhal,Kheda,1946,Karhal
Mainpuri,Karhal,Taraulia,1946,Karhal
Muzzafarnagar,Un,Basi Chudiyari,2020,Un
Mainpuri,Barnahal,N 0 Mandhata,1942,Barnahal
Mainpuri,Barnahal,Dalupur,1942,Barnahal
Mainpuri,Barnahal,Barnahal,1942,Barnahal
Mainpuri,Barnahal,Nivhara,1942,Barnahal
Mainpuri,Barnahal,Banigavo,1942,Barnahal
Mainpuri,Barnahal,Kasaul,1942,Barnahal
Muzzafarnagar,Un,Khodsama,2020,Un
Mainpuri,Barnahal,MU Labhouaa,1942,Barnahal
Mainpuri,Barnahal,Meetheepur,1942,Barnahal
Mainpuri,Barnahal,Naurmaayi,1942,Barnahal
Muzzafarnagar,Charthaawal,Mahmudpur Urf Lakkadsan,2009,Charthawal
Eta,Marhara,Hayatpur Mafi,NA,NA
Eta,Marhara,Mirapur,NA,NA
Eta,Marhara,Sarai Ahmad Khan,NA,NA
Eta,Marhara,Ahmednagar Bamnoi,NA,NA
Eta,Marhara,Saranau,NA,NA
Eta,Marhara,Giraura,NA,NA
Eta,Marhara,Himmatnagar Bazheda,NA,NA
Eta,Marhara,Lalpur Kalyanpur,NA,NA
Eta,Marhara,Amritpur,NA,NA
Eta,Marhara,Khangarpur Daulatpur,NA,NA
Eta,Marhara,Bhojpur,NA,NA
Eta,Marhara,Datei,NA,NA
Eta,Marhara,Trilokpur,NA,NA
Eta,Marhara,Khakari,NA,NA
Eta,Marhara,Sarai Jerailia,NA,NA
Eta,Marhara,Gokni,NA,NA
Eta,Marhara,Pidoura,NA,NA
Eta,Marhara,bhurigwan,NA,NA
Eta,Marhara,Dharapsi,NA,NA
Eta,Marhara,Piwari,NA,NA
Eta,Marhara,Sirsa Badan,NA,NA
Eta,Marhara,Husainpur,NA,NA
Eta,Marhara,Firozpur Siloni,NA,NA
Eta,Marhara,Munabbarpur,NA,NA
Eta,Marhara,Mahmudpur Nagariya,NA,NA
Eta,Marhara,Mirhachi,NA,NA
Eta,Marhara,Jinheira,NA,NA
Eta,Marhara,Mehnisora,NA,NA
Eta,Marhara,Fatehpur Sonot,NA,NA
Eta,Marhara,Chathi Rafipur,NA,NA
Eta,Marhara,Jarthal,NA,NA
Eta,Marhara,KutenaAmafi,NA,NA
Eta,Marhara,Khbajgipur,NA,NA
Eta,Marhara,Burhanabad,NA,NA
Eta,Marhara,Rasulpur Gadholi,NA,NA
Eta,Marhara,Badhauli,NA,NA
Eta,Marhara,Gobrara,NA,NA
Eta,Marhara,Nagla Shyam,NA,NA
Eta,Marhara,Achalpur,NA,NA
Eta,Marhara,Shyorai,NA,NA
Eta,Marhara,Lodhamai,NA,NA
Eta,Marhara,Say,NA,NA
Eta,Marhara,Suratpur Mafi,NA,NA
Eta,Marhara,HazratPur KaranPur,NA,NA
Eta,Marhara,Sirsa Tippoo,NA,NA
Eta,Marhara,Nagla Khyali,NA,NA
Eta,Marhara,Akhatoli Nayabos,NA,NA
Eta,Marhara,Akhatoli Ratanpur,NA,NA
Eta,Marhara,Ramai Hetamshah,NA,NA
Eta,Marhara,Sindhaawali,NA,NA
Eta,Sakit,Isharapurawi,NA,NA
Eta,Sakit,Ishara Paschimi,NA,NA
Eta,Sakit,Dattpur Kunjpur,NA,NA
Eta,Sakit,Kauchi,NA,NA
Eta,Sakit,Nandpur Belamai,NA,NA
Eta,Sakit,Asapur,NA,NA
Eta,Sakit,Chhachina,NA,NA
Eta,Sakit,Manikpur,NA,NA
Eta,Sakit,Purav,NA,NA
Eta,Sakit,Nigoha hasanpur,NA,NA
Eta,Sakit,Madhupura,NA,NA
Eta,Sakit,Saidpur,NA,NA
Eta,Sakit,Mazra jat Saki,NA,NA
Eta,Sakit,Rewari,NA,NA
Eta,Sakit,Muwarikpur Sarai,NA,NA
Eta,Sakit,Kulla Haviypur,NA,NA
Eta,Sakit,Bavali,NA,NA
Eta,Sakit,Bhagwantpur,NA,NA
Eta,Sakit,Nagla Kazi,NA,NA
Eta,Sakit,Sauhar,NA,NA
Eta,Sakit,Brisigpur,NA,NA
Eta,Sakit,Jaitpura Daspura,NA,NA
Eta,Sakit,Jalalpur Southal,NA,NA
Eta,Sakit,Garhia Sheelam,NA,NA
Eta,Sakit,Rasulpur,NA,NA
Eta,Sakit,Nawada,NA,NA
Eta,Sakit,Ramnagar,NA,NA
Eta,Sakit,Kunwarpur Nagaria,NA,NA
Eta,Sakit,Malavan,NA,NA
Eta,Sakit,Ayar,NA,NA
Eta,Sakit,Mahua Kheda,NA,NA
Eta,Sakit,Tharoli,NA,NA
Eta,Sakit,Shahalampur,NA,NA
Eta,Sakit,Muzaffarpur Hiraudi,NA,NA
Eta,Sakit,Fafotu,NA,NA
Eta,Sakit,Nagla Bike,NA,NA
Eta,Sakit,Nagla Bacha,NA,NA
Eta,Sakit,Rajkot,NA,NA
Eta,Sakit,Rizor,NA,NA
Eta,Sakit,Ibrahimpur Nagaria,NA,NA
Eta,Sakit,Vaahid Vivipura,NA,NA
Eta,Sakit,Pipal Khediah,NA,NA
Eta,Sakit,Ramnagar Rizor,NA,NA
Eta,Sakit,Salempur Sani,NA,NA
Eta,Sakit,Salempur Urf Kunwar Pur,NA,NA
Eta,Sakit,Kawar,NA,NA
Eta,Sakit,Nagla Hameer,NA,NA
Eta,Sakit,Nainpur,NA,NA
Eta,Sakit,Muwarikhur Chachheena,NA,NA
Eta,Sakit,Muwarikhpur Nivarua,NA,NA
Eta,Sakit,Angadpur,NA,NA
Eta,Sakit,Rajpura,NA,NA
Eta,Sakit,Nandpur Khordra,NA,NA
Muzzafarnagar,Charthaawal,Kasaul,2009,Charthawal
Eta,Sakit,Wakshpur Khas,NA,NA
Eta,Sakit,Bais Kheriya,NA,NA
Eta,Sakit,Sainakala,NA,NA
Eta,Sakit,Nazirpur,NA,NA
Eta,Sakit,Chaparai,NA,NA
Eta,Sakit,Kurina Daulatpur,NA,NA
Eta,Sakit,Nagla Bhajua,NA,NA
Eta,Sakit,Ghumariya,NA,NA
Eta,Sakit,Ummedpur R. JOR,NA,NA
Eta,Sakit,Radhanagar,NA,NA
Eta,Sakit,Bhartoli,NA,NA
Eta,Sakit,Nidhaoli Khurd,NA,NA
Eta,Sakit,Chilasani,NA,NA
Eta,Sakit,Mirzapur Sai,NA,NA
Eta,Sakit,Mishri,NA,NA
Eta,Sakit,Dalelpur,NA,NA
Eta,Sakit,Sarai Jawaharpur,NA,NA
Eta,Awagadh,Awagarh Majra Jat,NA,NA
Eta,Awagadh,Abdul Haipur,NA,NA
Eta,Awagadh,Isauli,NA,NA
Eta,Awagadh,Uderi,NA,NA
Eta,Awagadh,Kuswa,NA,NA
Eta,Awagadh,Kheranoonh,NA,NA
Eta,Awagadh,Khatota,NA,NA
Eta,Awagadh,Khairara,NA,NA
Eta,Awagadh,Ganeshpur,NA,NA
Eta,Awagadh,Gadesara,NA,NA
Eta,Awagadh,Gaduri,NA,NA
Eta,Awagadh,Churathara,NA,NA
Muzzafarnagar,Charthaawal,Chaukda,2009,Charthawal
Eta,Awagadh,Jamalpur Gaduri,NA,NA
Eta,Awagadh,Jarani Khurdkalau,NA,NA
Eta,Awagadh,Jinavali,NA,NA
Eta,Awagadh,Jalukheda,NA,NA
Eta,Awagadh,Tikathar,NA,NA
Eta,Awagadh,Tisar,NA,NA
Eta,Awagadh,Dalasahpur,NA,NA
Eta,Awagadh,Narhulli,NA,NA
Eta,Awagadh,Nunkhas,NA,NA
Eta,Awagadh,Naraura,NA,NA
Eta,Awagadh,Narauvir Nagar,NA,NA
Eta,Awagadh,Neemkheda,NA,NA
Eta,Awagadh,Pawha,NA,NA
Eta,Awagadh,Pilkhatara,NA,NA
Eta,Awagadh,Paundri,NA,NA
Eta,Awagadh,Puhera,NA,NA
Eta,Awagadh,Badhavali,NA,NA
Eta,Awagadh,Vorra kalo,NA,NA
Eta,Awagadh,Babarpur,NA,NA
Eta,Awagadh,Varai Kalyanpur,NA,NA
Eta,Awagadh,Vara Bhaudela,NA,NA
Eta,Awagadh,Virnagar,NA,NA
Eta,Awagadh,Vorrakhurd,NA,NA
Eta,Awagadh,Doshapur,NA,NA
Eta,Awagadh,Mandanpur,NA,NA
Eta,Awagadh,Maksudpur,NA,NA
Eta,Awagadh,Mahkikhaurd Kalaon,NA,NA
Eta,Awagadh,Mitarol,NA,NA
Eta,Awagadh,Rejua,NA,NA
Eta,Awagadh,Rohinamirzapur,NA,NA
Eta,Awagadh,Lodhipur,NA,NA
Eta,Awagadh,Validadpur,NA,NA
Eta,Awagadh,Balesara,NA,NA
Eta,Awagadh,Shahanoua,NA,NA
Eta,Awagadh,Sarani,NA,NA
Eta,Awagadh,Sakra,NA,NA
Eta,Awagadh,Hinouna,NA,NA
Eta,Sheetalpur,Jamalpur,NA,NA
Eta,Sheetalpur,Jury,NA,NA
Eta,Sheetalpur,Narori,NA,NA
Eta,Sheetalpur,Palra,NA,NA
Eta,Sheetalpur,Mainather,NA,NA
Eta,Sheetalpur,Saunsa,NA,NA
Eta,Sheetalpur,Kartala,NA,NA
Eta,Sheetalpur,Khadua,NA,NA
Eta,Sheetalpur,Baidula,NA,NA
Eta,Sheetalpur,Pahrai,NA,NA
Eta,Sheetalpur,Harnavali,NA,NA
Eta,Sheetalpur,Sarjanpur,NA,NA
Eta,Sheetalpur,RamnagarJalalpur,NA,NA
Eta,Sheetalpur,Kanauri,NA,NA
Eta,Sheetalpur,Baghwala,NA,NA
Eta,Sheetalpur,Barathari,NA,NA
Eta,Sheetalpur,BabrautiNasirpur,NA,NA
Eta,Sheetalpur,Dulhapur,NA,NA
Eta,Sheetalpur,Jisukhpura,NA,NA
Eta,Sheetalpur,Keelarmaoo,NA,NA
Eta,Sheetalpur,KausaunNizampur,NA,NA
Eta,Sheetalpur,Saiypur,NA,NA
Eta,Sheetalpur,Bhatmai,NA,NA
Eta,Sheetalpur,Pavas,NA,NA
Eta,Sheetalpur,nehchalpur,NA,NA
Eta,Sheetalpur,Loya Badshahpur,NA,NA
Eta,Sheetalpur,Dhuai,NA,NA
Eta,Sheetalpur,MauTalukA Baroli,NA,NA
Eta,Sheetalpur,Mahuat,NA,NA
Eta,Sheetalpur,Kathauli,NA,NA
Eta,Sheetalpur,Kuthilalayakpur,NA,NA
Eta,Sheetalpur,Milawali,NA,NA
Eta,Sheetalpur,Nagla Pawal,NA,NA
Eta,Sheetalpur,Nagla Jagaroop,NA,NA
Eta,Sheetalpur,Shahpur Milawali,NA,NA
Eta,Sheetalpur,Uddanpur Ramnagar,NA,NA
Eta,Sheetalpur,Marthara Devkishan,NA,NA
Eta,Sheetalpur,marathara bhagwandas,NA,NA
Eta,Sheetalpur,Ahmedabad,NA,NA
Eta,Sheetalpur,Pura,NA,NA
Eta,Sheetalpur,Nyaorai,NA,NA
Eta,Sheetalpur,Nagla Farid,NA,NA
Eta,Sheetalpur,Kusari,NA,NA
Eta,Sheetalpur,Lalgarhi,NA,NA
Eta,Sheetalpur,Rampur Ghanshyam,NA,NA
Eta,Sheetalpur,Manpur,NA,NA
Eta,Sheetalpur,Majra Jat Eta,NA,NA
Eta,Sheetalpur,Bhadon,NA,NA
Eta,Sheetalpur,Sheetalpur,NA,NA
Eta,Sheetalpur,Gazipur Pahor,NA,NA
Eta,Sheetalpur,Chamkari,NA,NA
Eta,Sheetalpur,Ghiloua,NA,NA
Eta,Sheetalpur,Kasimpur,NA,NA
Eta,Sheetalpur,Chintapur,NA,NA
Eta,Sheetalpur,Bhagipur,NA,NA
Eta,Sheetalpur,Gadhitaluka Baraoli,NA,NA
Eta,Sheetalpur,Bahanpur,NA,NA
Eta,Sheetalpur,Kutukpur,NA,NA
Eta,Sheetalpur,On,NA,NA
Eta,Sheetalpur,Barauli,NA,NA
Eta,Sheetalpur,Bajidpur,NA,NA
Eta,Sheetalpur,Jirasmi,NA,NA
Eta,Sheetalpur,Kakarawali,NA,NA
Eta,Sheetalpur,Barthar,NA,NA
Eta,Sheetalpur,Chaucha Bangav,NA,NA
Eta,Sheetalpur,Asrauli,NA,NA
Eta,Sheetalpur,Chitauni,NA,NA
Eta,Sheetalpur,Rarpatti,NA,NA
Eta,Nidhauli Kala,Ghetu,NA,NA
Eta,Nidhauli Kala,Shahbazpur,NA,NA
Eta,Nidhauli Kala,Pipra,NA,NA
Eta,Nidhauli Kala,Jhinwar,NA,NA
Eta,Nidhauli Kala,Raftanagar Saithra,NA,NA
Eta,Nidhauli Kala,Gahrana,NA,NA
Eta,Nidhauli Kala,Gudha,NA,NA
Eta,Nidhauli Kala,Dastampur,NA,NA
Eta,Nidhauli Kala,Magroli,NA,NA
Eta,Nidhauli Kala,Manaura,NA,NA
Eta,Nidhauli Kala,Margaiya,NA,NA
Eta,Nidhauli Kala,Lahra,NA,NA
Eta,Nidhauli Kala,Nidhauli Dehat,NA,NA
Eta,Nidhauli Kala,Kamsan,NA,NA
Eta,Nidhauli Kala,Gadarpur,NA,NA
Eta,Nidhauli Kala,Jawara,NA,NA
Eta,Nidhauli Kala,Bawasa,NA,NA
Eta,Nidhauli Kala,Sailar,NA,NA
Eta,Nidhauli Kala,Himmatpur Nasirpur,NA,NA
Eta,Nidhauli Kala,Pilua,NA,NA
Eta,Nidhauli Kala,Badagaon,NA,NA
Eta,Nidhauli Kala,Tatarpur Abbal,NA,NA
Eta,Nidhauli Kala,Sunna Sihori,NA,NA
Eta,Nidhauli Kala,Garhwala,NA,NA
Eta,Nidhauli Kala,Bamnai,NA,NA
Eta,Nidhauli Kala,Sirav,NA,NA
Eta,Nidhauli Kala,Rustamgarh,NA,NA
Eta,Nidhauli Kala,Ramnagar,NA,NA
Eta,Nidhauli Kala,Dhaniga,NA,NA
Eta,Nidhauli Kala,Naglabar,NA,NA
Eta,Nidhauli Kala,Husnapur Kakrala,NA,NA
Eta,Nidhauli Kala,Jitoli,NA,NA
Eta,Nidhauli Kala,Vijouri,NA,NA
Eta,Nidhauli Kala,Basundhara,NA,NA
Eta,Nidhauli Kala,Sawant Kheda,NA,NA
Eta,Nidhauli Kala,Bhopur,NA,NA
Eta,Nidhauli Kala,Nawali,NA,NA
Eta,Nidhauli Kala,Kheda,NA,NA
Eta,Nidhauli Kala,Bhaderra,NA,NA
Eta,Nidhauli Kala,Mazhrau,NA,NA
Eta,Nidhauli Kala,Dholeshwar,NA,NA
Eta,Nidhauli Kala,Bhadwas,NA,NA
Eta,Nidhauli Kala,Jogamai,NA,NA
Eta,Nidhauli Kala,Saugra,NA,NA
Eta,Nidhauli Kala,Horchi,NA,NA
Eta,Nidhauli Kala,Aharmai,NA,NA
Eta,Nidhauli Kala,Palia,NA,NA
Eta,Nidhauli Kala,Adhapura,NA,NA
Eta,Nidhauli Kala,Himmatpur Kakamai,NA,NA
Eta,Nidhauli Kala,Muiuddinpur,NA,NA
Eta,Nidhauli Kala,Karuamai,NA,NA
Eta,Nidhauli Kala,WarigWa,NA,NA
Eta,Nidhauli Kala,Vanthal Kutkapur,NA,NA
Eta,Nidhauli Kala,Kaperaita,NA,NA
Eta,Nidhauli Kala,MuharaMohakampur,NA,NA
Eta,Nidhauli Kala,Orni,NA,NA
Eta,Nidhauli Kala,Barai,NA,NA
Eta,Jalesr,Shahanagar Timrua,NA,NA
Eta,Jalesr,Takhawan,NA,NA
Eta,Jalesr,Nagla Anny,NA,NA
Eta,Jalesr,Nagla Miten,NA,NA
Eta,Jalesr,Shalvahanpur,NA,NA
Eta,Jalesr,Koshama,NA,NA
Eta,Jalesr,Gudau,NA,NA
Eta,Jalesr,Vara Shamshpur,NA,NA
Eta,Jalesr,Karthani,NA,NA
Eta,Jalesr,Kajipur Badnapur,NA,NA
Eta,Jalesr,Nagla Sukhdev,NA,NA
Eta,Jalesr,Rajmalpur Timrua,NA,NA
Eta,Jalesr,Shakar a uli,NA,NA
Eta,Jalesr,Hasan AliPur Basai,NA,NA
Eta,Jalesr,Patna,NA,NA
Eta,Jalesr,Jalesar Dehat,NA,NA
Eta,Jalesr,Murhai Prahlad Nagar,NA,NA
Eta,Jalesr,Vishnipur,NA,NA
Eta,Jalesr,Sikandarapur Madhi,NA,NA
Eta,Jalesr,Daulatpur Mushki,NA,NA
Eta,Jalesr,Mahanamai,NA,NA
Eta,Jalesr,Jamon,NA,NA
Eta,Jalesr,Nagbai,NA,NA
Eta,Jalesr,Nagla Mira,NA,NA
Eta,Jalesr,Pawara,NA,NA
Eta,Jalesr,Simarau,NA,NA
Eta,Jalesr,Misauli,NA,NA
Eta,Jalesr,Jainpura,NA,NA
Eta,Jalesr,Mohabbatpura,NA,NA
Eta,Jalesr,Jamalpur Durjan,NA,NA
Eta,Jalesr,Chiragawan,NA,NA
Eta,Jalesr,Deokaranpur,NA,NA
Eta,Jalesr,Samaspur,NA,NA
Eta,Jalesr,Uncha Gaon,NA,NA
Eta,Jalesr,Kunjalpur,NA,NA
Eta,Jalesr,Bachhaipura,NA,NA
Eta,Jalesr,Bichpuri,NA,NA
Eta,Jalesr,Berni,NA,NA
Eta,Jalesr,Bhyau,NA,NA
Eta,Jalesr,Ranausa,NA,NA
Eta,Jalesr,Sarai Neer,NA,NA
Eta,Jalesr,Akbarpur Satha,NA,NA
Eta,Jalesr,Mohanpur,NA,NA
Eta,Jalesr,Satha Nawipur,NA,NA
Eta,Jalesr,Gopalpur,NA,NA
Eta,Jalesr,Rasidpur,NA,NA
Eta,Jalesr,Hasangarh,NA,NA
Eta,Jaithara,Suktikheda,NA,NA
Eta,Jaithara,Baghauli,NA,NA
Eta,Jaithara,Datoli,NA,NA
Eta,Jaithara,Sahori,NA,NA
Eta,Jaithara,Barna,NA,NA
Eta,Jaithara,Daheliya,NA,NA
Eta,Jaithara,Lalpur Jahangirabad,NA,NA
Eta,Jaithara,Nizamabad,NA,NA
Eta,Jaithara,Kasturpura,NA,NA
Eta,Jaithara,Manikpur,NA,NA
Eta,Jaithara,Bhaupura,NA,NA
Eta,Jaithara,Pinjari Gambhir Singh,NA,NA
Muzzafarnagar,Kandla,Bhaneda,2012,Kandhla
Eta,Jaithara,Harsinhpur,NA,NA
Eta,Jaithara,Maharajpur,NA,NA
Eta,Jaithara,Ganpatipur Badhapur,NA,NA
Eta,Jaithara,Masulia,NA,NA
Eta,Jaithara,Ahrai Bichnapur,NA,NA
Eta,Jaithara,Kharsela,NA,NA
Eta,Jaithara,Pinjari Summer Singh,NA,NA
Eta,Jaithara,Sarounth Pachhya,NA,NA
Eta,Jaithara,Jasrathpur,NA,NA
Eta,Jaithara,Amritpur Raghupur,NA,NA
Eta,Jaithara,Gasinghpur,NA,NA
Eta,Jaithara,Tauseiaya Maluk,NA,NA
Eta,Jaithara,Tauseya Kisanana,NA,NA
Eta,Jaithara,Khiria Banar,NA,NA
Eta,Jaithara,Dharouli,NA,NA
Eta,Jaithara,Bahagon,NA,NA
Eta,Jaithara,Garhi Roshan,NA,NA
Eta,Jaithara,Majra Jat Jaithra,NA,NA
Eta,Jaithara,Targawa,NA,NA
Eta,Jaithara,Daulatpur,NA,NA
Eta,Jaithara,Muiuddinpur,NA,NA
Eta,Jaithara,Khiria Nagar Shah,NA,NA
Eta,Jaithara,Kathingra,NA,NA
Eta,Jaithara,Khettupur,NA,NA
Eta,Jaithara,Rupdhani,NA,NA
Eta,Jaithara,Udaypura,NA,NA
Eta,Jaithara,Kasela,NA,NA
Eta,Jaithara,Baraulia,NA,NA
Muzzafarnagar,Kandla,Karaunda Mahajan,2012,Kandhla
Eta,Jaithara,Dhumari,NA,NA
Eta,Jaithara,Phaganol,NA,NA
Eta,Jaithara,Tikathar,NA,NA
Eta,Jaithara,Vichhand Pahadpur,NA,NA
Eta,Jaithara,Khiria Khwa,NA,NA
Eta,Jaithara,Shekhpura,NA,NA
Eta,Jaithara,Parauli Suhagpur,NA,NA
Eta,Jaithara,Mohkampur,NA,NA
Eta,Jaithara,Bhaul,NA,NA
Eta,Jaithara,Medupura,NA,NA
Eta,Jaithara,Banyan Dhara,NA,NA
Eta,Jaithara,Guhatiya Khurd Kalan,NA,NA
Eta,Jaithara,Tigara Bhamoda,NA,NA
Eta,Jaithara,Badoopura,NA,NA
Eta,Jaithara,Ahmadpur,NA,NA
Muzzafarnagar,Kandla,K h w aspur,2012,Kandhla
Eta,Aligunj,Amaulipur Ratanpur,NA,NA
Eta,Aligunj,Kanchanpur Ase No,NA,NA
Eta,Aligunj,Muhammadnagar Bazhera,NA,NA
Eta,Aligunj,Geber Asadullahpur,NA,NA
Eta,Aligunj,Dhibaeiya Akhtiarpur,NA,NA
Eta,Aligunj,Farsauli,NA,NA
Eta,Aligunj,Sumor,NA,NA
Eta,Aligunj,Sasotha Dhospur,NA,NA
Eta,Aligunj,Sarautiya,NA,NA
Muzzafarnagar,Kandla,Sarnawali,2012,Kandhla
Eta,Aligunj,Mitaulia,NA,NA
Eta,Aligunj,Kishanpur,NA,NA
Eta,Aligunj,Vijaypur,NA,NA
Eta,Aligunj,Garhiya Jagannath,NA,NA
Eta,Aligunj,Tajpur Adha,NA,NA
Eta,Aligunj,Agandpur,NA,NA
Eta,Aligunj,Vilsad Puwaya,NA,NA
Eta,Aligunj,Wilsad Pachayyan,NA,NA
Eta,Aligunj,Vilsad Patti,NA,NA
Eta,Aligunj,Mazra Raja Ka Rampur,NA,NA
Eta,Aligunj,Kaila,NA,NA
Eta,Aligunj,Chandanpur,NA,NA
Eta,Aligunj,Rai,NA,NA
Eta,Aligunj,Hatsari,NA,NA
Eta,Aligunj,Imadpur,NA,NA
Eta,Aligunj,Vijaydepur,NA,NA
Eta,Aligunj,Sikandarpur Salwah,NA,NA
Eta,Aligunj,Tikepura,NA,NA
Eta,Aligunj,Arjunai Simrai,NA,NA
Eta,Aligunj,Luhadi Khera,NA,NA
Muzzafarnagar,Kandla,Brahmkheda,2012,Kandhla
Eta,Aligunj,Kakora,NA,NA
Eta,Aligunj,Luharigavi,NA,NA
Eta,Aligunj,Kulhapur Buzurg,NA,NA
Eta,Aligunj,Kachhia Bada,NA,NA
Eta,Aligunj,Angaraiya Gangai,NA,NA
Eta,Aligunj,Angraiya Jamunai,NA,NA
Eta,Aligunj,Ramnagar,NA,NA
Eta,Aligunj,Jajalpur,NA,NA
Eta,Aligunj,Naktayi Khurd,NA,NA
Eta,Aligunj,Raya,NA,NA
Eta,Aligunj,Vichhaura Gang,NA,NA
Eta,Aligunj,Nagla Sawawa,NA,NA
Eta,Aligunj,Bhurapuraa,NA,NA
Eta,Aligunj,Tisauri,NA,NA
Eta,Aligunj,Nagla Ummed,NA,NA
Eta,Aligunj,Bhaduiya Math,NA,NA
Eta,Aligunj,Jatoura Bhaan,NA,NA
Eta,Aligunj,Akbarpur Kot,NA,NA
Eta,Aligunj,Dawoodganj,NA,NA
Eta,Aligunj,Jhakrai,NA,NA
Muzzafarnagar,Kandla,Mimla,2012,Kandhla
Eta,Aligunj,Fardpur,NA,NA
Eta,Aligunj,Devtara,NA,NA
Eta,Aligunj,Mihuta,NA,NA
Eta,Aligunj,Kudesha,NA,NA
Eta,Aligunj,DahaLiya puth,NA,NA
Eta,Aligunj,Agauanapur,NA,NA
Eta,Aligunj,Majra Jat Aligunj,NA,NA
Eta,Aligunj,Dhatigara,NA,NA
Eta,Aligunj,Nadrala,NA,NA
Eta,Aligunj,Bani,NA,NA
Muzzafarnagar,Kandla,Kheda Mastan,2012,Kandhla
Eta,Aligunj,Alipur,NA,NA
Eta,Aligunj,Aliyapur Dada,NA,NA
Eta,Aligunj,AmoDhpur BhatAn,NA,NA
Eta,Aligunj,Vithara,NA,NA
Eta,Aligunj,Ubbai Asadnagar,NA,NA
Eta,Aligunj,Jahangirpur,NA,NA
Eta,Aligunj,Tamrora,NA,NA
Eta,Aligunj,Khiriya Pmaran,NA,NA
Eta,Aligunj,Akbarpur Lalshay,NA,NA
Eta,Aligunj,Ramanagaria Asharam,NA,NA
Muzzafarnagar,Kandla,Kamrudinagar,2012,Kandhla
Eta,Aligunj,Bhadki,NA,NA
Eta,Aligunj,Partapur Katara,NA,NA
Eta,Aligunj,Kharsuliya,NA,NA
Eta,Aligunj,Naya Gaon,NA,NA
Eta,Aligunj,Dadupur Asgarpur,NA,NA
Eta,Aligunj,Kaluaa Tilpur,NA,NA
Eta,Aligunj,Sarai Agaht,NA,NA
Eta,Aligunj,Juneidpur,NA,NA
Eta,Aligunj,Fatehpur,NA,NA
Eta,Aligunj,Purahar Bulaki Nagar,NA,NA
Eta,Aligunj,Kalijar,NA,NA
Eta,Aligunj,Gahi,NA,NA
Eta,Aligunj,Nawar,NA,NA
Eta,Aligunj,Harsingpur,NA,NA
Eta,Aligunj,Kudha,NA,NA
Muzzafarnagar,Kandla,Hariyakheda,2012,Kandhla
Muzzafarnagar,Kandla,Kharad,2012,Kandhla
Muzzafarnagar,Kandla,Fugana,2012,Kandhla
Muzzafarnagar,Kandla,Biraal,2012,Kandhla
Farrukhabad,Nawabganj,Ganiipur Jogapur,NA,NA
Farrukhabad,Nawabganj,Bartal,NA,NA
Farrukhabad,Nawabganj,Weg,NA,NA
Farrukhabad,Nawabganj,Siramoura Wanger,NA,NA
Farrukhabad,Nawabganj,Bhagoora,NA,NA
Farrukhabad,Nawabganj,Birpur,NA,NA
Farrukhabad,Nawabganj,Kanasi,NA,NA
Farrukhabad,Nawabganj,Saithra,NA,NA
Farrukhabad,Nawabganj,Faridpur,NA,NA
Farrukhabad,Nawabganj,Ummarpur,NA,NA
Farrukhabad,Nawabganj,Athruiya,NA,NA
Farrukhabad,Nawabganj,Barwiko,NA,NA
Farrukhabad,Nawabganj,Jirau,NA,NA
Farrukhabad,Nawabganj,Paithan Khurd Bujurg,NA,NA
Farrukhabad,Nawabganj,Lali,NA,NA
Farrukhabad,Nawabganj,Shivarai Math,NA,NA
Farrukhabad,Nawabganj,Izur,NA,NA
Farrukhabad,Nawabganj,Alhadapur,NA,NA
Farrukhabad,Nawabganj,Gathwaya,NA,NA
Farrukhabad,Nawabganj,Rukhaiya Khalikdadpur,NA,NA
Muzzafarnagar,Kandla,Durganpur,2012,Kandhla
Farrukhabad,Nawabganj,Fatehpur Parauli,NA,NA
Farrukhabad,Nawabganj,Hathora,NA,NA
Farrukhabad,Nawabganj,Nogaon,NA,NA
Farrukhabad,Nawabganj,Jarhari,NA,NA
Farrukhabad,Nawabganj,Kokapur,NA,NA
Farrukhabad,Nawabganj,Achariya Wakerpur,NA,NA
Farrukhabad,Nawabganj,Rasidpur,NA,NA
Farrukhabad,Nawabganj,Hadidadpur Mai,NA,NA
Farrukhabad,Nawabganj,Kutubuddinpur,NA,NA
Farrukhabad,Nawabganj,Jyoni,NA,NA
Farrukhabad,Nawabganj,Jyoona,NA,NA
Farrukhabad,Nawabganj,Salempur Dundemai,NA,NA
Farrukhabad,Nawabganj,Bawana,NA,NA
Farrukhabad,Nawabganj,Vijouri,NA,NA
Farrukhabad,Nawabganj,Dharrashadinagar,NA,NA
Farrukhabad,Nawabganj,Kadhiyli,NA,NA
Farrukhabad,Nawabganj,Kakiuili,NA,NA
Farrukhabad,Nawabganj,Patyaura,NA,NA
Farrukhabad,Nawabganj,Imaadpur Samaichipur,NA,NA
Farrukhabad,Nawabganj,Bhatasa,NA,NA
Muzzafarnagar,Kandla,Doonger,2012,Kandhla
Farrukhabad,Nawabganj,Turkallaiya,NA,NA
Farrukhabad,Nawabganj,Rajpalpur,NA,NA
Farrukhabad,Nawabganj,Lakhanpur,NA,NA
Farrukhabad,Nawabganj,Ramapur Dawir,NA,NA
Farrukhabad,Nawabganj,Silsanda,NA,NA
Farrukhabad,Nawabganj,Pahadpur,NA,NA
Farrukhabad,Nawabganj,Divaramahasoun,NA,NA
Farrukhabad,Nawabganj,Baliyapur,NA,NA
Farrukhabad,Nawabganj,Khalbara,NA,NA
Farrukhabad,Nawabganj,Fatanpur,NA,NA
Farrukhabad,Nawabganj,Kurar,NA,NA
Farrukhabad,Nawabganj,Nagla Kel,NA,NA
Farrukhabad,Nawabganj,Sahavganj,NA,NA
Farrukhabad,Nawabganj,Gudhina,NA,NA
Farrukhabad,Nawabganj,Pilkhana,NA,NA
Farrukhabad,Bad. Pura,Baraun,NA,NA
Farrukhabad,Bad. Pura,Babarpur,NA,NA
Farrukhabad,Bad. Pura,Rasidpur,NA,NA
Farrukhabad,Bad. Pura,Janaiya Sitaiya,NA,NA
Muzzafarnagar,Kandla,Rajpur Chajpur,2012,Kandhla
Farrukhabad,Bad. Pura,Saraiya,NA,NA
Farrukhabad,Bad. Pura,Gangauli,NA,NA
Farrukhabad,Bad. Pura,Arrahpahadpur,NA,NA
Farrukhabad,Bad. Pura,Noorpur,NA,NA
Farrukhabad,Bad. Pura,Awazpur,NA,NA
Farrukhabad,Bad. Pura,Hathi pur,NA,NA
Farrukhabad,Bad. Pura,Beesalpur Tarai,NA,NA
Farrukhabad,Bad. Pura,Ghutasi,NA,NA
Farrukhabad,Bad. Pura,Reha Karanpur,NA,NA
Farrukhabad,Bad. Pura,Mahalai,NA,NA
Farrukhabad,Bad. Pura,Mahammadpur Kasan,NA,NA
Farrukhabad,Bad. Pura,Baseli,NA,NA
Farrukhabad,Bad. Pura,Budhnamau,NA,NA
Farrukhabad,Bad. Pura,Ninaua,NA,NA
Farrukhabad,Bad. Pura,Rampuraa,NA,NA
Farrukhabad,Bad. Pura,Papiapur,NA,NA
Farrukhabad,Bad. Pura,Bhaupur Khurd,NA,NA
Farrukhabad,Bad. Pura,Kutra,NA,NA
Farrukhabad,Bad. Pura,Dhansua,NA,NA
Farrukhabad,Bad. Pura,Vijadharpur,NA,NA
Muzzafarnagar,Kandla,Kandhla Dehat,2012,Kandhla
Farrukhabad,Bad. Pura,Haiwatpur Garhiya,NA,NA
Farrukhabad,Bad. Pura,Vilavalpur,NA,NA
Farrukhabad,Bad. Pura,Nagla Wazir Kharbandi,NA,NA
Farrukhabad,Bad. Pura,Dharampur Katari,NA,NA
Farrukhabad,Bad. Pura,Kuberpur Ghat,NA,NA
Farrukhabad,Bad. Pura,Dhilawala,NA,NA
Farrukhabad,Bad. Pura,Devrampur,NA,NA
Farrukhabad,Bad. Pura,Jasmai,NA,NA
Farrukhabad,Bad. Pura,Gharampur,NA,NA
Farrukhabad,Bad. Pura,Jaitpur,NA,NA
Farrukhabad,Bad. Pura,Ajmatpur,NA,NA
Farrukhabad,Bad. Pura,Chandpur,NA,NA
Farrukhabad,Bad. Pura,Sota Bahadurpur,NA,NA
Farrukhabad,Bad. Pura,Amathi Jadid,NA,NA
Farrukhabad,Bad. Pura,Amethi Kohna,NA,NA
Farrukhabad,Bad. Pura,Madhopur,NA,NA
Farrukhabad,Bad. Pura,Maseni,NA,NA
Farrukhabad,Bad. Pura,Khanpur,NA,NA
Farrukhabad,Bad. Pura,Yakutganj,NA,NA
Farrukhabad,Bad. Pura,Pithupur Mehdia,NA,NA
Farrukhabad,Bad. Pura,Chauspur,NA,NA
Farrukhabad,Bad. Pura,Kiratpur,NA,NA
Farrukhabad,Bad. Pura,Lakhmipur,NA,NA
Farrukhabad,Bad. Pura,Maharupur Sahju,NA,NA
Farrukhabad,Kayamganj,Hansapur Gaurai,NA,NA
Farrukhabad,Kayamganj,Ataipur Kohna,NA,NA
Farrukhabad,Kayamganj,Ataipur Jadid,NA,NA
Farrukhabad,Kayamganj,Katara Rahmat Khan,NA,NA
Farrukhabad,Kayamganj,Mau Rashidabad,NA,NA
Farrukhabad,Kayamganj,Hamirpur Khas,NA,NA
Farrukhabad,Kayamganj,Gird Kayamganj,NA,NA
Farrukhabad,Kayamganj,Kuberpur,NA,NA
Farrukhabad,Kayamganj,Pitoura,NA,NA
Farrukhabad,Kayamganj,Subhanpur,NA,NA
Farrukhabad,Kayamganj,Jhabbooppur,NA,NA
Farrukhabad,Kayamganj,Ludhiya,NA,NA
Farrukhabad,Kayamganj,Narsinghpur,NA,NA
Farrukhabad,Kayamganj,Allahabad,NA,NA
Farrukhabad,Kayamganj,Rautol,NA,NA
Farrukhabad,Kayamganj,Majhola,NA,NA
Farrukhabad,Kayamganj,Murdol,NA,NA
Farrukhabad,Kayamganj,Lakhanpur,NA,NA
Farrukhabad,Kayamganj,Joura,NA,NA
Farrukhabad,Kayamganj,Pacharoli MahaDevpur,NA,NA
Farrukhabad,Kayamganj,Sinoli,NA,NA
Farrukhabad,Kayamganj,Dharampur,NA,NA
Farrukhabad,Kayamganj,Jijpura,NA,NA
Farrukhabad,Kayamganj,Raipur Khas,NA,NA
Farrukhabad,Kayamganj,Bahlolpur,NA,NA
Farrukhabad,Kayamganj,Kunwarpur Imlak,NA,NA
Farrukhabad,Kayamganj,Medpur,NA,NA
Farrukhabad,Kayamganj,Atamgapur,NA,NA
Farrukhabad,Kayamganj,Qadaradadpur Sarai,NA,NA
Farrukhabad,Kayamganj,Pauraurii,NA,NA
Farrukhabad,Kayamganj,Sikandarpur Khas,NA,NA
Farrukhabad,Kayamganj,Nizamuuddinpur,NA,NA
Farrukhabad,Kayamganj,Kunwarpur Khas,NA,NA
Farrukhabad,Kayamganj,Hotepur,NA,NA
Farrukhabad,Kayamganj,Bhagipur Umrah,NA,NA
Farrukhabad,Kayamganj,Katia,NA,NA
Farrukhabad,Kayamganj,Deepur Nagaria,NA,NA
Farrukhabad,Kayamganj,Chilouli,NA,NA
Farrukhabad,Kayamganj,Narainmau,NA,NA
Farrukhabad,Kayamganj,Shivarai Variyar,NA,NA
Farrukhabad,Kayamganj,Hakikatpur,NA,NA
Farrukhabad,Kayamganj,Ranipur Gaur,NA,NA
Farrukhabad,Kayamganj,Nyamatpur Dhilawali,NA,NA
Farrukhabad,Kayamganj,BrahImpur Jagir,NA,NA
Farrukhabad,Kayamganj,Darapur,NA,NA
Farrukhabad,Kayamganj,Tyor khas,NA,NA
Farrukhabad,Kayamganj,Rasidpur,NA,NA
Farrukhabad,Kayamganj,Barkheda,NA,NA
Farrukhabad,Kayamganj,Pattimadari,NA,NA
Farrukhabad,Kayamganj,Raipur Chinhatpur,NA,NA
Farrukhabad,Kayamganj,Ikalhara,NA,NA
Farrukhabad,Kayamganj,Shahpur Gangpur,NA,NA
Farrukhabad,Kayamganj,Savitapur Bihar,NA,NA
Farrukhabad,Kayamganj,Bilha,NA,NA
Farrukhabad,Kayamganj,Sikandarpur Tihaiya,NA,NA
Farrukhabad,Kayamganj,Kamruddinnagar,NA,NA
Farrukhabad,Kayamganj,Raukri,NA,NA
Farrukhabad,Kayamganj,Goojarpur,NA,NA
Farrukhabad,Kayamganj,Shadnagar,NA,NA
Farrukhabad,Kayamganj,Sikandarpur Agu,NA,NA
Farrukhabad,Kayamganj,Bhainisari,NA,NA
Farrukhabad,Kayamganj,Bahwalpur,NA,NA
Farrukhabad,Kayamganj,SiwaraKhas,NA,NA
Farrukhabad,Kayamganj,SiwaraMukut,NA,NA
Farrukhabad,Kayamganj,Mistini,NA,NA
Farrukhabad,Kayamganj,GauraKheDa,NA,NA
Farrukhabad,Kayamganj,jinauli,NA,NA
Farrukhabad,Kayamganj,Shahipur,NA,NA
Farrukhabad,Kayamganj,Mahmoodpur Sinhauda,NA,NA
Farrukhabad,Kayamganj,Samauddinpur,NA,NA
Farrukhabad,Kayamganj,BilsDi,NA,NA
Farrukhabad,Kayamganj,Khetlpur Sauria,NA,NA
Farrukhabad,Kayamganj,Lodhipur,NA,NA
Farrukhabad,Kayamganj,Rudaayan,NA,NA
Farrukhabad,Kayamganj,Jijauta Bujurg,NA,NA
Farrukhabad,Kayamganj,Pahadpur,NA,NA
Farrukhabad,Raajepur,Mahamadganj,NA,NA
Farrukhabad,Raajepur,Tera Akbarpur,NA,NA
Farrukhabad,Raajepur,Khutia,NA,NA
Farrukhabad,Raajepur,Kadhar,NA,NA
Farrukhabad,Raajepur,Sawasi,NA,NA
Farrukhabad,Raajepur,Sarh,NA,NA
Farrukhabad,Raajepur,bharakha,NA,NA
Farrukhabad,Raajepur,Salempur,NA,NA
Farrukhabad,Raajepur,Jitauli,NA,NA
Farrukhabad,Raajepur,Aatar,NA,NA
Farrukhabad,Raajepur,Sundarpur,NA,NA
Farrukhabad,Raajepur,Darapur,NA,NA
Farrukhabad,Raajepur,Patti Darapur,NA,NA
Farrukhabad,Raajepur,Nagla Kewal,NA,NA
Farrukhabad,Raajepur,Badanpur,NA,NA
Farrukhabad,Raajepur,Kanakpur,NA,NA
Farrukhabad,Raajepur,Chachupur Jatpura,NA,NA
Farrukhabad,Raajepur,Daheliya,NA,NA
Meerut,Jani Khurd,Chaubala,1972,Janikhurd
Farrukhabad,Raajepur,Gandhi,NA,NA
Farrukhabad,Raajepur,Muhammadpur Garhiya,NA,NA
Farrukhabad,Raajepur,Bahadurpur,NA,NA
Farrukhabad,Raajepur,Kamaluddinpur,NA,NA
Farrukhabad,Raajepur,Sathra,NA,NA
Farrukhabad,Raajepur,Khandauli,NA,NA
Farrukhabad,Raajepur,Kharagpur,NA,NA
Farrukhabad,Raajepur,Vilalpur Turkhata,NA,NA
Farrukhabad,Raajepur,Sherakhar Gautia,NA,NA
Farrukhabad,Raajepur,Siddhechakar Pur,NA,NA
Farrukhabad,Raajepur,Rajepur Rathonri,NA,NA
Farrukhabad,Raajepur,Aligarh Mohddinpur,NA,NA
Farrukhabad,Raajepur,Kadakka,NA,NA
Farrukhabad,Raajepur,Jainapur Maheshpur,NA,NA
Farrukhabad,Raajepur,Tushor,NA,NA
Farrukhabad,Raajepur,Ujramau Nayagaon,NA,NA
Farrukhabad,Raajepur,Dwari,NA,NA
Farrukhabad,Raajepur,Rampur Jograjpur,NA,NA
Farrukhabad,Raajepur,Kanchanpur,NA,NA
Farrukhabad,Raajepur,Amber Pur,NA,NA
Farrukhabad,Raajepur,Kuber Kutulpur,NA,NA
Farrukhabad,Raajepur,Nagariya Jawahar,NA,NA
Farrukhabad,Raajepur,Bhaunpur Chaurasi,NA,NA
Farrukhabad,Raajepur,Hamirpur Somvanshi,NA,NA
Farrukhabad,Raajepur,Daulatpur Chakkai,NA,NA
Farrukhabad,Raajepur,Amritpur,NA,NA
Farrukhabad,Raajepur,Nagla Husa,NA,NA
Farrukhabad,Raajepur,Wali Patti Raniganv,NA,NA
Farrukhabad,Raajepur,Fakarpu,NA,NA
Farrukhabad,Raajepur,AasamPur,NA,NA
Farrukhabad,Raajepur,Partapur Kalan,NA,NA
Farrukhabad,Raajepur,Karanpur Dutt,NA,NA
Farrukhabad,Raajepur,Virsingpur,NA,NA
Farrukhabad,Raajepur,Virpur Hariharpur,NA,NA
Farrukhabad,Raajepur,Sikandarpur,NA,NA
Farrukhabad,Raajepur,Bhuvanpur Tajpur,NA,NA
Farrukhabad,Raajepur,Bhujha,NA,NA
Farrukhabad,Raajepur,Kumhror,NA,NA
Meerut,Jani Khurd,Muhammadpur Dhoomi,1972,Janikhurd
Farrukhabad,Raajepur,HarisinghPur Gahlwar,NA,NA
Farrukhabad,Raajepur,Kirachan,NA,NA
Farrukhabad,Raajepur,Hussainpur Rajpur,NA,NA
Farrukhabad,Raajepur,Udhar Leelapur,NA,NA
Farrukhabad,Raajepur,Goojupur Pamaaran,NA,NA
Farrukhabad,Raajepur,Pithanapur,NA,NA
Farrukhabad,Raajepur,Kuberpur Kudra,NA,NA
Farrukhabad,Raajepur,Kola Sota,NA,NA
Farrukhabad,Raajepur,Amaiyapur,NA,NA
Farrukhabad,Raajepur,Gudera,NA,NA
Farrukhabad,Raajepur,Chapra,NA,NA
Farrukhabad,Raajepur,Ratanpur Pamaaran,NA,NA
Farrukhabad,Raajepur,Bhawan,NA,NA
Farrukhabad,Shamshabaad,Barzhala,NA,NA
Farrukhabad,Shamshabaad,Ariyara,NA,NA
Farrukhabad,Shamshabaad,Chilsari,NA,NA
Farrukhabad,Shamshabaad,Papdi Khurd Bujurg,NA,NA
Farrukhabad,Shamshabaad,Jirkhapur,NA,NA
Farrukhabad,Shamshabaad,Sultanpur,NA,NA
Farrukhabad,Shamshabaad,Khudna Dhanwan,NA,NA
Farrukhabad,Shamshabaad,Kuiyansant,NA,NA
Farrukhabad,Shamshabaad,Kisroli,NA,NA
Farrukhabad,Shamshabaad,Nagla Damu,NA,NA
Farrukhabad,Shamshabaad,Dhmuyyarasulpur,NA,NA
Farrukhabad,Shamshabaad,Dalelganj,NA,NA
Farrukhabad,Shamshabaad,Lahraraja Kulipur,NA,NA
Farrukhabad,Shamshabaad,Faridpur Saidwara,NA,NA
Farrukhabad,Shamshabaad,Kuiyankheda,NA,NA
Farrukhabad,Shamshabaad,Rajlamai,NA,NA
Farrukhabad,Shamshabaad,Imadpur Thamarai,NA,NA
Farrukhabad,Shamshabaad,Muraithi,NA,NA
Farrukhabad,Shamshabaad,Sikandarpur,NA,NA
Farrukhabad,Shamshabaad,Nagla Seth,NA,NA
Farrukhabad,Shamshabaad,Amiliya Aashaanand,NA,NA
Farrukhabad,Shamshabaad,Dubri,NA,NA
Farrukhabad,Shamshabaad,Gadanpurchain,NA,NA
Farrukhabad,Shamshabaad,Santoshapur,NA,NA
Farrukhabad,Shamshabaad,Bhidaur,NA,NA
Farrukhabad,Shamshabaad,Roshanabad,NA,NA
Farrukhabad,Shamshabaad,Smaspur Bhikhari,NA,NA
Farrukhabad,Shamshabaad,Asgarpur,NA,NA
Farrukhabad,Shamshabaad,Kaluapur Sani,NA,NA
Farrukhabad,Shamshabaad,Bachhlaita,NA,NA
Farrukhabad,Shamshabaad,Bairampur,NA,NA
Farrukhabad,Shamshabaad,Ajijabad,NA,NA
Farrukhabad,Shamshabaad,SharifPur Chhichhani,NA,NA
Farrukhabad,Shamshabaad,Belasaraigaja,NA,NA
Farrukhabad,Shamshabaad,Faridpur Manglipur,NA,NA
Farrukhabad,Shamshabaad,Pahaadpur Bairaagar,NA,NA
Meerut,Jani Khurd,Mahaapaa,1972,Janikhurd
Farrukhabad,Shamshabaad,Behtaa Ballu,NA,NA
Farrukhabad,Shamshabaad,Gutty Dakshin,NA,NA
Farrukhabad,Shamshabaad,Bhagwanpur,NA,NA
Farrukhabad,Shamshabaad,Wajidpur,NA,NA
Farrukhabad,Shamshabaad,sultanaganz kharetta,NA,NA
Farrukhabad,Shamshabaad,Kasimpur Tarai,NA,NA
Farrukhabad,Shamshabaad,Kuarkheda Wazir Aat,NA,NA
Farrukhabad,Shamshabaad,Kuar Khera Khas,NA,NA
Farrukhabad,Shamshabaad,Ahmadganj,NA,NA
Farrukhabad,Shamshabaad,Nyamatpur Bhubhsi,NA,NA
Farrukhabad,Shamshabaad,Mahammadpur Musepur,NA,NA
Farrukhabad,Shamshabaad,Chilsara,NA,NA
Farrukhabad,Shamshabaad,Gadia Haiwatpur,NA,NA
Farrukhabad,Shamshabaad,Rampuraa,NA,NA
Farrukhabad,Shamshabaad,Prahladpur Santosh,NA,NA
Farrukhabad,Shamshabaad,Barai,NA,NA
Farrukhabad,Shamshabaad,Champatpur,NA,NA
Farrukhabad,Shamshabaad,Alepurpit Dhavaleswar,NA,NA
Farrukhabad,Shamshabaad,Naigwan,NA,NA
Farrukhabad,Shamshabaad,Ramappurjasu,NA,NA
Farrukhabad,Shamshabaad,Rashidpur Tarai,NA,NA
Farrukhabad,Shamshabaad,Sarparpur,NA,NA
Farrukhabad,Shamshabaad,khwaja ahmadpur kati,NA,NA
Farrukhabad,Shamshabaad,Manjhna,NA,NA
Farrukhabad,Shamshabaad,Pasiyapur,NA,NA
Farrukhabad,Shamshabaad,Khudnawaid,NA,NA
Farrukhabad,Shamshabaad,Valipur Bhagvant,NA,NA
Farrukhabad,Shamshabaad,Kuyia Ghir,NA,NA
Farrukhabad,Shamshabaad,Sona JankiPur,NA,NA
Farrukhabad,Shamshabaad,Sadikpur,NA,NA
Farrukhabad,Shamshabaad,Turkipur,NA,NA
Farrukhabad,Shamshabaad,Gusrapur,NA,NA
Farrukhabad,Shamshabaad,Milkamojmulla,NA,NA
Farrukhabad,Shamshabaad,Badhauna,NA,NA
Farrukhabad,Shamshabaad,Khinmini,NA,NA
Farrukhabad,Shamshabaad,Baghau,NA,NA
Farrukhabad,Shamshabaad,Harsinghpur Gowa,NA,NA
Farrukhabad,Shamshabaad,Badanpur,NA,NA
Farrukhabad,Shamshabaad,Nagala Kallar,NA,NA
Farrukhabad,Shamshabaad,Baksari,NA,NA
Farrukhabad,Kamalganj,Rajipur,NA,NA
Farrukhabad,Kamalganj,Bhatpura,NA,NA
Farrukhabad,Kamalganj,Devaranghariya,NA,NA
Farrukhabad,Kamalganj,Makrandnagar Vaska,NA,NA
Farrukhabad,Kamalganj,Chandanpur,NA,NA
Farrukhabad,Kamalganj,Khudaganj,NA,NA
Farrukhabad,Kamalganj,Shringirampur,NA,NA
Farrukhabad,Kamalganj,Gagani,NA,NA
Farrukhabad,Kamalganj,Sherpur Sarai,NA,NA
Farrukhabad,Kamalganj,Rampur Majhgaon,NA,NA
Farrukhabad,Kamalganj,Ratanpur,NA,NA
Farrukhabad,Kamalganj,Kaṃjhānā,NA,NA
Farrukhabad,Kamalganj,Hisampur,NA,NA
Farrukhabad,Kamalganj,Nyamatpur Thakuron,NA,NA
Farrukhabad,Kamalganj,Chauki Mahammadpur,NA,NA
Farrukhabad,Kamalganj,Bandarkheda,NA,NA
Farrukhabad,Kamalganj,Mahroopur Bijal,NA,NA
Farrukhabad,Kamalganj,Vidhail,NA,NA
Farrukhabad,Kamalganj,Shekhpur Rustampur,NA,NA
Farrukhabad,Kamalganj,Bichpuri,NA,NA
Farrukhabad,Kamalganj,Gadanpur Devrajpur,NA,NA
Farrukhabad,Kamalganj,Jiragaur,NA,NA
Farrukhabad,Kamalganj,Amanabad,NA,NA
Farrukhabad,Kamalganj,Bhulanpur Chirpura,NA,NA
Farrukhabad,Kamalganj,Gadhapur Turra,NA,NA
Farrukhabad,Kamalganj,Daraora,NA,NA
Farrukhabad,Kamalganj,Iqbalpatti,NA,NA
Farrukhabad,Kamalganj,Rasidpur,NA,NA
Farrukhabad,Kamalganj,Ugrapur,NA,NA
Farrukhabad,Kamalganj,Kaittha,NA,NA
Farrukhabad,Kamalganj,Katarauli Patti,NA,NA
Farrukhabad,Kamalganj,Sadariapur,NA,NA
Farrukhabad,Kamalganj,Singhauli,NA,NA
Farrukhabad,Kamalganj,Nagariya,NA,NA
Farrukhabad,Kamalganj,Dugarpur,NA,NA
Farrukhabad,Kamalganj,Mahoi,NA,NA
Farrukhabad,Kamalganj,Haiderpur,NA,NA
Farrukhabad,Kamalganj,Lauwa N 0 Manpatti,NA,NA
Farrukhabad,Kamalganj,Kundanganshipur,NA,NA
Farrukhabad,Kamalganj,Gopalpur,NA,NA
Farrukhabad,Kamalganj,Varna Bujurg,NA,NA
Farrukhabad,Kamalganj,Sitaooli,NA,NA
Farrukhabad,Kamalganj,RuniChursai,NA,NA
Farrukhabad,Kamalganj,Jarari,NA,NA
Farrukhabad,Kamalganj,Rathaura Muhiuddinpur,NA,NA
Farrukhabad,Kamalganj,Maadal Shankarapur,NA,NA
Farrukhabad,Kamalganj,KoriKheda,NA,NA
Farrukhabad,Kamalganj,Karamchandpur,NA,NA
Farrukhabad,Kamalganj,Jahan Ganj,NA,NA
Farrukhabad,Kamalganj,Banthalshahpur,NA,NA
Farrukhabad,Kamalganj,Rajepur Tappa Mandal,NA,NA
Farrukhabad,Kamalganj,Behata,NA,NA
Farrukhabad,Kamalganj,Bahorikpur,NA,NA
Farrukhabad,Kamalganj,Mahroorpur Khaar,NA,NA
Farrukhabad,Kamalganj,Ahmedpur Deoria,NA,NA
Farrukhabad,Kamalganj,Daan Mandi,NA,NA
Farrukhabad,Kamalganj,Siraj,NA,NA
Farrukhabad,Kamalganj,Mohammadpur Amlaiya,NA,NA
Farrukhabad,Kamalganj,Ranukheda,NA,NA
Farrukhabad,Kamalganj,Karimganj,NA,NA
Farrukhabad,Kamalganj,Nasratpur Naugawan,NA,NA
Farrukhabad,Kamalganj,Sarfuddinpur,NA,NA
Farrukhabad,Kamalganj,Fateullahpur,NA,NA
Farrukhabad,Kamalganj,Bibipur,NA,NA
Farrukhabad,Kamalganj,Moosa Khiriya,NA,NA
Farrukhabad,Kamalganj,Raipur,NA,NA
Farrukhabad,Kamalganj,Panju Khiriya,NA,NA
Farrukhabad,Kamalganj,Habba pur,NA,NA
Farrukhabad,Kamalganj,Pantauja,NA,NA
Farrukhabad,Kamalganj,Aajejpur,NA,NA
Farrukhabad,Kamalganj,Tajpur,NA,NA
Farrukhabad,Kamalganj,Jahagirpur,NA,NA
Farrukhabad,Kamalganj,Ahimalapur,NA,NA
Farrukhabad,Kamalganj,Nahraiya,NA,NA
Farrukhabad,Kamalganj,Kamalpur,NA,NA
Farrukhabad,Kamalganj,Bhojpur,NA,NA
Farrukhabad,Kamalganj,Fatehpur Kayasthaan,NA,NA
Farrukhabad,Kamalganj,Nagla Khemregai,NA,NA
Farrukhabad,Kamalganj,Baliyapur,NA,NA
Farrukhabad,Kamalganj,Huseynpur Nawakhanda,NA,NA
Farrukhabad,Kamalganj,Rajepur Saray Meda,NA,NA
Farrukhabad,Kamalganj,Mohanpur Dinaarpur,NA,NA
Farrukhabad,Kamalganj,Nyatapuram Kurmiyan,NA,NA
Farrukhabad,Kamalganj,Ninora Shrankhalapur,NA,NA
Farrukhabad,Kamalganj,Gauspur,NA,NA
Farrukhabad,Kamalganj,BahoranPur TappaHaveli,NA,NA
Farrukhabad,Mohammadabad,Karanpur Bansmai,NA,NA
Farrukhabad,Mohammadabad,Bisalpur Wanger,NA,NA
Farrukhabad,Mohammadabad,Ukhra,NA,NA
Farrukhabad,Mohammadabad,Rajaramupur Mai,NA,NA
Farrukhabad,Mohammadabad,Sithupur Kurmi,NA,NA
Farrukhabad,Mohammadabad,Kanhuyakootpur,NA,NA
Farrukhabad,Mohammadabad,Siroli,NA,NA
Farrukhabad,Mohammadabad,Kuberpur Junaandar,NA,NA
Farrukhabad,Mohammadabad,Guraushadinagar,NA,NA
Farrukhabad,Mohammadabad,Sitauli,NA,NA
Farrukhabad,Mohammadabad,Shyoganpur,NA,NA
Farrukhabad,Mohammadabad,Pamarkhiria,NA,NA
Farrukhabad,Mohammadabad,Arjunpur,NA,NA
Farrukhabad,Mohammadabad,Pakhana,NA,NA
Farrukhabad,Mohammadabad,Muran,NA,NA
Farrukhabad,Mohammadabad,Nadaura,NA,NA
Farrukhabad,Mohammadabad,Nagla Sudan,NA,NA
Farrukhabad,Mohammadabad,Ninwakarori,NA,NA
Farrukhabad,Mohammadabad,Faguna Atanpur,NA,NA
Farrukhabad,Mohammadabad,Dullamai,NA,NA
Farrukhabad,Mohammadabad,Madanpur,NA,NA
Farrukhabad,Mohammadabad,Bighamau,NA,NA
Farrukhabad,Mohammadabad,Kanepur,NA,NA
Farrukhabad,Mohammadabad,Katina Manikpur,NA,NA
Farrukhabad,Mohammadabad,Puthri,NA,NA
Farrukhabad,Mohammadabad,Jajpur Banjara,NA,NA
Farrukhabad,Mohammadabad,Sitawanpur Pisu,NA,NA
Farrukhabad,Mohammadabad,Sikanderpur Nagla,NA,NA
Farrukhabad,Mohammadabad,Jajpur Gova,NA,NA
Farrukhabad,Mohammadabad,Barakeshwar,NA,NA
Farrukhabad,Mohammadabad,Bharatpur Rasulpur,NA,NA
Farrukhabad,Mohammadabad,Alawalpur,NA,NA
Farrukhabad,Mohammadabad,Sikandarpur,NA,NA
Farrukhabad,Mohammadabad,Harkampur,NA,NA
Farrukhabad,Mohammadabad,Sakwai,NA,NA
Farrukhabad,Mohammadabad,Tera,NA,NA
Farrukhabad,Mohammadabad,Nisai,NA,NA
Farrukhabad,Mohammadabad,Kureli,NA,NA
Farrukhabad,Mohammadabad,Gausinhpur,NA,NA
Farrukhabad,Mohammadabad,Gosarpur,NA,NA
Farrukhabad,Mohammadabad,Mudgaon,NA,NA
Farrukhabad,Mohammadabad,Dhir Pur,NA,NA
Farrukhabad,Mohammadabad,Ganpatpur Badhanpur,NA,NA
Farrukhabad,Mohammadabad,Sinoodha Prithvi,NA,NA
Farrukhabad,Mohammadabad,Kuberpur Dugrasi,NA,NA
Farrukhabad,Mohammadabad,Meraapur,NA,NA
Farrukhabad,Mohammadabad,Devsenii,NA,NA
Farrukhabad,Mohammadabad,Achhrauda,NA,NA
Farrukhabad,Mohammadabad,Hameerkhera,NA,NA
Farrukhabad,Mohammadabad,Punpalpur,NA,NA
Farrukhabad,Mohammadabad,Barkhiria,NA,NA
Farrukhabad,Mohammadabad,Daheliya,NA,NA
Farrukhabad,Mohammadabad,Unasii,NA,NA
Farrukhabad,Mohammadabad,Shekhpur Khajuri,NA,NA
Farrukhabad,Mohammadabad,Bararikha,NA,NA
Farrukhabad,Mohammadabad,Karthiy,NA,NA
Farrukhabad,Mohammadabad,Lakhraua,NA,NA
Farrukhabad,Mohammadabad,Mauda,NA,NA
Farrukhabad,Mohammadabad,Bihar,NA,NA
Farrukhabad,Mohammadabad,Bankati,NA,NA
Farrukhabad,Mohammadabad,Nagalanarayan,NA,NA
Farrukhabad,Mohammadabad,Harsingpur Shahi,NA,NA
Farrukhabad,Mohammadabad,Bhatkuri,NA,NA
Farrukhabad,Mohammadabad,Roopnagar,NA,NA
Farrukhabad,Mohammadabad,Pipergaon,NA,NA
Farrukhabad,Mohammadabad,Timrua,NA,NA
Farrukhabad,Mohammadabad,Manikpur Dahelia,NA,NA
Farrukhabad,Mohammadabad,PattiKhurda,NA,NA
Farrukhabad,Mohammadabad,Jallau,NA,NA
Farrukhabad,Mohammadabad,Pasaningpur,NA,NA
Farrukhabad,Mohammadabad,Daaudpur Nagla Baag,NA,NA
Farrukhabad,Mohammadabad,Naglabag Rathaura,NA,NA
Farrukhabad,Mohammadabad,Nadsa,NA,NA
Farrukhabad,Mohammadabad,Khimsepur,NA,NA
Farrukhabad,Mohammadabad,Jyonta,NA,NA
Farrukhabad,Mohammadabad,Karanpur Majra Jyota,NA,NA
Farrukhabad,Mohammadabad,Jaitpur,NA,NA
Farrukhabad,Mohammadabad,Raisepur,NA,NA
Farrukhabad,Mohammadabad,Ganeshpur,NA,NA
Kannauj,Kannauj,Sihapur,1844,Kannauj
Kannauj,Kannauj,Najrapur,1844,Kannauj
Kannauj,Kannauj,Madharpur,1844,Kannauj
Kannauj,Kannauj,Sadiyaapur Baangar,1844,Kannauj
Kannauj,Kannauj,Saraymira Dehat,1844,Kannauj
Kannauj,Kannauj,Nasrapur,1844,Kannauj
Kannauj,Kannauj,Ritukaala,1844,Kannauj
Kannauj,Kannauj,Mahmudpur Bija,1844,Kannauj
Kannauj,Jalalabad,Kulhapur,1843,Jalalabad
Kannauj,Jalalabad,Anowgi,1843,Jalalabad
Meerut,Rohta,Rasna,1979,Rohta
Kannauj,Chhibramau,Rori,1840,Chhibramau
Kannauj,Chhibramau,BikooPur,1840,Chhibramau
Kannauj,Chhibramau,Mahmudpur Kirat,1840,Chhibramau
Kannauj,Saurkh,Ejazulpur,1845,Saurikh
Meerut,Rohta,Rasoolpur Mathee,1979,Rohta
Kannauj,Saurkh,Saurikh Dehat,1845,Saurikh
Kannauj,Saurkh,Daddoni,1845,Saurikh
Kannauj,Saurkh,Dadona,1845,Saurikh
Meerut,Rohta,Doonger,1979,Rohta
Kannauj,Umarda,Patti Kadera,1847,Umarda
Kannauj,Umarda,Rura,1847,Umarda
Kannauj,Haseran,Husennegar,1842,Haseran
Kannauj,Haseran,Eraho,1842,Haseran
Kannauj,Haseran,Madhura,1842,Haseran
Kannauj,Haseran,Puraaray,1842,Haseran
Itawah,Chakarnagar,Neemri,1663,Chakarnagar
Itawah,Saifai,Viroli Baidpura,1666,Sefai
Itawah,Saifai,Phulapur,1666,Sefai
Saharanpur,Devbanda,Shehzadpur,2073,Deoband
Itawah,Saifai,Hainwara,1666,Sefai
Itawah,Jaswantnagar,Muhabbatpur N 0 Bhagat,1664,Jaswantnagar
Itawah,Jaswantnagar,Mahalai,1664,Jaswantnagar
Itawah,Jaswantnagar,Rayanagar,1664,Jaswantnagar
Itawah,Jaswantnagar,Mirzapur puthia,1664,Jaswantnagar
Itawah,Jaswantnagar,Ajnaura,1664,Jaswantnagar
Itawah,Jaswantnagar,Jaunei,1664,Jaswantnagar
Itawah,Jaswantnagar,Tijaura,1664,Jaswantnagar
Itawah,Jaswantnagar,No Salhadi,1664,Jaswantnagar
Itawah,Jaswantnagar,Da udua Gopalpur,1664,Jaswantnagar
Itawah,Jaswantnagar,Jugaura,1664,Jaswantnagar
Itawah,Jaswantnagar,Mu 0 Pu 0 Jasohan,1664,Jaswantnagar
Meerut,Daurala,Siwaya,1970,Daurala
Itawah,Bharathana,Alamupur Bibauli,1662,Bharthana
Itawah,Bharathana,Viraundi,1662,Bharthana
Itawah,Bharathana,Umarsera,1662,Bharthana
Itawah,Bharathana,Sephi,1662,Bharthana
Itawah,Bharathana,Sihoa,1662,Bharthana
Itawah,Bharathana,Davrasai,1662,Bharthana
Itawah,Bharathana,Ramaain Mahmoodpur,1662,Bharthana
Itawah,Bharathana,Phoolpur Karwa,1662,Bharthana
Meerut,Daurala,Nanglamukhtyar Pur,1970,Daurala
Itawah,Takha,Amtheri,1667,Takha
Itawah,Takha,Samthar,1667,Takha
Itawah,Badh. Pura,Gadayata,1660,Barhpura
Meerut,Daurala,Jalalpur Behata,1970,Daurala
Itawah,Badh. Pura,Biroli Jamnapar,1660,Barhpura
Itawah,Badh. Pura,Vighupura,1660,Barhpura
Itawah,Badh. Pura,Rajpura,1660,Barhpura
Itawah,Badh. Pura,Alamgarh,1660,Barhpura
Itawah,Badh. Pura,Jhabrapura,1660,Barhpura
Itawah,Badh. Pura,Sitaura,1660,Barhpura
Itawah,Badh. Pura,Prithvipur,1660,Barhpura
Meerut,Daurala,Chindōḍī,1970,Daurala
Meerut,Daurala,Meetheepur,1970,Daurala
Itawah,Basrehar,Munj,1661,Basrehar
Meerut,Daurala,Azhauta,1970,Daurala
Meerut,Daurala,Kherda Tappa Lawad,1970,Daurala
Itawah,Basrehar,Santoshpur Dhar,1661,Basrehar
Itawah,Basrehar,Riitaulii,1661,Basrehar
Itawah,Mahewa,Meghupur,1665,Mahewa
Itawah,Mahewa,Bijoili,1665,Mahewa
Meerut,Rajpura,Khardouni,1978,Rajpura
Itawah,Mahewa,Chindaulee,1665,Mahewa
Itawah,Mahewa,Takरूपur,1665,Mahewa
Itawah,Mahewa,Ikonaur,1665,Mahewa
Meerut,Rajpura,Mu. Nagar Saini,1978,Rajpura
Itawah,Mahewa,Lakhianndava,1665,Mahewa
Itawah,Mahewa,Beheda,1665,Mahewa
Itawah,Mahewa,Uzhiyani,1665,Mahewa
Auraiya,Eva Katra,Erkha Tikta,1447,Erwa Katra
Meerut,Rajpura,Sikhaida,1978,Rajpura
Auraiya,Eva Katra,Surajpur Aekha,1447,Erwa Katra
Meerut,Rajpura,Lalasana,1978,Rajpura
Auraiya,Eva Katra,Vaivah,1447,Erwa Katra
Auraiya,Achhaldaa,Raipur Fafud,1442,Achchalda
Auraiya,Achhaldaa,Shahupur,1442,Achchalda
Auraiya,Achhaldaa,Poorvamake,1442,Achchalda
Meerut,Rajpura,Salarpur,1978,Rajpura
Auraiya,Achhaldaa,Baishli Grameen,1442,Achchalda
Meerut,Rajpura,Bhudpura,1978,Rajpura
Auraiya,Achhaldaa,Itali,1442,Achchalda
Auraiya,Achhaldaa,Nalhapur,1442,Achchalda
Auraiya,Achhaldaa,Dashhara,1442,Achchalda
Meerut,Rajpura,Chiloura,1978,Rajpura
Auraiya,Ajitmal,Amavata,1443,Ajitmal
Auraiya,Ajitmal,Warui,1443,Ajitmal
Auraiya,Ajitmal,Yaduvanshpur,1443,Ajitmal
Auraiya,Auraiya,Padriya,1444,Auraiya
Meerut,Rajpura,Badhla Kethwara,1978,Rajpura
Auraiya,Auraiya,Bhadaripur,1444,Auraiya
Meerut,Rajpura,Samaipur,1978,Rajpura
Auraiya,Auraiya,Shahbazda,1444,Auraiya
Auraiya,Auraiya,Gohana,1444,Auraiya
Auraiya,Auraiya,Ikaurapur,1444,Auraiya
Auraiya,Auraiya,May ( Manpur ),1444,Auraiya
Auraiya,Vidhuna,Madhamachhi Lake,1446,Bidhuna
Meerut,Rajpura,Syal,1978,Rajpura
Auraiya,Vidhuna,Johar,1446,Bidhuna
Auraiya,Vidhuna,Barauli,1446,Bidhuna
Auraiya,Sahar,Abawar,1448,Sahar
Auraiya,Sahar,Amauahaar,1448,Sahar
Auraiya,Sahar,Aouro,1448,Sahar
Auraiya,Sahar,Aseni,1448,Sahar
Auraiya,Sahar,Bhatauli Fafud,1448,Sahar
Auraiya,Bhagyanagar,Donhi,1445,Bhagyanagar
Auraiya,Bhagyanagar,Vaveena,1445,Bhagyanagar
Auraiya,Bhagyanagar,Karahi,1445,Bhagyanagar
Auraiya,Bhagyanagar,Ithaha,1445,Bhagyanagar
Auraiya,Bhagyanagar,Fafund Dehat,1445,Bhagyanagar
Auraiya,Bhagyanagar,Singanpur,1445,Bhagyanagar
Auraiya,Bhagyanagar,Futatla,1445,Bhagyanagar
Auraiya,Bhagyanagar,Mudena Ramdatt,1445,Bhagyanagar
Meerut,Kharkhauda,Aash,1973,Kharkhoda
Auraiya,Bhagyanagar,Baroua,1445,Bhagyanagar
Kanpur Nagar,Sarasaul,Narayanpur,1865,Sarsol
Kanpur Nagar,Sarasaul,Sunhela,1865,Sarsol
Meerut,Kharkhauda,Piplikheda,1973,Kharkhoda
Kanpur Nagar,Sarasaul,Harachandrakheda,1865,Sarsol
Kanpur Nagar,Sarasaul,Karvigwan,1865,Sarsol
Meerut,Kharkhauda,Khadkhadi Govindpur,1973,Kharkhoda
Kanpur Nagar,Sarasaul,Behtha Sakhat,1865,Sarsol
Kanpur Nagar,Sarasaul,Khejau pur,1865,Sarsol
Kanpur Nagar,Sarasaul,Tous,1865,Sarsol
Kanpur Nagar,Sarasaul,Bowser,1865,Sarsol
Kanpur Nagar,Vidhnu,Vidhnu,1867,Vidhunu
Kanpur Nagar,Vidhnu,Sainia,1867,Vidhunu
Kanpur Nagar,Vidhnu,Jamu,1867,Vidhunu
Meerut,Kharkhauda,Uldhan Shikarpur,1973,Kharkhoda
Kanpur Nagar,Vidhnu,Kurhwa,1867,Vidhunu
Kanpur Nagar,Shivrajpur,Darianiwada,1866,Shivrajpur
Kanpur Nagar,Shivrajpur,Vikru,1866,Shivrajpur
Kanpur Nagar,Shivrajpur,Dilipnagar,1866,Shivrajpur
Meerut,Kharkhauda,Dheerkheda,1973,Kharkhoda
Kanpur Nagar,Shivrajpur,Sikandarpur,1866,Shivrajpur
Kanpur Nagar,Shivrajpur,Marhamatnagar,1866,Shivrajpur
Meerut,Kharkhauda,Atola,1973,Kharkhoda
Meerut,Kharkhauda,Sh O Lauti,1973,Kharkhoda
Kanpur Nagar,Kalyanpur,Sachenndi,1863,Kalyanpur
Kanpur Nagar,Kalyanpur,Binnor,1863,Kalyanpur
Kanpur Nagar,Kalyanpur,Naktu,1863,Kalyanpur
Kanpur Nagar,Chaubepur,Rautpurkalo,1860,Chaubeypur
Kanpur Nagar,Chaubepur,Nathupur,1860,Chaubeypur
Kanpur Nagar,Chaubepur,Tripatharpur,1860,Chaubeypur
Kanpur Nagar,Chaubepur,Kewana,1860,Chaubeypur
Kanpur Nagar,Bilhaur,Berrakhanpur,1859,Bilhaur
Kanpur Nagar,Bilhaur,Laxmanpur Mishra,1859,Bilhaur
Kanpur Nagar,Bilhaur,Rasulpur,1859,Bilhaur
Kanpur Nagar,Bilhaur,Raajepur,1859,Bilhaur
Kanpur Nagar,Bilhaur,Shivdattpur,1859,Bilhaur
Kanpur Nagar,Bilhaur,Gazna,1859,Bilhaur
Kanpur Nagar,Bilhaur,BabanJhala,1859,Bilhaur
Kanpur Nagar,Bilhaur,Mahdeva,1859,Bilhaur
Meerut,Mawana,Amarauli Urf Badagaon,1975,Mawana Kalan
Kanpur Nagar,Ghatampur,Doma,1861,Ghatampur
Kanpur Nagar,Ghatampur,Kater,1861,Ghatampur
Kanpur Nagar,Ghatampur,Koro,1861,Ghatampur
Kanpur Nagar,Ghatampur,Dhohru,1861,Ghatampur
Kanpur Nagar,Ghatampur,Mada,1861,Ghatampur
Meerut,Mawana,Nangla Hareru Nangla Aij,1975,Mawana Kalan
Meerut,Mawana,Bahjadka,1975,Mawana Kalan
Kanpur Nagar,Kakwan,Salempur,1862,Kakwan
Kanpur Nagar,Kakwan,Maidon,1862,Kakwan
Kanpur Nagar,Bhitar Gaon,Rawatpura Chaudhariyan,1858,Bhitargaon
Kanpur Nagar,Bhitar Gaon,Narayanpur Sath,1858,Bhitargaon
Kanpur Nagar,Bhitar Gaon,Aaranjhathi,1858,Bhitargaon
Meerut,Mawana,Nangali Isha,1975,Mawana Kalan
Kanpur Dehat,Jhijhak,Amauoli Thakuran,NA,NA
Kanpur Dehat,Jhijhak,Aurangabad Jhada,NA,NA
Kanpur Dehat,Jhijhak,Aurangabad Dalchand,NA,NA
Kanpur Dehat,Jhijhak,Aurangabad Bholahulas,NA,NA
Kanpur Dehat,Jhijhak,Aurangabad Hiramsha,NA,NA
Kanpur Dehat,Jhijhak,Kariya JHAALAa,NA,NA
Kanpur Dehat,Jhijhak,Kathika,NA,NA
Kanpur Dehat,Jhijhak,Kishora,NA,NA
Kanpur Dehat,Jhijhak,Kudauli Madauli,NA,NA
Kanpur Dehat,Jhijhak,Kamhla,NA,NA
Kanpur Dehat,Jhijhak,Gaupur,NA,NA
Kanpur Dehat,Jhijhak,Garhi Mahera,NA,NA
Kanpur Dehat,Jhijhak,Chirkhiri,NA,NA
Kanpur Dehat,Jhijhak,Jagdishpur,NA,NA
Kanpur Dehat,Jhijhak,Jajmuiya,NA,NA
Kanpur Dehat,Jhijhak,Jalihapur,NA,NA
Kanpur Dehat,Jhijhak,Juria,NA,NA
Kanpur Dehat,Jhijhak,Tejpur,NA,NA
Kanpur Dehat,Jhijhak,Nahili,NA,NA
Kanpur Dehat,Jhijhak,Naserkheda,NA,NA
Kanpur Dehat,Jhijhak,Parjani,NA,NA
Kanpur Dehat,Jhijhak,Parhuli,NA,NA
Kanpur Dehat,Jhijhak,Pipri Patahar,NA,NA
Kanpur Dehat,Jhijhak,Bachit Jasu,NA,NA
Kanpur Dehat,Jhijhak,Bacheet Bharthu,NA,NA
Kanpur Dehat,Jhijhak,Bachit Purwa,NA,NA
Kanpur Dehat,Jhijhak,Banpara Dagaraha,NA,NA
Kanpur Dehat,Jhijhak,Baneeparaa Maharajaa,NA,NA
Kanpur Dehat,Jhijhak,Waan,NA,NA
Kanpur Dehat,Jhijhak,Viriya Rasoolabad,NA,NA
Kanpur Dehat,Jhijhak,Mangalpur,NA,NA
Kanpur Dehat,Jhijhak,Mankapur Derapur,NA,NA
Kanpur Dehat,Jhijhak,Maltipur,NA,NA
Kanpur Dehat,Jhijhak,Maliganv,NA,NA
Kanpur Dehat,Jhijhak,Mudera Kinnar Singh,NA,NA
Kanpur Dehat,Jhijhak,Raswal Rawat Gaon,NA,NA
Kanpur Dehat,Jhijhak,Raj Pur,NA,NA
Kanpur Dehat,Jhijhak,Ranepur Rasulabad,NA,NA
Kanpur Dehat,Jhijhak,Rampur Tappeban,NA,NA
Meerut,Mawana,Atoura,1975,Mawana Kalan
Kanpur Dehat,Jhijhak,Lagertha,NA,NA
Kanpur Dehat,Jhijhak,Laxmanpur Pilkh,NA,NA
Kanpur Dehat,Jhijhak,Shahpur Derapur,NA,NA
Kanpur Dehat,Jhijhak,Sabalpur,NA,NA
Kanpur Dehat,Jhijhak,Sadramu,NA,NA
Kanpur Dehat,Jhijhak,Sikhala,NA,NA
Kanpur Dehat,Raj Pur,Rasdhan,NA,NA
Kanpur Dehat,Raj Pur,Mubarakpur,NA,NA
Kanpur Dehat,Raj Pur,Madanpur,NA,NA
Kanpur Dehat,Raj Pur,Manpur,NA,NA
Kanpur Dehat,Raj Pur,Budhauli,NA,NA
Kanpur Dehat,Raj Pur,Rohni,NA,NA
Kanpur Dehat,Raj Pur,Bhaal,NA,NA
Kanpur Dehat,Raj Pur,Damanpur,NA,NA
Kanpur Dehat,Raj Pur,Pitakpur,NA,NA
Kanpur Dehat,Raj Pur,Baksaudhi,NA,NA
Kanpur Dehat,Raj Pur,Kandhi,NA,NA
Kanpur Dehat,Raj Pur,Audri,NA,NA
Kanpur Dehat,Raj Pur,Dayanatpur,NA,NA
Kanpur Dehat,Raj Pur,Silhola Bujurg,NA,NA
Kanpur Dehat,Raj Pur,Sahabapur,NA,NA
Kanpur Dehat,Raj Pur,Ramau,NA,NA
Kanpur Dehat,Raj Pur,Mirgav,NA,NA
Kanpur Dehat,Raj Pur,Hariharpur,NA,NA
Kanpur Dehat,Raj Pur,Gopalpur,NA,NA
Kanpur Dehat,Raj Pur,Nandna,NA,NA
Kanpur Dehat,Raj Pur,Nasirpur,NA,NA
Kanpur Dehat,Raj Pur,Jamua,NA,NA
Kanpur Dehat,Raj Pur,Mahmudpur Buzurg,NA,NA
Kanpur Dehat,Raj Pur,Sikandra Dehat,NA,NA
Kanpur Dehat,Raj Pur,Jatiyapur,NA,NA
Kanpur Dehat,Raj Pur,Gurdhi Bujurg,NA,NA
Kanpur Dehat,Raj Pur,Aleampur,NA,NA
Kanpur Dehat,Raj Pur,Firozpur,NA,NA
Kanpur Dehat,Raj Pur,NinhauRA,NA,NA
Kanpur Dehat,Raj Pur,Anwaan,NA,NA
Kanpur Dehat,Raj Pur,Daudiyapur,NA,NA
Kanpur Dehat,Raj Pur,Gauriratan Bangar,NA,NA
Kanpur Dehat,Raj Pur,Jaipur Mahdeva,NA,NA
Kanpur Dehat,Raj Pur,Umarpur,NA,NA
Kanpur Dehat,Raj Pur,Rataipur,NA,NA
Kanpur Dehat,Raj Pur,Khajaramapur,NA,NA
Kanpur Dehat,Raj Pur,Villaspur Bangar,NA,NA
Kanpur Dehat,Raj Pur,Jamalpur,NA,NA
Kanpur Dehat,Raj Pur,Bibanpur,NA,NA
Kanpur Dehat,Raj Pur,Maheshpur,NA,NA
Kanpur Dehat,Raj Pur,Baijamu Bangar,NA,NA
Kanpur Dehat,Raj Pur,Jainpur,NA,NA
Kanpur Dehat,Raj Pur,Jallaupur Sikandra,NA,NA
Kanpur Dehat,Raj Pur,Afsaria,NA,NA
Kanpur Dehat,Raj Pur,Baina,NA,NA
Kanpur Dehat,Raj Pur,Dhadha pur,NA,NA
Kanpur Dehat,Raj Pur,Khwajafool,NA,NA
Kanpur Dehat,Raj Pur,Mahatoli,NA,NA
Kanpur Dehat,Raj Pur,Gohani Banger,NA,NA
Kanpur Dehat,Raj Pur,SihuRa,NA,NA
Kanpur Dehat,Raj Pur,Kariyapur Derapur,NA,NA
Kanpur Dehat,Raj Pur,Amrahat,NA,NA
Kanpur Dehat,Raj Pur,Budheda Derapur,NA,NA
Kanpur Dehat,Raj Pur,Silhara,NA,NA
Kanpur Dehat,Raj Pur,Khasbara,NA,NA
Kanpur Dehat,Raj Pur,Durrajarpur,NA,NA
Kanpur Dehat,Raj Pur,Pailawar,NA,NA
Kanpur Dehat,Raj Pur,Raj Pur,NA,NA
Kanpur Dehat,Derapur,Nonari Bujurg,NA,NA
Kanpur Dehat,Derapur,Visoha,NA,NA
Kanpur Dehat,Derapur,Marhana,NA,NA
Kanpur Dehat,Derapur,Murra,NA,NA
Kanpur Dehat,Derapur,Mahua,NA,NA
Kanpur Dehat,Derapur,Kapasi,NA,NA
Kanpur Dehat,Derapur,Akaru,NA,NA
Kanpur Dehat,Derapur,Kamalpur,NA,NA
Kanpur Dehat,Derapur,Sithmara,NA,NA
Kanpur Dehat,Derapur,Ambiyapur,NA,NA
Kanpur Dehat,Derapur,Khalla,NA,NA
Kanpur Dehat,Derapur,Ratniyapur,NA,NA
Kanpur Dehat,Derapur,Parokh,NA,NA
Kanpur Dehat,Derapur,Fatehpur Derapur,NA,NA
Kanpur Dehat,Derapur,Nandpur,NA,NA
Kanpur Dehat,Derapur,Mungispur,NA,NA
Kanpur Dehat,Derapur,Laduapur,NA,NA
Kanpur Dehat,Derapur,Majhgawan,NA,NA
Kanpur Dehat,Derapur,Walai Bujurg,NA,NA
Kanpur Dehat,Derapur,Mawai Mukt,NA,NA
Kanpur Dehat,Derapur,Nanthu,NA,NA
Kanpur Dehat,Derapur,Sabdalapura,NA,NA
Kanpur Dehat,Derapur,Sargaon Khurd,NA,NA
Kanpur Dehat,Derapur,Viriyaderapur,NA,NA
Kanpur Dehat,Derapur,Kiswakheda,NA,NA
Kanpur Dehat,Derapur,Vahiri Umari,NA,NA
Kanpur Dehat,Derapur,Reri,NA,NA
Kanpur Dehat,Derapur,Injuwarampur,NA,NA
Kanpur Dehat,Derapur,Katethi,NA,NA
Kanpur Dehat,Derapur,Dilaulia,NA,NA
Kanpur Dehat,Derapur,Khajurra,NA,NA
Kanpur Dehat,Derapur,Jignish,NA,NA
Kanpur Dehat,Derapur,Dastampur,NA,NA
Kanpur Dehat,Derapur,Galuaipur,NA,NA
Kanpur Dehat,Derapur,Umri Buzurg,NA,NA
Kanpur Dehat,Derapur,Udanpur,NA,NA
Kanpur Dehat,Derapur,Kudawal,NA,NA
Kanpur Dehat,Derapur,Bhaadawal,NA,NA
Kanpur Dehat,Derapur,Salempur,NA,NA
Kanpur Dehat,Derapur,Khikhan,NA,NA
Kanpur Dehat,Derapur,Maujpur,NA,NA
Kanpur Dehat,Derapur,Sanihanpur,NA,NA
Kanpur Dehat,Derapur,Sargav Bujurg,NA,NA
Kanpur Dehat,Derapur,Chilouli,NA,NA
Kanpur Dehat,Derapur,Ulrapur,NA,NA
Kanpur Dehat,Derapur,Haramu,NA,NA
Kanpur Dehat,Derapur,Sihutha,NA,NA
Kanpur Dehat,Derapur,Indarukh,NA,NA
Kanpur Dehat,Maitha,Baluapur,NA,NA
Kanpur Dehat,Maitha,Vikrampur,NA,NA
Kanpur Dehat,Maitha,Chhataini,NA,NA
Kanpur Dehat,Maitha,Aliapur,NA,NA
Kanpur Dehat,Maitha,Tikri,NA,NA
Kanpur Dehat,Maitha,Madarpur Gaziuddin,NA,NA
Kanpur Dehat,Maitha,Kairani,NA,NA
Kanpur Dehat,Maitha,Lalpur Shivrajpur,NA,NA
Kanpur Dehat,Maitha,Bhujpura,NA,NA
Kanpur Dehat,Maitha,Pitrapur,NA,NA
Kanpur Dehat,Maitha,Behata,NA,NA
Kanpur Dehat,Maitha,AanT,NA,NA
Kanpur Dehat,Maitha,Raipalpura,NA,NA
Kanpur Dehat,Maitha,Saraianya,NA,NA
Kanpur Dehat,Maitha,Jyoti,NA,NA
Kanpur Dehat,Maitha,Rampur Shivli,NA,NA
Kanpur Dehat,Maitha,Dhakan Shivli,NA,NA
Kanpur Dehat,Maitha,Jaitpur Shivli,NA,NA
Kanpur Dehat,Maitha,Hiraman Shibli,NA,NA
Kanpur Dehat,Maitha,Bhewan,NA,NA
Kanpur Dehat,Maitha,Khalakpur,NA,NA
Kanpur Dehat,Maitha,Nunari Bahadurpur,NA,NA
Kanpur Dehat,Maitha,Kalai,NA,NA
Kanpur Dehat,Maitha,Karom,NA,NA
Kanpur Dehat,Maitha,Mawaiya,NA,NA
Kanpur Dehat,Maitha,Ravatpur,NA,NA
Kanpur Dehat,Maitha,Nevava Deharai,NA,NA
Kanpur Dehat,Maitha,Badagaon,NA,NA
Kanpur Dehat,Maitha,Aungi,NA,NA
Kanpur Dehat,Maitha,Arasadpur,NA,NA
Kanpur Dehat,Maitha,Hathika,NA,NA
Kanpur Dehat,Maitha,Manda,NA,NA
Kanpur Dehat,Maitha,Tatummau,NA,NA
Kanpur Dehat,Maitha,Garab,NA,NA
Kanpur Dehat,Maitha,Marg,NA,NA
Kanpur Dehat,Maitha,Bhawarpur,NA,NA
Kanpur Dehat,Maitha,Bhairavashahjahanpur,NA,NA
Kanpur Dehat,Maitha,Jugrajpur Shivli,NA,NA
Kanpur Dehat,Maitha,Gahlon Jarbi,NA,NA
Kanpur Dehat,Maitha,Shobhan,NA,NA
Kanpur Dehat,Maitha,Jugrajpur Bithur,NA,NA
Kanpur Dehat,Maitha,Aasai,NA,NA
Kanpur Dehat,Maitha,Bairiswai,NA,NA
Kanpur Dehat,Maitha,Nihua,NA,NA
Kanpur Dehat,Maitha,Malikpur,NA,NA
Kanpur Dehat,Maitha,Barar,NA,NA
Meerut,Meerut,Bhoodbaral,1976,Meerut
Kanpur Dehat,Maitha,Todarpur,NA,NA
Kanpur Dehat,Maitha,Kakardhai,NA,NA
Kanpur Dehat,Maitha,Baghpur,NA,NA
Kanpur Dehat,Maitha,Kashipur,NA,NA
Kanpur Dehat,Maitha,Marahmatabad,NA,NA
Kanpur Dehat,Maitha,Lamhara,NA,NA
Kanpur Dehat,Maitha,Kariklavari,NA,NA
Kanpur Dehat,Maitha,Baranpur Kahijiri,NA,NA
Kanpur Dehat,Maitha,Aurangabad,NA,NA
Kanpur Dehat,Maitha,Kadri,NA,NA
Meerut,Meerut,Chajjupur,1976,Meerut
Kanpur Dehat,Maitha,Devpur,NA,NA
Kanpur Dehat,Maitha,Jaswantpur,NA,NA
Kanpur Dehat,Maitha,Naubasta,NA,NA
Kanpur Dehat,Maitha,Bhikhar,NA,NA
Kanpur Dehat,Maitha,Ranjitpur,NA,NA
Kanpur Dehat,Maitha,Dhikiya,NA,NA
Kanpur Dehat,Maitha,Barakheda,NA,NA
Kanpur Dehat,Maitha,Pratapur Khas,NA,NA
Kanpur Dehat,Maitha,Kakarmu,NA,NA
Kanpur Dehat,Amraudha,Shahjahanpur,NA,NA
Kanpur Dehat,Amraudha,Jahangirpur,NA,NA
Kanpur Dehat,Amraudha,Baheriyah,NA,NA
Kanpur Dehat,Amraudha,Roorganv,NA,NA
Kanpur Dehat,Amraudha,Angoori,NA,NA
Kanpur Dehat,Amraudha,Kathari,NA,NA
Kanpur Dehat,Amraudha,Kamalpur,NA,NA
Kanpur Dehat,Amraudha,Sattee,NA,NA
Kanpur Dehat,Amraudha,Kishanpur,NA,NA
Kanpur Dehat,Amraudha,Girdharpur,NA,NA
Kanpur Dehat,Amraudha,Maukhas,NA,NA
Kanpur Dehat,Amraudha,Gaurirajjan,NA,NA
Kanpur Dehat,Amraudha,Tayoga,NA,NA
Kanpur Dehat,Amraudha,Nauwadpur,NA,NA
Kanpur Dehat,Amraudha,Nonapur,NA,NA
Kanpur Dehat,Amraudha,Biroha,NA,NA
Kanpur Dehat,Amraudha,Gour,NA,NA
Kanpur Dehat,Amraudha,Chaandapur,NA,NA
Kanpur Dehat,Amraudha,Harahara,NA,NA
Kanpur Dehat,Amraudha,Haldharpur,NA,NA
Kanpur Dehat,Amraudha,Sujaur,NA,NA
Kanpur Dehat,Amraudha,Bhognipur,NA,NA
Kanpur Dehat,Amraudha,Prempur,NA,NA
Kanpur Dehat,Amraudha,Sarayan,NA,NA
Kanpur Dehat,Amraudha,Sultanpur,NA,NA
Kanpur Dehat,Amraudha,Mahera,NA,NA
Kanpur Dehat,Amraudha,Chaparghata,NA,NA
Kanpur Dehat,Amraudha,Gauri,NA,NA
Kanpur Dehat,Amraudha,Astia,NA,NA
Kanpur Dehat,Amraudha,Aмилия,NA,NA
Kanpur Dehat,Amraudha,Deorahut,NA,NA
Kanpur Dehat,Amraudha,Selhupur,NA,NA
Kanpur Dehat,Amraudha,Lakhanpur,NA,NA
Kanpur Dehat,Amraudha,Barauli,NA,NA
Kanpur Dehat,Amraudha,Bamhrauli Ghat,NA,NA
Kanpur Dehat,Amraudha,Paniamau,NA,NA
Kanpur Dehat,Amraudha,Nangeena Bangar,NA,NA
Kanpur Dehat,Amraudha,Ahrauli Ghat,NA,NA
Kanpur Dehat,Amraudha,Jallau,NA,NA
Kanpur Dehat,Amraudha,Gausganj,NA,NA
Kanpur Dehat,Amraudha,Juneidapur,NA,NA
Kanpur Dehat,Amraudha,Fattehpur,NA,NA
Kanpur Dehat,Amraudha,Chaparehta,NA,NA
Kanpur Dehat,Amraudha,Musanagar Bangar,NA,NA
Kanpur Dehat,Amraudha,Halia,NA,NA
Kanpur Dehat,Amraudha,Mancha,NA,NA
Kanpur Dehat,Amraudha,Ragwaan,NA,NA
Kanpur Dehat,Amraudha,Hardua Eima,NA,NA
Kanpur Dehat,Amraudha,Kalla,NA,NA
Kanpur Dehat,Amraudha,Ahrauli Sheikh,NA,NA
Kanpur Dehat,Amraudha,Sujgawan,NA,NA
Kanpur Dehat,Amraudha,Shyam Sundarpur,NA,NA
Kanpur Dehat,Amraudha,Mirpur,NA,NA
Kanpur Dehat,Amraudha,Atwa,NA,NA
Kanpur Dehat,Amraudha,Parehra Pur,NA,NA
Kanpur Dehat,Amraudha,Dehat Pukhrayan,NA,NA
Kanpur Dehat,Amraudha,Chakchalpur,NA,NA
Kanpur Dehat,Amraudha,Rania,NA,NA
Kanpur Dehat,Amraudha,Pilkhani,NA,NA
Kanpur Dehat,Amraudha,Kariyapur,NA,NA
Kanpur Dehat,Amraudha,Daulatpur,NA,NA
Kanpur Dehat,Amraudha,Jalpura,NA,NA
Kanpur Dehat,Amraudha,Purainii,NA,NA
Kanpur Dehat,Amraudha,Nagsiya,NA,NA
Kanpur Dehat,Amraudha,Vilhapur,NA,NA
Kanpur Dehat,Amraudha,Dilaulia Bangar,NA,NA
Kanpur Dehat,Amraudha,Badhauli,NA,NA
Meerut,Meerut,Fafunda,1976,Meerut
Kanpur Dehat,Malasa,Bharatouli,NA,NA
Kanpur Dehat,Malasa,Deegh,NA,NA
Kanpur Dehat,Malasa,Nigohi,NA,NA
Kanpur Dehat,Malasa,Baraur,NA,NA
Kanpur Dehat,Malasa,Sarauta,NA,NA
Kanpur Dehat,Malasa,Gopalpur,NA,NA
Kanpur Dehat,Malasa,Jagdishpur,NA,NA
Kanpur Dehat,Malasa,Vijayipur,NA,NA
Kanpur Dehat,Malasa,Turkmau,NA,NA
Kanpur Dehat,Malasa,Guloli,NA,NA
Kanpur Dehat,Malasa,Sanaykheda,NA,NA
Kanpur Dehat,Malasa,Kudwa,NA,NA
Kanpur Dehat,Malasa,Angadpur,NA,NA
Kanpur Dehat,Malasa,Bibapur,NA,NA
Kanpur Dehat,Malasa,Bihar,NA,NA
Kanpur Dehat,Malasa,Bargwan,NA,NA
Kanpur Dehat,Malasa,Thanwapur,NA,NA
Kanpur Dehat,Malasa,Pachalkh,NA,NA
Kanpur Dehat,Malasa,GauriKaran,NA,NA
Kanpur Dehat,Malasa,Tatarpur,NA,NA
Kanpur Dehat,Malasa,Kuvarpur,NA,NA
Kanpur Dehat,Malasa,Virma,NA,NA
Kanpur Dehat,Malasa,Neraakripalpur,NA,NA
Kanpur Dehat,Malasa,Devbrahmapur,NA,NA
Kanpur Dehat,Sandalpur,Sandalpur,NA,NA
Kanpur Dehat,Sandalpur,Jagannathpur,NA,NA
Meerut,Hastinaapur,Mauda Khurd,1971,Hastinapur
Kanpur Dehat,Sandalpur,Manakpur Sikandra,NA,NA
Kanpur Dehat,Sandalpur,Hisawan,NA,NA
Kanpur Dehat,Sandalpur,Jalalpur Derapur,NA,NA
Kanpur Dehat,Sandalpur,Muhammadpur Sultanpur,NA,NA
Kanpur Dehat,Sandalpur,Ursan,NA,NA
Kanpur Dehat,Sandalpur,Jarauli,NA,NA
Kanpur Dehat,Sandalpur,Bhadpura,NA,NA
Kanpur Dehat,Sandalpur,Korauwa,NA,NA
Kanpur Dehat,Sandalpur,hathuma,NA,NA
Kanpur Dehat,Sandalpur,Firozabad,NA,NA
Kanpur Dehat,Sandalpur,Amauli Kurmiyan,NA,NA
Kanpur Dehat,Sandalpur,Asalanaapur,NA,NA
Kanpur Dehat,Sandalpur,Khalagaon,NA,NA
Kanpur Dehat,Sandalpur,Faridpur Nitarra,NA,NA
Kanpur Dehat,Sandalpur,Garhia Sikandra,NA,NA
Kanpur Dehat,Sandalpur,Antapur,NA,NA
Kanpur Dehat,Sandalpur,Agwasi,NA,NA
Kanpur Dehat,Sandalpur,Pindarth,NA,NA
Kanpur Dehat,Sandalpur,Sahnipur,NA,NA
Kanpur Dehat,Sandalpur,Baliyapur,NA,NA
Kanpur Dehat,Sandalpur,Jamoura,NA,NA
Kanpur Dehat,Sandalpur,Chakhi,NA,NA
Kanpur Dehat,Sandalpur,Khanpur Dilwal,NA,NA
Kanpur Dehat,Sandalpur,Satura,NA,NA
Kanpur Dehat,Sandalpur,Surasi,NA,NA
Kanpur Dehat,Sandalpur,Gahila pur,NA,NA
Kanpur Dehat,Sandalpur,Palhnaapur,NA,NA
Kanpur Dehat,Sandalpur,Rewan,NA,NA
Kanpur Dehat,Sandalpur,Hawaspur,NA,NA
Kanpur Dehat,Sandalpur,Akna,NA,NA
Kanpur Dehat,Sandalpur,Jigana,NA,NA
Kanpur Dehat,Sandalpur,Jaitapur,NA,NA
Kanpur Dehat,Sandalpur,Vahavalpur,NA,NA
Kanpur Dehat,Sandalpur,Kasrolar,NA,NA
Kanpur Dehat,Sandalpur,Visalpur,NA,NA
Kanpur Dehat,Sandalpur,TutuaPur,NA,NA
Kanpur Dehat,Sandalpur,Saghwapur,NA,NA
Kanpur Dehat,Sandalpur,Raipur,NA,NA
Kanpur Dehat,Sandalpur,Chamroa,NA,NA
Kanpur Dehat,Sandalpur,Bhandemau,NA,NA
Kanpur Dehat,Sandalpur,Harpura,NA,NA
Kanpur Dehat,Sandalpur,Louwa,NA,NA
Kanpur Dehat,Sandalpur,Rarunkh,NA,NA
Kanpur Dehat,Sandalpur,Dharampur,NA,NA
Kanpur Dehat,Sandalpur,Jasapur,NA,NA
Kanpur Dehat,Sandalpur,Sandana,NA,NA
Kanpur Dehat,Sandalpur,Ladpur Chivna,NA,NA
Kanpur Dehat,Sandalpur,Asvi,NA,NA
Kanpur Dehat,Sandalpur,Dabraur Sikandra,NA,NA
Kanpur Dehat,Akbarpur,Andayan,NA,NA
Kanpur Dehat,Akbarpur,Amberpur,NA,NA
Kanpur Dehat,Akbarpur,Asanda,NA,NA
Kanpur Dehat,Akbarpur,Adu Kamalpur,NA,NA
Kanpur Dehat,Akbarpur,Kamir,NA,NA
Kanpur Dehat,Akbarpur,Karaunsa,NA,NA
Kanpur Dehat,Akbarpur,Kuitkheda,NA,NA
Kanpur Dehat,Akbarpur,Kuit Mandir,NA,NA
Kanpur Dehat,Akbarpur,Kodhwa,NA,NA
Kanpur Dehat,Akbarpur,Kumbhi,NA,NA
Kanpur Dehat,Akbarpur,Kripalpur,NA,NA
Kanpur Dehat,Akbarpur,Gadarpur,NA,NA
Kanpur Dehat,Akbarpur,Gaholiya,NA,NA
Kanpur Dehat,Akbarpur,Gaujmau,NA,NA
Kanpur Dehat,Akbarpur,Gauriapur,NA,NA
Kanpur Dehat,Akbarpur,Jaganpur,NA,NA
Kanpur Dehat,Akbarpur,Jyotish,NA,NA
Kanpur Dehat,Akbarpur,Tigai,NA,NA
Kanpur Dehat,Akbarpur,Toda Muhammadpur,NA,NA
Kanpur Dehat,Akbarpur,Dargavan,NA,NA
Kanpur Dehat,Akbarpur,Dastampur,NA,NA
Kanpur Dehat,Akbarpur,Durgaaprawa,NA,NA
Kanpur Dehat,Akbarpur,Dhanirampur,NA,NA
Kanpur Dehat,Akbarpur,Dharau,NA,NA
Kanpur Dehat,Akbarpur,Nariha,NA,NA
Kanpur Dehat,Akbarpur,Nagin Jasi,NA,NA
Kanpur Dehat,Akbarpur,Nizampur,NA,NA
Kanpur Dehat,Akbarpur,Nibauli Bujurg,NA,NA
Kanpur Dehat,Akbarpur,Patari,NA,NA
Kanpur Dehat,Akbarpur,Paatepur,NA,NA
Kanpur Dehat,Akbarpur,Pur,NA,NA
Kanpur Dehat,Akbarpur,Banar Alipur,NA,NA
Kanpur Dehat,Akbarpur,Baraula,NA,NA
Kanpur Dehat,Akbarpur,Badhapur,NA,NA
Kanpur Dehat,Akbarpur,Bara,NA,NA
Kanpur Dehat,Akbarpur,Vigahi,NA,NA
Kanpur Dehat,Akbarpur,Vivain,NA,NA
Kanpur Dehat,Akbarpur,Bewan,NA,NA
Kanpur Dehat,Akbarpur,Bhatauli,NA,NA
Kanpur Dehat,Akbarpur,Bhikhanapur,NA,NA
Kanpur Dehat,Akbarpur,Maudoli,NA,NA
Kanpur Dehat,Akbarpur,Mati Kishunpur,NA,NA
Kanpur Dehat,Akbarpur,Muktapur,NA,NA
Kanpur Dehat,Akbarpur,Mukhalishpur,NA,NA
Kanpur Dehat,Akbarpur,Madavaai,NA,NA
Kanpur Dehat,Akbarpur,Mairkhpur,NA,NA
Kanpur Dehat,Akbarpur,Rahiniapur,NA,NA
Kanpur Dehat,Akbarpur,Rurvaarahar,NA,NA
Kanpur Dehat,Akbarpur,Roshanmau,NA,NA
Kanpur Dehat,Akbarpur,Laharpur,NA,NA
Kanpur Dehat,Akbarpur,Lalpur Akbarpur,NA,NA
Kanpur Dehat,Akbarpur,Sarsi,NA,NA
Kanpur Dehat,Akbarpur,SaraiHarpalli,NA,NA
Kanpur Dehat,Akbarpur,Sarayan,NA,NA
Kanpur Dehat,Akbarpur,Sahnikheda,NA,NA
Kanpur Dehat,Akbarpur,Sangsayipur,NA,NA
Kanpur Dehat,Akbarpur,Sarvatap Tigaai,NA,NA
Kanpur Dehat,Akbarpur,Hasanapur,NA,NA
Meerut,Hastinaapur,Meeva,1971,Hastinapur
Jalaun,Dakor,Muahana,1796,Dakore
Jalaun,Dakor,Guda,1796,Dakore
Meerut,Hastinaapur,Guda,1971,Hastinapur
Jalaun,Dakor,Vinorapur,1796,Dakore
Jalaun,Dakor,Et,1796,Dakore
Jalaun,Kadoura,Itauraguru,1798,Kadaura
Jalaun,Kadoura,l   Kuakheda,1798,Kadaura
Jalaun,Kadoura,Ukruwa,1798,Kadaura
Jalaun,Kadoura,Hosa,1798,Kadaura
Jalaun,Kadoura,Usargaon,1798,Kadaura
Jalaun,Kadoura,Chauk,1798,Kadaura
Jalaun,Kadoura,Bardauli,1798,Kadaura
Jalaun,Kadoura,Masgayao,1798,Kadaura
Jalaun,Kadoura,Suraula,1798,Kadaura
Jalaun,Mahewa,Khardugui,1802,Maheva
Jalaun,Mahewa,Magrol Mu 0,1802,Maheva
Jalaun,Mahewa,Kheri,1802,Maheva
Jalaun,Mahewa,Nipniyan,1802,Maheva
Jalaun,Mahewa,Kodakirrohi,1802,Maheva
Jalaun,Rampura,GuDDa,1804,Rampura
Meerut,Sardhana,Kapasad,1980,Sardhana
Jalaun,Rampura,May,1804,Rampura
Jalaun,Rampura,Jayagha,1804,Rampura
Jalaun,Nadigaon,Kanasi,1803,Nadigaon
Jalaun,Nadigaon,Siwni Bujurg,1803,Nadigaon
Jalaun,Nadigaon,Baduwao,1803,Nadigaon
Jalaun,Nadigaon,Raba,1803,Nadigaon
Meerut,Sardhana,Khvaja Kushali,1980,Sardhana
Jalaun,Nadigaon,Goverdhanpura,1803,Nadigaon
Jalaun,Nadigaon,Teetra Khalilpur,1803,Nadigaon
Jalaun,Nadigaon,Ganerna,1803,Nadigaon
Jalaun,Nadigaon,Rudawali,1803,Nadigaon
Meerut,Sardhana,Jwalagadh,1980,Sardhana
Jalaun,Nadigaon,Khutaila,1803,Nadigaon
Jalaun,Nadigaon,Dhaurpur,1803,Nadigaon
Jalaun,Nadigaon,Byauna Raja,1803,Nadigaon
Jalaun,Nadigaon,Devgaw,1803,Nadigaon
Jalaun,Kuthound,Daunapur,1800,Kuthaund
Jalaun,Kuthound,Gigaura,1800,Kuthaund
Jalaun,Kuthound,Tikiri Mu 0,1800,Kuthaund
Jalaun,Kuthound,Oomri Mu 0,1800,Kuthaund
Jalaun,Kuthound,Romli Mu 0,1800,Kuthaund
Jalaun,Kuthound,Paren Mu 0,1800,Kuthaund
Jalaun,Kuthound,Vavli,1800,Kuthaund
Jalaun,Kuthound,Taulkapur,1800,Kuthaund
Jalaun,Kuthound,Dharampura Baraela,1800,Kuthaund
Meerut,Sardhana,Julhaeda,1980,Sardhana
Jalaun,Kochan,Jhakoli,1799,Konch
Jalaun,Kochan,Khairi,1799,Konch
Jalaun,Kochan,Paraitha,1799,Konch
Jalaun,Kochan,Gedauli,1799,Konch
Jalaun,Kochan,Pirauna,1799,Konch
Meerut,Sardhana,Kamruddin Madhiyai,1980,Sardhana
Jalaun,Kochan,Chaudani,1799,Konch
Jalaun,Kochan,Virguwa Bujurg,1799,Konch
Meerut,Sardhana,Alipur,1980,Sardhana
Meerut,Sardhana,Kuljhan - Madarpura,1980,Sardhana
Meerut,Sardhana,Mohnipur Bharota,1980,Sardhana
Jalaun,Jalaun,Gadguwa,1797,Jalaun
Jalaun,Jalaun,Ud,1797,Jalaun
Jalaun,Jalaun,Gair,1797,Jalaun
Jalaun,Jalaun,Akodhee Dubey,1797,Jalaun
Lalitpur,Maraawara,Saurai,1908,Mandawara
Lalitpur,Maraawara,Maraawara,1908,Mandawara
Meerut,Sarurpur Khurd,Harra,1981,Sarurpur Khurd
Lalitpur,Maraawara,Gadarpur,1908,Mandawara
Meerut,Sarurpur Khurd,Khiwai,1981,Sarurpur Khurd
Lalitpur,Talbehat,Gewara Gundera,1910,Talbehat
Lalitpur,Talbehat,Verma-Bihar,1910,Talbehat
Lalitpur,Talbehat,Ravan,1910,Talbehat
Lalitpur,Talbehat,Sarseed,1910,Talbehat
Lalitpur,Talbehat,Bamhauri Sar,1910,Talbehat
Lalitpur,Talbehat,Targava,1910,Talbehat
Lalitpur,Talbehat,Meow,1910,Talbehat
Lalitpur,Talbehat,Raj Pur,1910,Talbehat
Lalitpur,Talbehat,Gulainda,1910,Talbehat
Lalitpur,Talbehat,Bizarautha,1910,Talbehat
Meerut,Sarurpur Khurd,Ekdi,1981,Sarurpur Khurd
Lalitpur,Mahrauni,Amaura,1909,Mehroni
Lalitpur,Mahrauni,Kumhaidi,1909,Mehroni
Lalitpur,Mahrauni,Kurora,1909,Mehroni
Lalitpur,Mahrauni,GuDDa,1909,Mehroni
Lalitpur,Mahrauni,Devarankalan,1909,Mehroni
Lalitpur,Mahrauni,Budnimadavara,1909,Mehroni
Lalitpur,Mahrauni,Bhaudi,1909,Mehroni
Lalitpur,Mahrauni,Bhiderwaha,1909,Mehroni
Lalitpur,Baar,Semra-Dang,1905,Bar
Lalitpur,Baar,Dewaran,1905,Bar
Lalitpur,Baar,Didaura,1905,Bar
Lalitpur,Baar,Ajnaura,1905,Bar
Lalitpur,Baar,Kuagaav,1905,Bar
Lalitpur,Baar,Maughan,1905,Bar
Lalitpur,Baar,Myamb,1905,Bar
Lalitpur,Baar,Marauli,1905,Bar
Lalitpur,Virddha,Airavani,1906,Birdha
Lalitpur,Virddha,Mainwar,1906,Birdha
Lalitpur,Virddha,Bamhaurivansha,1906,Birdha
Lalitpur,Virddha,Barod,1906,Birdha
Lalitpur,Jakhaura,Jakhaura,1907,Jakhaura
Meerut,Machhra,Rahdara,1974,Machra
Lalitpur,Jakhaura,Vidya Mahavat,1907,Jakhaura
Lalitpur,Jakhaura,Bosi,1907,Jakhaura
Lalitpur,Jakhaura,Lalitpur Gramin,1907,Jakhaura
Meerut,Machhra,Allipur Alamgir,1974,Machra
Jhanshi,Bamour,Pathraidi,1828,Bamaur
Jhanshi,Bamour,Devari,1828,Bamaur
Jhanshi,Bamour,Barora,1828,Bamaur
Meerut,Machhra,Lu. Bakshar,1974,Machra
Jhanshi,Bamour,Jauri,1828,Bamaur
Jhanshi,Babina,Dengariya Rudan,1826,Babina
Jhanshi,Babina,Sawa,1826,Babina
Jhanshi,Babina,Chamroa,1826,Babina
Jhanshi,Babina,Bazana,1826,Babina
Meerut,Machhra,Amarpur,1974,Machra
Jhanshi,Chirgaon,Pandri,1830,Chirgaon
Jhanshi,Chirgaon,Bangrabagari,1830,Chirgaon
Meerut,Machhra,Shola,1974,Machra
Jhanshi,Chirgaon,Baraul,1830,Chirgaon
Jhanshi,Chirgaon,Baghera,1830,Chirgaon
Jhanshi,Chirgaon,Kukarg,1830,Chirgaon
Jhanshi,Chirgaon,Dhmanakhrud,1830,Chirgaon
Meerut,Machhra,Dehat Kithor,1974,Machra
Jhanshi,Chirgaon,Pacchargarh,1830,Chirgaon
Jhanshi,Chirgaon,Atakheii,1830,Chirgaon
Meerut,Machhra,Radhana,1974,Machra
Jhanshi,Chirgaon,Chiragaanv Dehaata,1830,Chirgaon
Jhanshi,Moth,Khili,1833,Moth
Meerut,Machhra,Mahalwala,1974,Machra
Jhanshi,Moth,Sena,1833,Moth
Jhanshi,Moth,Imaliya,1833,Moth
Jhanshi,Moth,Rew,1833,Moth
Jhanshi,Moth,Kaur,1833,Moth
Jhanshi,Moth,Taalaud,1833,Moth
Jhanshi,Moth,Pahadpura,1833,Moth
Jhanshi,Moth,Chevata,1833,Moth
Jhanshi,Badagaon,Jauri Bujurg,1827,Badagaon
Jhanshi,Badagaon,Rangwan,1827,Badagaon
Jhanshi,Badagaon,Babaltanda,1827,Badagaon
Jhanshi,Badagaon,Futeraabaruasagar,1827,Badagaon
Meerut,Machhra,Shahjahnapur,1974,Machra
Jhanshi,Badagaon,Taidol,1827,Badagaon
Mahoba,Kabrai,Pahara,1940,Kabrai
Mahoba,Kabrai,Riwai Sunaicha,1940,Kabrai
Mahoba,Kabrai,Dahra,1940,Kabrai
Mahoba,Kabrai,Kumhrauramaf,1940,Kabrai
Mahoba,Kabrai,Khyoraiya Jyoraiya,1940,Kabrai
Mahoba,Kabrai,Pacpahara,1940,Kabrai
Mahoba,Kabrai,Chikhara,1940,Kabrai
Mahoba,Kabrai,Barbhauli,1940,Kabrai
Mahoba,Kabrai,Gyodi,1940,Kabrai
Meerut,Parikshitgarh,Khajuri Alipur,1977,Parikshitgarh
Mahoba,Charkhari,Behari,1938,Charkhari
Mahoba,Charkhari,EmiliaDang,1938,Charkhari
Mahoba,Charkhari,Akthonha,1938,Charkhari
Mahoba,Charkhari,Sohajana,1938,Charkhari
Meerut,Parikshitgarh,Saundatt,1977,Parikshitgarh
Mahoba,Jaitpur,Magria,1939,Jaitpur
Mahoba,Jaitpur,Budhvara,1939,Jaitpur
Hamirpur,Sarila,Chhedibeni,1775,Sarila
Hamirpur,Sarila,Gutkwara,1775,Sarila
Hamirpur,Sarila,Jamoudi dada,1775,Sarila
Hamirpur,Sarila,Chandout,1775,Sarila
Hamirpur,Raath,Atroli Rarh,1774,Rath
Hamirpur,Raath,Atgaon,1774,Rath
Meerut,Parikshitgarh,Gesupur Dakshini,1977,Parikshitgarh
Hamirpur,Raath,Girwar,1774,Rath
Hamirpur,Kurara,Bholi,1771,Kurara
Hamirpur,Kurara,Bilauta,1771,Kurara
Hamirpur,Kurara,Kurara Dehat,1771,Kurara
Hamirpur,Kurara,Sikarodi,1771,Kurara
Hamirpur,Kurara,Kandor,1771,Kurara
Hamirpur,Kurara,Meraapur,1771,Kurara
Hamirpur,Gohand,Sena,1770,Gohand
Hamirpur,Sumerpur,Devgaw,1776,Sumerpur
Hamirpur,Sumerpur,Teda,1776,Sumerpur
Hamirpur,Sumerpur,Kuchachha,1776,Sumerpur
Hamirpur,Sumerpur,Saughar,1776,Sumerpur
Hamirpur,Sumerpur,Boki,1776,Sumerpur
Hamirpur,Sumerpur,Book,1776,Sumerpur
Hamirpur,Sumerpur,Bardhahasajna,1776,Sumerpur
Hamirpur,Sumerpur,Pauthia,1776,Sumerpur
Hamirpur,Sumerpur,Kalolijar,1776,Sumerpur
Hamirpur,Sumerpur,Khanikhurd,1776,Sumerpur
Hamirpur,Maudha,Gada,1772,Maudaha
Hamirpur,Maudha,Chhani,1772,Maudaha
Hamirpur,Maudha,Biharaka,1772,Maudaha
Hamirpur,Maudha,Riwan,1772,Maudaha
Hamirpur,Maudha,Makanraw,1772,Maudaha
Hamirpur,Maudha,Parchakh,1772,Maudaha
Hamirpur,Muskra,Bahdeena Achapura,1773,Muskara
Bagpat,Khekhada,Gona Sahwanpur,1475,Khekra
Hamirpur,Muskra,Chham. Basauk,1773,Muskara
Hamirpur,Muskra,Bandhurkurd,1773,Muskara
Hamirpur,Muskra,Imilia,1773,Muskara
Banda,Narani,Kuruhu,1523,Naraini
Bagpat,Khekhada,Dundaheda,1475,Khekra
Banda,Narani,Atra Gramin,1523,Naraini
Bagpat,Khekhada,Fakhrpur,1475,Khekra
Banda,Narani,Neebee,1523,Naraini
Banda,Narani,Rakshi,1523,Naraini
Bagpat,Khekhada,Ahmednagar,1475,Khekra
Banda,Narani,Moody,1523,Naraini
Bagpat,Khekhada,Ratoul,1475,Khekra
Banda,Badokhar Khurd,Itwan,1518,Badokhar Khurd
Banda,Badokhar Khurd,Bhawanipurwa,1518,Badokhar Khurd
Bagpat,Khekhada,Bada Gaw,1475,Khekra
Banda,Tindwaari,Arasauda,1524,Tindwari
Banda,Mahua,Badokhar bujurg,1522,Mahuva
Banda,Mahua,Mukhan,1522,Mahuva
Banda,Mahua,Patora,1522,Mahuva
Banda,Mahua,Bachhei,1522,Mahuva
Banda,Mahua,Baruwa Syodhas,1522,Mahuva
Banda,Mahua,Mughora,1522,Mahuva
Banda,Mahua,Harha,1522,Mahuva
Bagpat,Pilana,Daulcha,1476,Pilana
Banda,Jaspura,Gaderia,1520,Jaspura
Banda,Jaspura,Nadedaew,1520,Jaspura
Banda,Kamasin,ZorawarPur,1521,Kamasin
Banda,Kamasin,Radhapur,1521,Kamasin
Banda,Kamasin,Aarvari,1521,Kamasin
Banda,Kamasin,Sunehla,1521,Kamasin
Banda,Kamasin,Satyani,1521,Kamasin
Banda,Kamasin,Andauli,1521,Kamasin
Banda,Kamasin,Pali,1521,Kamasin
Banda,Kamasin,Musiwa,1521,Kamasin
Bagpat,Pilana,Rasulpur Sanki Puthi,1476,Pilana
Banda,Kamasin,Jamu,1521,Kamasin
Banda,Kamasin,Saanda Saani,1521,Kamasin
Banda,Kamasin,Bachhodhasani,1521,Kamasin
Banda,Kamasin,Lakhipur,1521,Kamasin
Banda,Baberu,Baberu Gramin,1517,Baberu
Banda,Baberu,Badouli,1517,Baberu
Banda,Baberu,Majhiwan,1517,Baberu
Banda,Baberu,Simoni,1517,Baberu
Banda,Baberu,Padri,1517,Baberu
Banda,Baberu,Ragauli,1517,Baberu
Banda,Baberu,Palhari,1517,Baberu
Banda,Baberu,Nilahu,1517,Baberu
Banda,Bissanda,Belgawan,1519,Bisanda
Banda,Bissanda,Oran Gramin,1519,Bisanda
Banda,Bissanda,Akauna,1519,Bisanda
Banda,Bissanda,Bachodha,1519,Bisanda
Banda,Bissanda,Koni,1519,Bisanda
Banda,Bissanda,Bisanda Grameen,1519,Bisanda
Chitrakoot,Mau,Mau,1626,Mau
Chitrakoot,Mau,Sesasubkara,1626,Mau
Chitrakoot,Mau,Purub Pataii,1626,Mau
Chitrakoot,Mau,Mankuwar,1626,Mau
Chitrakoot,Mau,Neebee,1626,Mau
Chitrakoot,Mau,Dewara,1626,Mau
Bagpat,Pilana,Paanch Khaaspur,1476,Pilana
Chitrakoot,Mau,Lapv,1626,Mau
Chitrakoot,Mau,Haldikala,1626,Mau
Chitrakoot,Mau,Viyaval,1626,Mau
Chitrakoot,Mau,Chakur,1626,Mau
Chitrakoot,Mau,Taadi,1626,Mau
Chitrakoot,Ramnagar,Siravalmafi,1628,Ramnagar
Chitrakoot,Ramnagar,Baruva,1628,Ramnagar
Chitrakoot,Ramnagar,Kataipar Khadar,1628,Ramnagar
Chitrakoot,Ramnagar,Suhail,1628,Ramnagar
Chitrakoot,Ramnagar,Tirmau,1628,Ramnagar
Chitrakoot,Ramnagar,Abhet,1628,Ramnagar
Chitrakoot,Ramnagar,Khatwara,1628,Ramnagar
Chitrakoot,Ramnagar,Deineu,1628,Ramnagar
Chitrakoot,Manikpur,Rookmakhurda,1625,Manikpur
Bagpat,Pilana,Roshan Garh,1476,Pilana
Chitrakoot,Manikpur,Laudiamafi,1625,Manikpur
Chitrakoot,Manikpur,Urkimafi,1625,Manikpur
Chitrakoot,Manikpur,Itwan Dureila,1625,Manikpur
Bagpat,Pilana,Bhakharpur Baaleeni,1476,Pilana
Chitrakoot,Manikpur,Aielha Barhya,1625,Manikpur
Chitrakoot,Manikpur,Byur,1625,Manikpur
Chitrakoot,Manikpur,Baghauda,1625,Manikpur
Chitrakoot,Manikpur,Cheriya,1625,Manikpur
Chitrakoot,Karwi (Chitrakoot),Makri - Pahra,1624,Karwi
Chitrakoot,Karwi (Chitrakoot),Khohi,1624,Karwi
Chitrakoot,Karwi (Chitrakoot),Chitaragokulpur,1624,Karwi
Chitrakoot,Karwi (Chitrakoot),Semaria Jagannathwars,1624,Karwi
Chitrakoot,Karwi (Chitrakoot),Bharatpur,1624,Karwi
Chitrakoot,Karwi (Chitrakoot),DugaavaaN,1624,Karwi
Chitrakoot,Karwi (Chitrakoot),Bihaara,1624,Karwi
Chitrakoot,Karwi (Chitrakoot),Chandgahna,1624,Karwi
Chitrakoot,Karwi (Chitrakoot),Gora,1624,Karwi
Chitrakoot,Pahadi,Bhadehadu,1627,Pahari
Chitrakoot,Pahadi,Khoa,1627,Pahari
Chitrakoot,Pahadi,Kanakota,1627,Pahari
Chitrakoot,Pahadi,Raipur,1627,Pahari
Chitrakoot,Pahadi,Veraur,1627,Pahari
Chitrakoot,Pahadi,Chillirakas,1627,Pahari
Chitrakoot,Pahadi,Naini,1627,Pahari
Chitrakoot,Pahadi,Chaandi,1627,Pahari
Chitrakoot,Pahadi,Vilas,1627,Pahari
Chitrakoot,Pahadi,Chhechriha Khrd ( Chhechrih,1627,Pahari
Fatehpur,Haswa,Ekari,1692,Haswa
Fatehpur,Haswa,TC,1692,Haswa
Fatehpur,Haswa,Manawn,1692,Haswa
Fatehpur,Haswa,Meesa,1692,Haswa
Fatehpur,Haswa,Murav,1692,Haswa
Fatehpur,Khajooha,Bag Badshahi,1694,Khajuha
Fatehpur,Khajooha,Madaraov,1694,Khajuha
Bagpat,Baraut,Badka Deogad,1472,Baraut
Bagpat,Baraut,Chobli Bohla,1472,Baraut
Bagpat,Baraut,Odhapur Adlabad,1472,Baraut
Fatehpur,Devmai,Bijoili,1690,Devmai
Fatehpur,Devmai,Eesepur,1690,Devmai
Fatehpur,Devmai,Ibrahimur Tanda,1690,Devmai
Fatehpur,Devmai,Akbarpur Nasirpur,1690,Devmai
Fatehpur,Devmai,Sarae,1690,Devmai
Fatehpur,Malwan,Hasanapur,1695,Malwan
Fatehpur,Malwan,Basavanakhēḍā,1695,Malwan
Fatehpur,Malwan,ChooraawankheDa,1695,Malwan
Bagpat,Baraut,Kotaana Kheri Pradhan,1472,Baraut
Fatehpur,Malwan,Mohahar,1695,Malwan
Bagpat,Chhaparauli,Kaakaur Kalan,1474,Chhaprauli
Fatehpur,Amauli,Pahaar pur Badhigawa,1686,Amauli
Fatehpur,Amauli,Bijoili,1686,Amauli
Bagpat,Chhaparauli,Suprajpur,1474,Chhaprauli
Fatehpur,Teliani,Kandhha,1696,Telyani
Fatehpur,Teliani,Ojhikhadgasenpur May,1696,Telyani
Bagpat,Chhaparauli,Rathoda,1474,Chhaprauli
Bagpat,Chhaparauli,Hewa Mirpur,1474,Chhaprauli
Fatehpur,Bahua,Kudraari,1688,Bahua
Fatehpur,Bhitaura,Sir Ibrahimur,1689,Bhitaura
Fatehpur,Bhitaura,Beragarhiwa,1689,Bhitaura
Fatehpur,Bhitaura,Mohammadpur,1689,Bhitaura
Fatehpur,Bhitaura,Ahewa,1689,Bhitaura
Bagpat,Chhaparauli,Khwajawipur Chandanherd,1474,Chhaprauli
Bagpat,Binauli,Mau 0 Nagal,1473,Binauli
Fatehpur,Dhata,Belai,1691,Dhata
Fatehpur,Dhata,Bhoola,1691,Dhata
Fatehpur,Dhata,Kalyanpur Kachrauli,1691,Dhata
Fatehpur,Dhata,Narsinghpur Kabraha,1691,Dhata
Fatehpur,Dhata,Karikandhaata,1691,Dhata
Fatehpur,Hatgham,Barha,1693,Hathgaon
Fatehpur,Hatgham,Tyoja,1693,Hathgaon
Fatehpur,Hatgham,Akhari,1693,Hathgaon
Fatehpur,Asothar,Asothar,1687,Asothar
Fatehpur,Asothar,Bounder,1687,Asothar
Fatehpur,Asothar,Lauganw,1687,Asothar
Fatehpur,Asothar,Jamlamau,1687,Asothar
Fatehpur,Asothar,Premmau Katra,1687,Asothar
Fatehpur,Asothar,Jivkara,1687,Asothar
Fatehpur,Vijayipur,Dariyamau,1697,Vijayipur
Fatehpur,Vijayipur,Rakshpalpur,1697,Vijayipur
Fatehpur,Vijayipur,Chachida,1697,Vijayipur
Fatehpur,Vijayipur,Hardaspur Sarafa,1697,Vijayipur
Fatehpur,Vijayipur,Koora,1697,Vijayipur
Fatehpur,Vijayipur,Salwan,1697,Vijayipur
Fatehpur,Vijayipur,Laukiapur,1697,Vijayipur
Fatehpur,Vijayipur,Gada,1697,Vijayipur
Fatehpur,Vijayipur,ItauliPur,1697,Vijayipur
Fatehpur,Airayan,Dhankamai,1685,Airayan
Fatehpur,Airayan,Ormha,1685,Airayan
Fatehpur,Airayan,Amav,1685,Airayan
Fatehpur,Airayan,Airaiyan Masayk,1685,Airayan
Fatehpur,Airayan,Chitouli,1685,Airayan
Fatehpur,Airayan,Sujarhi,1685,Airayan
Fatehpur,Airayan,Sarsai Bujurg,1685,Airayan
Fatehpur,Airayan,Hardo,1685,Airayan
Kaushambi,Kara,Shehzadpur,1869,Kara
Kaushambi,Kara,Khwaajki Mai,1869,Kara
Kaushambi,Kara,Nasirpur Faridganj,1869,Kara
Kaushambi,Kara,Chakchamarupur Daranagar,1869,Kara
Kaushambi,Kara,Myohara,1869,Kara
Kaushambi,Kara,Chakbakhtiyaara Parsipu,1869,Kara
Kaushambi,Kara,Lodhan,1869,Kara
Kaushambi,Kara,Kara,1869,Kara
Kaushambi,Kara,Sultanganj Khawajakad,1869,Kara
Kaushambi,Kara,Kamalpur,1869,Kara
Kaushambi,Kara,LehRi Khatib,1869,Kara
Kaushambi,Kara,Koriyon,1869,Kara
Kaushambi,Kara,Nawanwa,1869,Kara
Kaushambi,Kaushambi,Bajha Khurrampur,1870,Kaushambi
Bagpat,Binauli,Titaraudaa,1473,Binauli
Kaushambi,Kaushambi,Makdoom Dhoksaha,1870,Kaushambi
Bagpat,Binauli,Hjurabadgarhi,1473,Binauli
Kaushambi,Kaushambi,Vidawan,1870,Kaushambi
Bagpat,Binauli,Folad Nagar,1473,Binauli
Kaushambi,Kaushambi,NA,1870,Kaushambi
Kaushambi,NEWADA,Pedum Nath Surseni,1873,Nevada
Kaushambi,NEWADA,Ghanshyamnagar Urf Has,1873,Nevada
Kaushambi,NEWADA,Laudhur,1873,Nevada
Bagpat,Binauli,Mu 0 Poies,1473,Binauli
Kaushambi,NEWADA,Khapra,1873,Nevada
Kaushambi,NEWADA,Peraai,1873,Nevada
Kaushambi,NEWADA,Sevada,1873,Nevada
Bagpat,Binauli,Kamala,1473,Binauli
Kaushambi,NEWADA,Rehi,1873,Nevada
Bagpat,Binauli,Mu. Kanwada,1473,Binauli
Bagpat,Binauli,Soojati,1473,Binauli
Kaushambi,Chayal,Charwa,1868,Chail
Kaushambi,Chayal,Mahmudpur,1868,Chail
Kaushambi,Chayal,Rasulabad alias Koila,1868,Chail
Kaushambi,Chayal,Shekhpur Rasulpur,1868,Chail
Kaushambi,Chayal,Hardoaakhaas,1868,Chail
Kaushambi,Sarsawa,Eli alias Vaksipana,1874,Sarsawan
Kaushambi,Sarsawa,Umrawa,1874,Sarsawan
Kaushambi,Sarsawa,Palra,1874,Sarsawan
Kaushambi,Sarsawa,Barhari,1874,Sarsawan
Bagpat,Bagpat,Gadhi,1471,Baghpat
Kaushambi,Sarsawa,Paschim Shirira,1874,Sarsawan
Kaushambi,Sarsawa,Purab Sharera,1874,Sarsawan
Kaushambi,Manjhanpur,Edhara,1871,Manjhanpur
Kaushambi,Manjhanpur,Bandhwa Rajbar,1871,Manjhanpur
Kaushambi,Manjhanpur,Bhelkha,1871,Manjhanpur
Kaushambi,Manjhanpur,Babura,1871,Manjhanpur
Kaushambi,Manjhanpur,Samada,1871,Manjhanpur
Kaushambi,Manjhanpur,Gaura,1871,Manjhanpur
Kaushambi,Manjhanpur,Dewara,1871,Manjhanpur
Kaushambi,Manjhanpur,Manduki,1871,Manjhanpur
Kaushambi,Manjhanpur,Tevaan,1871,Manjhanpur
Bagpat,Bagpat,Nangla Jafrabad,1471,Baghpat
Kaushambi,Manjhanpur,Osa,1871,Manjhanpur
Kaushambi,Manjhanpur,Chimircha,1871,Manjhanpur
Kaushambi,Muratganj,Kasia,1872,Mooratganj
Kaushambi,Muratganj,Rasulpurkazi,1872,Mooratganj
Kaushambi,Muratganj,Dhanni,1872,Mooratganj
Kaushambi,Muratganj,Mittuwapur Baraislempur,1872,Mooratganj
Kaushambi,Muratganj,Sainta,1872,Mooratganj
Kaushambi,Muratganj,Marufpur,1872,Mooratganj
Kaushambi,Muratganj,Mo 0 Pur Aswan,1872,Mooratganj
Kaushambi,Muratganj,Ashokpur,1872,Mooratganj
Kaushambi,Muratganj,Gramin Bharwari,1872,Mooratganj
Kaushambi,Muratganj,Parsara,1872,Mooratganj
Kaushambi,Muratganj,Aalamchand,1872,Mooratganj
Kaushambi,Muratganj,Patteenwar,1872,Mooratganj
Kaushambi,Muratganj,Basedi,1872,Mooratganj
Bagpat,Bagpat,Dhodra Sadullapur,1471,Baghpat
Kaushambi,Muratganj,Kaajipur Juneidpur,1872,Mooratganj
Kaushambi,Muratganj,Palhana,1872,Mooratganj
Kaushambi,Muratganj,Makdumpur Qazi,1872,Mooratganj
Kaushambi,Muratganj,Chakmah Pandemau,1872,Mooratganj
Kaushambi,Muratganj,Darveshpur,1872,Mooratganj
Kaushambi,Muratganj,Mauli,1872,Mooratganj
Kaushambi,Muratganj,Berowa,1872,Mooratganj
Kaushambi,Muratganj,Gauhani Kala,1872,Mooratganj
Kaushambi,Sirathu,Chamandha,1875,Sirathu
Kaushambi,Sirathu,Nohdia Aamdkari,1875,Sirathu
Kaushambi,Sirathu,TīkarḌīh,1875,Sirathu
Kaushambi,Sirathu,Juvra,1875,Sirathu
Kaushambi,Sirathu,Selerha Purba,1875,Sirathu
Kaushambi,Sirathu,Gabhirapurba,1875,Sirathu
Bagpat,Bagpat,Karm Alipur Garhi,1471,Baghpat
Kaushambi,Sirathu,Korase,1875,Sirathu
Kaushambi,Sirathu,Badesar,1875,Sirathu
Kaushambi,Sirathu,Hajipurpatouna,1875,Sirathu
Kaushambi,Sirathu,Mo  Par Anetha,1875,Sirathu
Bagpat,Bagpat,Khedeki,1471,Baghpat
Kaushambi,Sirathu,Balkamaun,1875,Sirathu
Kaushambi,Sirathu,Waratfarik,1875,Sirathu
Kaushambi,Sirathu,Mawaikewat,1875,Sirathu
Kaushambi,Sirathu,Rasulpur Girsa,1875,Sirathu
Kaushambi,Sirathu,Wadnapur Kadipur Ichour,1875,Sirathu
Kaushambi,Sirathu,Visara,1875,Sirathu
Kaushambi,Sirathu,Dariyapur Majhiawan,1875,Sirathu
Kaushambi,Sirathu,Vamboopur,1875,Sirathu
Kaushambi,Sirathu,Nidhiawa,1875,Sirathu
Allahabad,Meja,Badhwa,1426,Meja
Allahabad,Meja,Warseta,1426,Meja
Allahabad,Meja,Bhedwara,1426,Meja
Allahabad,Meja,Zarrar,1426,Meja
Bagpat,Bagpat,Hamidabad,1471,Baghpat
Allahabad,Meja,NEWADA,1426,Meja
Allahabad,Meja,Suzni Samodha,1426,Meja
Allahabad,Meja,Khunta,1426,Meja
Allahabad,Meja,Itwa Kalan,1426,Meja
Allahabad,Meja,Dherahan,1426,Meja
Bagpat,Bagpat,Su Pur Mahanva,1471,Baghpat
Bagpat,Bagpat,A ० Pur Gadina,1471,Baghpat
Allahabad,Baharia,Sikandara,1414,Bahria
Allahabad,Baharia,Ahirai,1414,Bahria
Allahabad,Baharia,Gorapur,1414,Bahria
Allahabad,Baharia,Tulapur,1414,Bahria
Allahabad,Baharia,DALIPUR,1414,Bahria
Allahabad,Baharia,BakseDa,1414,Bahria
Allahabad,Baharia,Madhopur,1414,Bahria
Allahabad,Baharia,Chaimalpur,1414,Bahria
Allahabad,Baharia,Hasanpur Korari,1414,Bahria
Allahabad,Baharia,Chak Kashiram,1414,Bahria
Allahabad,Baharia,Devapur,1414,Bahria
Allahabad,Baharia,Kumhauna,1414,Bahria
Allahabad,Baharia,Baliyapur,1414,Bahria
Allahabad,Baharia,Khevrajpura,1414,Bahria
Allahabad,Baharia,Adampur Uparauda,1414,Bahria
Bagpat,Bagpat,Chauhulda,1471,Baghpat
Allahabad,Baharia,Sarayam Jodharay,1414,Bahria
Allahabad,Baharia,Sarai Jeetaray,1414,Bahria
Allahabad,Baharia,Neevikhurd,1414,Bahria
Bagpat,Bagpat,Su 0 Pur Hatana,1471,Baghpat
Allahabad,Baharia,Soprawari,1414,Bahria
Allahabad,Baharia,Pratapur,1414,Bahria
Allahabad,Baharia,Damodarpur alias Tiwari,1414,Bahria
Allahabad,Baharia,Mathura alias Paranandeeh,1414,Bahria
Allahabad,Baharia,Chakshyam Urf Pure Hin,1414,Bahria
Allahabad,Koraon,Gauhani,1423,Koraon
Allahabad,Koraon,Marfa Kalan,1423,Koraon
Allahabad,Koraon,Taro,1423,Koraon
Allahabad,Koraon,Uldeh,1423,Koraon
Allahabad,Koraon,Dhaaw,1423,Koraon
Allahabad,Koraon,Ratyaura,1423,Koraon
Allahabad,Koraon,Neebee,1423,Koraon
Allahabad,Koraon,Badokhara,1423,Koraon
Allahabad,Koraon,Ledari,1423,Koraon
Allahabad,Koraon,Jokhat,1423,Koraon
Ghaziabad,Loni,Badshahpur Siroli,1715,Loni
Allahabad,Koraon,Maado,1423,Koraon
Allahabad,Jasra,Weekar,1419,Jasra
Allahabad,Jasra,Kanjassa,1419,Jasra
Allahabad,Jasra,Gohania,1419,Jasra
Allahabad,Jasra,Rehi Ta 0 Baijla,1419,Jasra
Allahabad,Jasra,Tikri Ta 0 Kanjasa,1419,Jasra
Ghaziabad,Loni,Sikharānī,1715,Loni
Allahabad,Jasra,Baizla,1419,Jasra
Allahabad,Jasra,Parbejabad,1419,Jasra
Allahabad,Jasra,Virval,1419,Jasra
Allahabad,Jasra,Koodi,1419,Jasra
Allahabad,Jasra,Gees,1419,Jasra
Allahabad,Jasra,Gobara Tarahar,1419,Jasra
Allahabad,Bahadurpur,Malawan Khurd,1413,Bahadurpur
Allahabad,Bahadurpur,Amarsapur,1413,Bahadurpur
Allahabad,Bahadurpur,Rahimapur,1413,Bahadurpur
Allahabad,Bahadurpur,Kanihar,1413,Bahadurpur
Allahabad,Bahadurpur,Chakchuraman,1413,Bahadurpur
Allahabad,Bahadurpur,Bandhwa Tahirpur,1413,Bahadurpur
Allahabad,Bahadurpur,Ustapur Mahmudabad,1413,Bahadurpur
Allahabad,Bahadurpur,Naika,1413,Bahadurpur
Allahabad,Bahadurpur,Chatanag,1413,Bahadurpur
Allahabad,Bahadurpur,Sherdih,1413,Bahadurpur
Allahabad,Bahadurpur,Bahadurpur Kachhar,1413,Bahadurpur
Allahabad,Bahadurpur,SONAUTI,1413,Bahadurpur
Allahabad,Bahadurpur,Balrampur,1413,Bahadurpur
Allahabad,Bahadurpur,Baraippur,1413,Bahadurpur
Ghaziabad,Loni,Agaraula,1715,Loni
Allahabad,Bahadurpur,Malawa Buzurg,1413,Bahadurpur
Allahabad,Bahadurpur,Sarfuddinpur,1413,Bahadurpur
Allahabad,Bahadurpur,Kuwandih,1413,Bahadurpur
Allahabad,Bahadurpur,Durjan Pur,1413,Bahadurpur
Allahabad,Bahadurpur,Andaawa,1413,Bahadurpur
Allahabad,Bahadurpur,Dudahi,1413,Bahadurpur
Allahabad,Bahadurpur,Bhagipur,1413,Bahadurpur
Allahabad,Bahadurpur,Raamaapur,1413,Bahadurpur
Allahabad,Bahadurpur,Jagbandhanpur,1413,Bahadurpur
Allahabad,Bahadurpur,Gharhara Chakia,1413,Bahadurpur
Allahabad,Bahadurpur,Gauntawa,1413,Bahadurpur
Allahabad,Bahadurpur,Tenduai,1413,Bahadurpur
Allahabad,Bahadurpur,Bariyari,1413,Bahadurpur
Allahabad,Bahadurpur,Murarpur,1413,Bahadurpur
Allahabad,Bahadurpur,Havelia,1413,Bahadurpur
Allahabad,Bahadurpur,Jhunsi Kohna,1413,Bahadurpur
Ghaziabad,Loni,Banthla,1715,Loni
Allahabad,Bahadurpur,Chak Hariharwan,1413,Bahadurpur
Allahabad,Bahadurpur,Katka,1413,Bahadurpur
Allahabad,Bahadurpur,Pure Suradas,1413,Bahadurpur
Ghaziabad,Loni,Khanpur Japti,1715,Loni
Ghaziabad,Loni,Tila Shahbazpur,1715,Loni
Allahabad,Saidabad,Utraw,1429,Saidabad
Ghaziabad,Loni,Khoda,1715,Loni
Allahabad,Saidabad,Ataraura,1429,Saidabad
Ghaziabad,Dhaulana,Dinananthpur Puthi,1712,Dhaulana
Allahabad,Saidabad,Rasulpur,1429,Saidabad
Ghaziabad,Dhaulana,Raghunathpur,1712,Dhaulana
Ghaziabad,Dhaulana,Inayatpur,1712,Dhaulana
Allahabad,Saidabad,Khaptiha,1429,Saidabad
Allahabad,Saidabad,Beeda,1429,Saidabad
Allahabad,Saidabad,Haripur,1429,Saidabad
Ghaziabad,Dhaulana,Sadatnagar Ekla,1712,Dhaulana
Allahabad,Saidabad,Jamshedpur,1429,Saidabad
Allahabad,Saidabad,Barona,1429,Saidabad
Allahabad,Saidabad,Jwalapur,1429,Saidabad
Allahabad,Kaudhiyara,Ekoni,1421,Kaudhiyara
Allahabad,Kaudhiyara,Velva,1421,Kaudhiyara
Allahabad,Kaudhiyara,Naugao,1421,Kaudhiyara
Allahabad,Kaudhiyara,Umari Ta 0 Purwa,1421,Kaudhiyara
Allahabad,Kaudhiyara,Power,1421,Kaudhiyara
Allahabad,Kaudhiyara,Tikri,1421,Kaudhiyara
Allahabad,Kaudhiyara,Varsaval,1421,Kaudhiyara
Allahabad,Kaudhiyara,Gaura,1421,Kaudhiyara
Allahabad,Kaudhiyara,Piperhata,1421,Kaudhiyara
Allahabad,Karachna,Daro,1420,Karchhana
Allahabad,Karachna,Gadhian,1420,Karchhana
Allahabad,Karachna,Piprawan,1420,Karchhana
Allahabad,Karachna,Kauva,1420,Karchhana
Allahabad,Karachna,Birpur,1420,Karchhana
Allahabad,Karachna,Mahewa,1420,Karchhana
Allahabad,Karachna,Neebee,1420,Karchhana
Allahabad,Karachna,Devarikala,1420,Karchhana
Allahabad,Karachna,Deeha,1420,Karchhana
Allahabad,Karachna,Maneya,1420,Karchhana
Allahabad,Karachna,Nariya,1420,Karchhana
Ghaziabad,Dhaulana,Narayanpur Baska,1712,Dhaulana
Allahabad,Mau Aima,T ० T ० Abdulpur,1425,Mauaima
Allahabad,Mau Aima,Sarayatn alias Naugir,1425,Mauaima
Allahabad,Mau Aima,Chhitemmau,1425,Mauaima
Allahabad,Mau Aima,Gadinani,1425,Mauaima
Allahabad,Dhanupur,Mithpur,1416,Dhanupur
Allahabad,Dhanupur,Saroyalam,1416,Dhanupur
Allahabad,Dhanupur,Bhooshalpur,1416,Dhanupur
Ghaziabad,Dhaulana,Vazhairakalan,1712,Dhaulana
Allahabad,Dhanupur,Haripur,1416,Dhanupur
Allahabad,Dhanupur,Bhagotipur,1416,Dhanupur
Allahabad,Dhanupur,Hasanpur,1416,Dhanupur
Ghaziabad,Dhaulana,Bhidhepur,1712,Dhaulana
Allahabad,Dhanupur,K.Y. Burzug,1416,Dhanupur
Allahabad,Dhanupur,Parwan,1416,Dhanupur
Allahabad,Kaudihar,Hathigahan,1422,Kaurihar
Allahabad,Kaudihar,Atraampur urf Naawaab,1422,Kaurihar
Allahabad,Kaudihar,Uldeh,1422,Kaurihar
Allahabad,Kaudihar,Kudha,1422,Kaurihar
Allahabad,Kaudihar,Jamuā Urf Bhawānipur,1422,Kaurihar
Allahabad,Kaudihar,Lai,1422,Kaurihar
Allahabad,Kaudihar,Raghuvanshpur Rerua,1422,Kaurihar
Allahabad,Kaudihar,Samhai,1422,Kaurihar
Allahabad,Kaudihar,Fatehpur Kayasthaan,1422,Kaurihar
Allahabad,Kaudihar,Gariyawa,1422,Kaurihar
Allahabad,Kaudihar,Mohrab,1422,Kaurihar
Allahabad,Kaudihar,Phoolpur Urf Jagapur,1422,Kaurihar
Allahabad,Kaudihar,Sarairah Urf Korari,1422,Kaurihar
Allahabad,Kaudihar,Nasir Pur Dargahi,1422,Kaurihar
Allahabad,Kaudihar,Marufpur,1422,Kaurihar
Allahabad,Kaudihar,Piperaudh,1422,Kaurihar
Allahabad,Kaudihar,Pannoppur,1422,Kaurihar
Allahabad,Kaudihar,Ananpur,1422,Kaurihar
Allahabad,Kaudihar,Khanderoli,1422,Kaurihar
Allahabad,Kaudihar,Bhagwatipur,1422,Kaurihar
Allahabad,Kaudihar,Andhiyari,1422,Kaurihar
Allahabad,Kaudihar,Daharpur,1422,Kaurihar
Allahabad,Kaudihar,Kamalapur,1422,Kaurihar
Allahabad,Kaudihar,Piyari Urf Vijunipur,1422,Kaurihar
Allahabad,Kaudihar,Patna Upharhar,1422,Kaurihar
Allahabad,Kaudihar,Sigraur,1422,Kaurihar
Allahabad,Kaudihar,Waraipur Ramnagar,1422,Kaurihar
Allahabad,Kaudihar,Mansurabad,1422,Kaurihar
Allahabad,Kaudihar,Ibrahimppur,1422,Kaurihar
Allahabad,Kaudihar,Munauwarpur,1422,Kaurihar
Allahabad,Kaudihar,Mendara,1422,Kaurihar
Allahabad,Kaudihar,Saraydadan,1422,Kaurihar
Allahabad,Kaudihar,Ganipur,1422,Kaurihar
Allahabad,Kaudihar,Malakwalau,1422,Kaurihar
Ghaziabad,Dhaulana,Madapur Hawal,1712,Dhaulana
Allahabad,Kaudihar,Fatuhpur Upahar,1422,Kaurihar
Allahabad,Kaudihar,Chafri Upharhar,1422,Kaurihar
Allahabad,Kaudihar,Kasimpur Jua Urf I,1422,Kaurihar
Allahabad,Kaudihar,Mo 0 Pur Hathiganj,1422,Kaurihar
Allahabad,Kaudihar,Malakharhar,1422,Kaurihar
Allahabad,Kaudihar,Kadipur Ta O Bisoun,1422,Kaurihar
Allahabad,Kaudihar,Kuswan,1422,Kaurihar
Allahabad,Kaudihar,Keshavpur,1422,Kaurihar
Allahabad,Kaudihar,Katuhula Gausa pur,1422,Kaurihar
Allahabad,Kaudihar,Khatangi,1422,Kaurihar
Allahabad,Kaudihar,Gaja,1422,Kaurihar
Allahabad,Kaudihar,Govindpur Tewara,1422,Kaurihar
Allahabad,Kaudihar,Chandrabhanpur,1422,Kaurihar
Allahabad,Kaudihar,Janaka,1422,Kaurihar
Allahabad,Kaudihar,Jalalpur Ghosi,1422,Kaurihar
Allahabad,Kaudihar,Jhalwa,1422,Kaurihar
Allahabad,Kaudihar,Damupur,1422,Kaurihar
Allahabad,Kaudihar,Tikiri Upharah,1422,Kaurihar
Allahabad,Kaudihar,Bamhrouli,1422,Kaurihar
Allahabad,Kaudihar,Bhairetha,1422,Kaurihar
Allahabad,Kaudihar,Bhagwatpur,1422,Kaurihar
Allahabad,Kaudihar,Bhikhpur Medwara,1422,Kaurihar
Allahabad,Kaudihar,Bhiti Ta 0 Asadullapur,1422,Kaurihar
Ghaziabad,Dhaulana,Masauta,1712,Dhaulana
Allahabad,Kaudihar,Manauri,1422,Kaurihar
Allahabad,Kaudihar,Mardandpur,1422,Kaurihar
Allahabad,Kaudihar,Mohiuddinpur Barethi,1422,Kaurihar
Allahabad,Kaudihar,Madpur,1422,Kaurihar
Allahabad,Kaudihar,Mandardeh Mafi,1422,Kaurihar
Allahabad,Kaudihar,Mirapur,1422,Kaurihar
Allahabad,Kaudihar,Rahimabad,1422,Kaurihar
Allahabad,Kaudihar,Lakhanpur,1422,Kaurihar
Allahabad,Kaudihar,Rasulpur Kashippur,1422,Kaurihar
Allahabad,Kaudihar,Sherpur,1422,Kaurihar
Allahabad,Kaudihar,Hatwa,1422,Kaurihar
Allahabad,Kaudihar,Ahmadpur Asrauli,1422,Kaurihar
Allahabad,Kaudihar,Akbarpur Mirzapur,1422,Kaurihar
Allahabad,Kaudihar,Akbarpur Sallahpur,1422,Kaurihar
Allahabad,Kaudihar,Ahmadpur Pawan,1422,Kaurihar
Allahabad,Kaudihar,Ujaini Gopalpur,1422,Kaurihar
Allahabad,Kaudihar,Asrawe Khurd,1422,Kaurihar
Allahabad,Kaudihar,Kheduwa,1422,Kaurihar
Allahabad,Kaudihar,Bisouna,1422,Kaurihar
Allahabad,Kaudihar,Karehada,1422,Kaurihar
Allahabad,Kaudihar,AdamPur Madaripur,1422,Kaurihar
Allahabad,Kaudihar,Saidpur,1422,Kaurihar
Allahabad,Kaudihar,Numama Dahi,1422,Kaurihar
Allahabad,Kaudihar,Asrawe Kalan,1422,Kaurihar
Allahabad,Kaudihar,Ujihini Aima,1422,Kaurihar
Saharanpur,Muzaffarabad,Takiipur,2075,Muzaffarabad
Ghaziabad,Dhaulana,Bhojapura Jadopur,1712,Dhaulana
Allahabad,Handiya,Maharwara,1417,Handia
Allahabad,Handiya,Chak Aziz Alias Vira,1417,Handia
Allahabad,Handiya,Jawaradih,1417,Handia
Allahabad,Handiya,Kasaudan Urf Lakshagrih,1417,Handia
Allahabad,Handiya,Wamela,1417,Handia
Allahabad,Handiya,Duwki Kala,1417,Handia
Allahabad,Handiya,Velha Singhamau,1417,Handia
Ghaziabad,Muradnagar,Sikheda Hazari Fatehpur,1716,Muradnagar
Allahabad,Handiya,PoorayMathuraadaas,1417,Handia
Allahabad,Manda,Piyagpur Ramgarhwa,1424,Manda
Allahabad,Manda,Mahewa Kala,1424,Manda
Allahabad,Manda,Wampur,1424,Manda
Ghaziabad,Muradnagar,Bheda Klau,1716,Muradnagar
Allahabad,Manda,Goraiyakala,1424,Manda
Allahabad,Manda,Sari,1424,Manda
Allahabad,Manda,Very,1424,Manda
Allahabad,Manda,Hata,1424,Manda
Allahabad,Manda,Geruadih,1424,Manda
Allahabad,Manda,Vadoua,1424,Manda
Allahabad,Manda,Sonawarsa,1424,Manda
Allahabad,Manda,Manda,1424,Manda
Allahabad,Manda,Uldeh,1424,Manda
Allahabad,Manda,Bhrari-Dwitiya,1424,Manda
Allahabad,Manda,Aadha,1424,Manda
Allahabad,Manda,Vamanihethar,1424,Manda
Allahabad,Pratapur,Madwa,1428,Pratappur
Allahabad,Pratapur,Raipur,1428,Pratappur
Allahabad,Pratapur,Sultanpur Urf Lothi,1428,Pratappur
Allahabad,Pratapur,Pateia,1428,Pratappur
Allahabad,Pratapur,Basna,1428,Pratappur
Allahabad,Pratapur,Sidhoura,1428,Pratappur
Allahabad,Pratapur,Jhaaree,1428,Pratappur
Allahabad,Phoolpur,Chakmohammadurf Puresu,1427,Phulpur
Allahabad,Phoolpur,Gaugour,1427,Phulpur
Allahabad,Phoolpur,Sarwadih,1427,Phulpur
Allahabad,Phoolpur,Aмилия,1427,Phulpur
Allahabad,Phoolpur,Chamroopur alias Nandout,1427,Phulpur
Allahabad,Phoolpur,Chakshekh Ahmad Urf,1427,Phulpur
Allahabad,Phoolpur,Saroyadawood urf Dhakpu,1427,Phulpur
Allahabad,Phoolpur,Sarayaj Urf Aziz,1427,Phulpur
Allahabad,Phoolpur,Reni,1427,Phulpur
Allahabad,Phoolpur,Seduadih,1427,Phulpur
Allahabad,Phoolpur,Saraysheshpeer,1427,Phulpur
Allahabad,Phoolpur,Saraikutubuddin Urf,1427,Phulpur
Allahabad,Phoolpur,Safkhanpur,1427,Phulpur
Allahabad,Phoolpur,Balkaranpoor,1427,Phulpur
Allahabad,Phoolpur,Virbhanpur,1427,Phulpur
Allahabad,Phoolpur,Virkaji,1427,Phulpur
Allahabad,Phoolpur,Pali,1427,Phulpur
Allahabad,Phoolpur,Vighiya,1427,Phulpur
Allahabad,Phoolpur,Manethu,1427,Phulpur
Allahabad,Phoolpur,Thanapur,1427,Phulpur
Allahabad,Phoolpur,Jagdevpur Barethi,1427,Phulpur
Allahabad,Phoolpur,Devnahri,1427,Phulpur
Allahabad,Phoolpur,Umrimay Tatehra,1427,Phulpur
Allahabad,Phoolpur,Belwa,1427,Phulpur
Allahabad,Phoolpur,Saraoyahusena,1427,Phulpur
Allahabad,Phoolpur,Khodaypur,1427,Phulpur
Allahabad,Phoolpur,Chilonda,1427,Phulpur
Allahabad,Phoolpur,Aata,1427,Phulpur
Allahabad,Phoolpur,Kanoja khurd,1427,Phulpur
Allahabad,Phoolpur,Vagai Khurd,1427,Phulpur
Allahabad,Phoolpur,Baroh,1427,Phulpur
Allahabad,Phoolpur,Chandauha,1427,Phulpur
Allahabad,Phoolpur,Ekadla,1427,Phulpur
Allahabad,Phoolpur,Parwezawad,1427,Phulpur
Allahabad,Shankaragarh,Chak Shivchar,1430,Shankargarh
Allahabad,Shankaragarh,Neebee,1430,Shankargarh
Allahabad,Shankaragarh,Laodkala,1430,Shankargarh
Allahabad,Shankaragarh,Pahadiakala,1430,Shankargarh
Ghaziabad,Muradnagar,Sarna Muradnagar,1716,Muradnagar
Allahabad,Shankaragarh,Akaulria,1430,Shankargarh
Ghaziabad,Muradnagar,Asalat Nagar,1716,Muradnagar
Allahabad,Shankaragarh,Dewara,1430,Shankargarh
Ghaziabad,Muradnagar,Jalalpur Raghunathpur,1716,Muradnagar
Allahabad,Shankaragarh,Mvaiyakala,1430,Shankargarh
Allahabad,Shankaragarh,Teladhana,1430,Shankargarh
Allahabad,Chaka,Dabhawan,1415,Chaka
Allahabad,Chaka,Danddii,1415,Chaka
Allahabad,Chaka,Mohabbatganj,1415,Chaka
Allahabad,Chaka,Tignauta,1415,Chaka
Allahabad,Chaka,Mahewa Pashchim Patti,1415,Chaka
Allahabad,Chaka,Chakrana Tiwari,1415,Chaka
Allahabad,Chaka,Dhanuha,1415,Chaka
Allahabad,Chaka,Wasawar,1415,Chaka
Allahabad,Chaka,Chakgareeb das,1415,Chaka
Allahabad,Chaka,Mardauka,1415,Chaka
Allahabad,Chaka,Aмилия,1415,Chaka
Allahabad,Chaka,Pure Khagan,1415,Chaka
Allahabad,Chaka,Pipirsa,1415,Chaka
Allahabad,Chaka,Devari,1415,Chaka
Allahabad,Chaka,Baramar,1415,Chaka
Allahabad,Chaka,Masika,1415,Chaka
Allahabad,Chaka,Goghapur,1415,Chaka
Allahabad,Chaka,Lawayan Khurd,1415,Chaka
Allahabad,Chaka,Newada Samogar,1415,Chaka
Allahabad,Chaka,Pura Pandey,1415,Chaka
Allahabad,Chaka,Lawayan Kalan,1415,Chaka
Allahabad,Chaka,Sarwa Kala,1415,Chaka
Allahabad,Chaka,Tenduawan,1415,Chaka
Allahabad,Chaka,Mahuari,1415,Chaka
Allahabad,Chaka,Araila,1415,Chaka
Allahabad,Chaka,Mawaiya,1415,Chaka
Allahabad,Chaka,Dadri Ta O Naini Dadri,1415,Chaka
Allahabad,Chaka,Devarakh,1415,Chaka
Allahabad,Holagarh,Jagdishpur Masani,1418,Holagarh
Allahabad,Holagarh,Paschimnara,1418,Holagarh
Allahabad,Holagarh,Kashipur,1418,Holagarh
Allahabad,Holagarh,Madupur Ramnagar,1418,Holagarh
Allahabad,Holagarh,Judapur Bihar,1418,Holagarh
Allahabad,Holagarh,Kasturipur,1418,Holagarh
Allahabad,Holagarh,Ramadaspur,1418,Holagarh
Allahabad,Holagarh,Barairakh,1418,Holagarh
Allahabad,Holagarh,S 0 Ta 0 Shahapur,1418,Holagarh
Allahabad,Holagarh,Seranwa,1418,Holagarh
Allahabad,Holagarh,Beraava,1418,Holagarh
Allahabad,Holagarh,Saraychandra Bhawanurf Na,1418,Holagarh
Allahabad,Holagarh,Bajha,1418,Holagarh
Ghaziabad,Muradnagar,Milkakchakpur,1716,Muradnagar
Allahabad,Holagarh,Babhanpur,1418,Holagarh
Pratapgarh,Mandhaata,Puree torai,2038,Mandhata
Pratapgarh,Mandhaata,Saraydevray,2038,Mandhata
Pratapgarh,Mandhaata,Gaura,2038,Mandhata
Pratapgarh,Mandhaata,Chatouna,2038,Mandhata
Pratapgarh,Mandhaata,Saraiharnarayan,2038,Mandhata
Pratapgarh,Mandhaata,Harkhpur,2038,Mandhata
Pratapgarh,Mandhaata,Akodia,2038,Mandhata
Pratapgarh,Mandhaata,Mandhata,2038,Mandhata
Pratapgarh,Mandhaata,Mishrur taroul,2038,Mandhata
Pratapgarh,Mandhaata,Aohina,2038,Mandhata
Pratapgarh,Mandhaata,Puraila,2038,Mandhata
Pratapgarh,Mandhaata,Diwai,2038,Mandhata
Pratapgarh,Mandhaata,Hayseeperajee,2038,Mandhata
Pratapgarh,Mandhaata,Lilauli,2038,Mandhata
Pratapgarh,Mandhaata,Khajohri,2038,Mandhata
Pratapgarh,Mandhaata,Vlapur,2038,Mandhata
Pratapgarh,Mandhaata,Gambhira,2038,Mandhata
Pratapgarh,Mandhaata,Saraiyabhupat,2038,Mandhata
Pratapgarh,Mandhaata,Pure Motilal,2038,Mandhata
Pratapgarh,Mandhaata,Tarool,2038,Mandhata
Ghaziabad,Hapur,Lalpur Chitadei,1714,Hapur
Pratapgarh,Mandhaata,Jagdishpur,2038,Mandhata
Pratapgarh,Mandhaata,Virmpur,2038,Mandhata
Pratapgarh,Sadar,Sagra,2040,Pratapgarh (Sadar)
Pratapgarh,Sadar,Purai-ishwarnath,2040,Pratapgarh (Sadar)
Pratapgarh,Sadar,Rupapur,2040,Pratapgarh (Sadar)
Pratapgarh,Sadar,Taaooṅgaa,2040,Pratapgarh (Sadar)
Pratapgarh,Sadar,Purekeshawaray,2040,Pratapgarh (Sadar)
Pratapgarh,Sadar,Rajapur,2040,Pratapgarh (Sadar)
Pratapgarh,Sadar,Ghatampur,2040,Pratapgarh (Sadar)
Pratapgarh,Sadar,Namaksayir,2040,Pratapgarh (Sadar)
Pratapgarh,Sadar,Bhuidaha,2040,Pratapgarh (Sadar)
Pratapgarh,Sadar,Purehiran,2040,Pratapgarh (Sadar)
Pratapgarh,Sadar,Auwar,2040,Pratapgarh (Sadar)
Pratapgarh,Sadar,Sipahmaheri,2040,Pratapgarh (Sadar)
Pratapgarh,Sadar,Bhaagesaraa,2040,Pratapgarh (Sadar)
Pratapgarh,Sadar,Purnapurptakhan,2040,Pratapgarh (Sadar)
Pratapgarh,Sadar,Katraindukumar,2040,Pratapgarh (Sadar)
Pratapgarh,Sadar,Saraybahelia,2040,Pratapgarh (Sadar)
Pratapgarh,Sadar,Ranjitpur Chilbi,2040,Pratapgarh (Sadar)
Pratapgarh,Sadar,Gode,2040,Pratapgarh (Sadar)
Pratapgarh,Sadar,Sonawa,2040,Pratapgarh (Sadar)
Pratapgarh,Sadar,Dahlamau,2040,Pratapgarh (Sadar)
Pratapgarh,Baabaganj,Gogahar,2030,Babaganj
Pratapgarh,Baabaganj,Bahorikpur,2030,Babaganj
Pratapgarh,Baabaganj,Jagapur,2030,Babaganj
Pratapgarh,Baabaganj,Fathabad,2030,Babaganj
Pratapgarh,Baabaganj,Aingha,2030,Babaganj
Pratapgarh,Baabaganj,Bajirpur,2030,Babaganj
Pratapgarh,Baabaganj,Ping,2030,Babaganj
Pratapgarh,Baabaganj,Bhawaniganj Kota,2030,Babaganj
Pratapgarh,Baabaganj,Pureli Makdoompur,2030,Babaganj
Pratapgarh,Kalakankar,Hinohoo,2033,Kalakankar
Saharanpur,Muzaffarabad,Shekhupur Mujahidpur,2075,Muzaffarabad
Pratapgarh,Kalakankar,Kandhai,2033,Kalakankar
Pratapgarh,Kalakankar,Bijlipur Bangadwa,2033,Kalakankar
Pratapgarh,Kalakankar,Chaurahi,2033,Kalakankar
Pratapgarh,Kalakankar,Bajhabhit,2033,Kalakankar
Pratapgarh,Kalakankar,Mirgadwa,2033,Kalakankar
Pratapgarh,Kalakankar,Latatara,2033,Kalakankar
Pratapgarh,Kalakankar,Sahijini,2033,Kalakankar
Pratapgarh,Kalakankar,Badgo,2033,Kalakankar
Pratapgarh,Kalakankar,Shekh Mohammedpur,2033,Kalakankar
Pratapgarh,Sandwaa Chandrika,Kota Nevdia,2042,Sandwa Chandrika
Pratapgarh,Sandwaa Chandrika,Gauhani,2042,Sandwa Chandrika
Pratapgarh,Sandwaa Chandrika,Bosi,2042,Sandwa Chandrika
Ghaziabad,Hapur,Putha Husainpur,1714,Hapur
Pratapgarh,Sandwaa Chandrika,Gadwara,2042,Sandwa Chandrika
Pratapgarh,Sandwaa Chandrika,Shukulpur,2042,Sandwa Chandrika
Pratapgarh,Sandwaa Chandrika,Mvaiyakala,2042,Sandwa Chandrika
Pratapgarh,Sandwaa Chandrika,Bhadosi,2042,Sandwa Chandrika
Pratapgarh,Sandwaa Chandrika,Shivrajpur,2042,Sandwa Chandrika
Pratapgarh,Sandwaa Chandrika,Raiberjanipur,2042,Sandwa Chandrika
Pratapgarh,Sandwaa Chandrika,Dangari,2042,Sandwa Chandrika
Pratapgarh,Sandwaa Chandrika,Antu Dehat,2042,Sandwa Chandrika
Pratapgarh,Sandwaa Chandrika,Goradad,2042,Sandwa Chandrika
Pratapgarh,Sandwaa Chandrika,Talaasiristaabaad,2042,Sandwa Chandrika
Pratapgarh,Sandwaa Chandrika,Saruavo,2042,Sandwa Chandrika
Pratapgarh,Sandwaa Chandrika,Chaura,2042,Sandwa Chandrika
Pratapgarh,Lakshmanpur,Lakshmanpur,2035,Lakshamanpur
Pratapgarh,Lalganj,Shitalmau,2036,Lalganj
Pratapgarh,Lalganj,Khanapatti,2036,Lalganj
Pratapgarh,Lalganj,Sangipur,2036,Lalganj
Pratapgarh,Lalganj,Balipur Katra,2036,Lalganj
Pratapgarh,Lalganj,Salem Bhadari,2036,Lalganj
Pratapgarh,Lalganj,Ajaara,2036,Lalganj
Pratapgarh,Lalganj,Gaukhadi,2036,Lalganj
Pratapgarh,Lalganj,Khalsa Sadat,2036,Lalganj
Pratapgarh,Lalganj,Keshavpur,2036,Lalganj
Ghaziabad,Hapur,Daumiy Jarauthi,1714,Hapur
Pratapgarh,Sangipur,Aasaanv,2043,Sangipur
Ghaziabad,Hapur,Asauda,1714,Hapur
Pratapgarh,Sangipur,Nanouti,2043,Sangipur
Pratapgarh,Sangipur,Bathhua,2043,Sangipur
Pratapgarh,Sangipur,Buubupur,2043,Sangipur
Pratapgarh,Sangipur,Vevali,2043,Sangipur
Pratapgarh,Sangipur,Bhagoora,2043,Sangipur
Pratapgarh,Bihar,Kharaila,2031,Bihar
Pratapgarh,Bihar,Sia,2031,Bihar
Pratapgarh,Bihar,Mahammadpur Bhaw,2031,Bihar
Pratapgarh,Bihar,Nevadiha,2031,Bihar
Ghaziabad,Hapur,Hajibur Udaipur,1714,Hapur
Pratapgarh,Bihar,Sabalgarh,2031,Bihar
Pratapgarh,Bihar,Shekhpur chauraas,2031,Bihar
Pratapgarh,Bihar,Saraiindravat,2031,Bihar
Pratapgarh,Bihar,Vikra,2031,Bihar
Pratapgarh,Bihar,Mahiamau,2031,Bihar
Pratapgarh,Gaura,Sardila,2032,Gaura
Pratapgarh,Gaura,Sarai Sultani,2032,Gaura
Pratapgarh,Gaura,Barhada,2032,Gaura
Pratapgarh,Gaura,Meduadih,2032,Gaura
Pratapgarh,Gaura,Bheet,2032,Gaura
Pratapgarh,Gaura,Kolapurnandpatti,2032,Gaura
Pratapgarh,Gaura,Naodera,2032,Gaura
Pratapgarh,Gaura,Vairampur,2032,Gaura
Pratapgarh,Gaura,Suwansa,2032,Gaura
Pratapgarh,Gaura,Pure Kharagaray,2032,Gaura
Pratapgarh,Gaura,Karka,2032,Gaura
Pratapgarh,Gaura,Rohkhurdkala,2032,Gaura
Ghaziabad,Hapur,Badnauli,1714,Hapur
Pratapgarh,Magraura,Sarauli,2037,Magraura
Pratapgarh,Magraura,Itwa,2037,Magraura
Pratapgarh,Magraura,Konhdaur,2037,Magraura
Pratapgarh,Magraura,Raamaapur,2037,Magraura
Pratapgarh,Magraura,Dharauli Maddhupur,2037,Magraura
Pratapgarh,Magraura,Lakhipur,2037,Magraura
Pratapgarh,Magraura,Bhawanpura,2037,Magraura
Pratapgarh,Magraura,Koni,2037,Magraura
Pratapgarh,Patti,Charaia,2039,Patti
Pratapgarh,Patti,Samatpur,2039,Patti
Pratapgarh,Patti,Kukuwah,2039,Patti
Pratapgarh,Patti,Saray Mahesh,2039,Patti
Pratapgarh,Patti,Saradih,2039,Patti
Pratapgarh,Patti,Dubeli Sakhu,2039,Patti
Pratapgarh,Patti,Viroti,2039,Patti
Pratapgarh,Patti,Dhui,2039,Patti
Pratapgarh,Patti,Deidih Dhaurahra,2039,Patti
Pratapgarh,Baabaa Belkharnath Dhaam,Sonahi,2029,Baba Belkharnath Dham
Pratapgarh,Baabaa Belkharnath Dhaam,Donai,2029,Baba Belkharnath Dham
Pratapgarh,Baabaa Belkharnath Dhaam,Gogpati,2029,Baba Belkharnath Dham
Pratapgarh,Baabaa Belkharnath Dhaam,Gadora Khurd,2029,Baba Belkharnath Dham
Pratapgarh,Baabaa Belkharnath Dhaam,Kitholi Jalalpur,2029,Baba Belkharnath Dham
Ghaziabad,Rajapur,Didwari Urf Chitouda,1717,Rajapur
Pratapgarh,Baabaa Belkharnath Dhaam,Birmau Vishundatt,2029,Baba Belkharnath Dham
Pratapgarh,Baabaa Belkharnath Dhaam,Gautaili,2029,Baba Belkharnath Dham
Pratapgarh,Baabaa Belkharnath Dhaam,Dohri,2029,Baba Belkharnath Dham
Pratapgarh,Shivgarh,Imlidand,2044,Shivgarh
Pratapgarh,Shivgarh,Vijaymau,2044,Shivgarh
Pratapgarh,Shivgarh,Pure Golia,2044,Shivgarh
Pratapgarh,Shivgarh,Rastipur,2044,Shivgarh
Pratapgarh,Shivgarh,Bithalpur,2044,Shivgarh
Pratapgarh,Shivgarh,Bhagipur,2044,Shivgarh
Pratapgarh,Shivgarh,Paremhanth,2044,Shivgarh
Pratapgarh,Shivgarh,Pachras,2044,Shivgarh
Pratapgarh,Kunda,Aimasbhau,2034,Kunda
Pratapgarh,Kunda,Chauka Paur,2034,Kunda
Ghaziabad,Rajapur,Bheekappur,1717,Rajapur
Pratapgarh,Kunda,Barai,2034,Kunda
Pratapgarh,Kunda,Chakadaral,2034,Kunda
Pratapgarh,Kunda,Benti,2034,Kunda
Rae bareli,Unchahaar,Arkha,2065,Unchahar
Rae bareli,Unchahaar,Shehzadpur,2065,Unchahar
Rae bareli,Unchahaar,Savaiya Hasan,2065,Unchahar
Rae bareli,Unchahaar,Svaiyaraje,2065,Unchahar
Rae bareli,Unchahaar,Kharauli,2065,Unchahar
Rae bareli,Unchahaar,Gokna,2065,Unchahar
Saharanpur,Muzaffarabad,Jeeva Ahtam,2075,Muzaffarabad
Rae bareli,Deenshaahgaura,Bhagwantpurchadniha,2050,Deenshah Gaura
Rae bareli,Sareni,Sotwakheda,2060,Sareni
Ghaziabad,Garhmukteshwar,Akkhapur,1713,Garh Mukteshwar
Rae bareli,Sareni,Madhupur,2060,Sareni
Rae bareli,Sareni,Sindooratara,2060,Sareni
Rae bareli,Sareni,Lakhangav,2060,Sareni
Rae bareli,Sataon,Onei Pahadpur,2061,Sataon
Rae bareli,Sataon,Gadhidoolaray,2061,Sataon
Ghaziabad,Garhmukteshwar,Popai Hiranpura,1713,Garh Mukteshwar
Rae bareli,Sataon,Maneru,2061,Sataon
Rae bareli,Sataon,Sultanpur,2061,Sataon
Rae bareli,Harchandpur,Mazhigwa Raay,2052,Harchandpur
Ghaziabad,Garhmukteshwar,Dotai,1713,Garh Mukteshwar
Rae bareli,Harchandpur,Kasokhas,2052,Harchandpur
Rae bareli,Harchandpur,Paschimgaam,2052,Harchandpur
Rae bareli,Harchandpur,NandaaKhedaa,2052,Harchandpur
Rae bareli,Harchandpur,Pyaar,2052,Harchandpur
Rae bareli,Lalganj,Gaura Rui,2055,Lalganj
Rae bareli,Lalganj,Saraybairikheda,2055,Lalganj
Rae bareli,Lalganj,Gangaso,2055,Lalganj
Ghaziabad,Garhmukteshwar,Alabakshpur,1713,Garh Mukteshwar
Rae bareli,Lalganj,Datoli,2055,Lalganj
Ghaziabad,Garhmukteshwar,Salarpur Shariffabad,1713,Garh Mukteshwar
Ghaziabad,Garhmukteshwar,Katirajapharabad,1713,Garh Mukteshwar
Rae bareli,Maharajganj,Kakkepur,2056,Mahrajganj
Rae bareli,Maharajganj,Oi,2056,Mahrajganj
Ghaziabad,Garhmukteshwar,Dehra Rampur,1713,Garh Mukteshwar
Ghaziabad,Garhmukteshwar,Luahari Mustafa bad,1713,Garh Mukteshwar
Rae bareli,Maharajganj,Kusudhisagarapur,2056,Mahrajganj
Rae bareli,Maharajganj,Majhganv,2056,Mahrajganj
Rae bareli,Khiro,Sebanpur,2054,Khiron
Saharanpur,Muzaffarabad,Kaluwala Pahadipur,2075,Muzaffarabad
Rae bareli,Khiro,Devgaon,2054,Khiron
Rae bareli,Khiro,Surjipur GumanKheda,2054,Khiron
Rae bareli,Khiro,Ghurai,2054,Khiron
Ghaziabad,Garhmukteshwar,Nanai Sheikhamir,1713,Garh Mukteshwar
Ghaziabad,Garhmukteshwar,Sadarpur Chuchawali,1713,Garh Mukteshwar
Rae bareli,Rahi,Kachoda Moe 0 Pur,2057,Rahi
Rae bareli,Rahi,Sultanpur Aima,2057,Rahi
Ghaziabad,Garhmukteshwar,Aalmanagar,1713,Garh Mukteshwar
Rae bareli,Amawan,Ghuaradih,2045,Amawan
Ghaziabad,Garhmukteshwar,Lahderabari,1713,Garh Mukteshwar
Rae bareli,Amawan,Gohanna,2045,Amawan
Rae bareli,Amawan,Oneejangal,2045,Amawan
Rae bareli,Amawan,Pahadpur,2045,Amawan
Ghaziabad,Garhmukteshwar,Chittora Mohiuddinpur,1713,Garh Mukteshwar
Ghaziabad,Garhmukteshwar,Puushkaratili,1713,Garh Mukteshwar
Rae bareli,Bachhrawan,Shaikhpur Samodha,2046,Bachharawan
Rae bareli,Bachhrawan,Jigong,2046,Bachharawan
Rae bareli,Bachhrawan,Rampur Mo 0 Pur,2046,Bachharawan
Rae bareli,Bachhrawan,Kannawan,2046,Bachharawan
Rae bareli,Shivgarh,Rewa,2062,Shivgarh
Rae bareli,Shivgarh,Kumhraawan,2062,Shivgarh
Rae bareli,Shivgarh,Bhawanigad,2062,Shivgarh
Rae bareli,Shivgarh,Dhekwa,2062,Shivgarh
Rae bareli,Shivgarh,Shivli,2062,Shivgarh
Rae bareli,Shivgarh,Shivgarh,2062,Shivgarh
Rae bareli,Shivgarh,Guda,2062,Shivgarh
Ghaziabad,Bhojpur,Fafrana,1711,Bhojpur
Ghaziabad,Bhojpur,Sikrikhurd,1711,Bhojpur
Rae bareli,Rohanea,Payagpur Nandavra,2058,Rohania
Rae bareli,Rohanea,Usraina,2058,Rohania
Rae bareli,Rohanea,Dhamoli,2058,Rohania
Ghaziabad,Bhojpur,Doohri,1711,Bhojpur
Rae bareli,Dalmau,Pakra Grifta,2049,Dalmau
Ghaziabad,Bhojpur,Pipalabandpur,1711,Bhojpur
Rae bareli,Dalmau,Amarha,2049,Dalmau
Ghaziabad,Bhojpur,Pilkhuwa Dehaat,1711,Bhojpur
Rae bareli,Dalmau,Ehahar,2049,Dalmau
Ghaziabad,Bhojpur,Kherpur Khairabad,1711,Bhojpur
Rae bareli,Dalmau,Eksona alias Karkasa,2049,Dalmau
Rae bareli,Dalmau,Devgaon,2049,Dalmau
Rae bareli,Dalmau,Kaaraulaidamaa,2049,Dalmau
Rae bareli,Dalmau,Heengmau,2049,Dalmau
Ghaziabad,Bhojpur,Kadrabad,1711,Bhojpur
Rae bareli,Dalmau,Rasulpur Gahirbari,2049,Dalmau
Ghaziabad,Bhojpur,Bishokhar,1711,Bhojpur
Ghaziabad,Bhojpur,Partapurmirapur,1711,Bhojpur
Unnao,Auras,Maini Bhaawa Kheda,2183,Auras
Unnao,Auras,Kabaroi,2183,Auras
Unnao,Auras,Tikra Bab,2183,Auras
Ghaziabad,Bhojpur,Shamli Afrashahpur,1711,Bhojpur
Unnao,Auras,Rampur Rai,2183,Auras
Unnao,Auras,Shishi,2183,Auras
Ghaziabad,Simbhavli,Khaghoi Sahaspur,1718,Simbhawali
Saharanpur,Muzaffarabad,Alipur Bhagoovala,2075,Muzaffarabad
Unnao,Hasan ganj,Chaudpur Jalihai,2189,Hasanganj
Unnao,Hasan ganj,Ghumau,2189,Hasanganj
Ghaziabad,Simbhavli,Sikhaida,1718,Simbhawali
Ghaziabad,Simbhavli,M.pur Khudliya,1718,Simbhawali
Unnao,Bangarmau,Jaamad,2184,Bangarmau
Unnao,Bangarmau,Kurasath Grameen,2184,Bangarmau
Unnao,Bangarmau,Dadiya Saunora,2184,Bangarmau
Unnao,Bangarmau,Newalapur,2184,Bangarmau
Unnao,Safipur,Mau Masurpur,2194,Safipur
Unnao,Safipur,Safipur Gramian,2194,Safipur
Unnao,Safipur,Bamhna,2194,Safipur
Unnao,Safipur,Kusaila,2194,Safipur
Unnao,Safipur,Saroy Sakhan,2194,Safipur
Unnao,Safipur,Ibrahimabad,2194,Safipur
Ghaziabad,Simbhavli,Razhaida,1718,Simbhawali
Unnao,Safipur,Slid,2194,Safipur
Unnao,Safipur,Miranagar,2194,Safipur
Unnao,Safipur,Ruppur,2194,Safipur
Ghaziabad,Simbhavli,Sena,1718,Simbhawali
Unnao,Sikandarpur Karan,Lohacha,2195,Sikandarpur Karan
Unnao,Sikandarpur Karan,Harha,2195,Sikandarpur Karan
Unnao,Sikandarpur Karan,Achhalganj,2195,Sikandarpur Karan
Unnao,Sikandarpur Karan,Katari Peeparkheda,2195,Sikandarpur Karan
Unnao,Sikandarpur Karan,Majhra Peeparkheda Eh 0,2195,Sikandarpur Karan
Ghaziabad,Simbhavli,Harauda,1718,Simbhawali
Unnao,Nawabganj,Azizpur,2192,Nawabganj
Ghaziabad,Simbhavli,Razheti Babarpur,1718,Simbhawali
Unnao,Nawabganj,Tenduva Hiran Kuddi,2192,Nawabganj
Ghaziabad,Simbhavli,Mau.pur Azamput,1718,Simbhawali
Ghaziabad,Simbhavli,Mubarak Pur Shakarpur,1718,Simbhawali
Unnao,Bighapur,Dundpur Pratham,2186,Bighapur
Unnao,Bighapur,Teda,2186,Bighapur
Unnao,Bighapur,Indemau,2186,Bighapur
Unnao,Bighapur,Lalganj Pratham,2186,Bighapur
Unnao,Bighapur,Kilaw,2186,Bighapur
Unnao,Bighapur,Way Gulabkheda,2186,Bighapur
Unnao,Sumerpur,Devra,2197,Sumerpur
Unnao,Sumerpur,Sarai Mangli,2197,Sumerpur
Unnao,Sumerpur,Gobarha,2197,Sumerpur
Unnao,Sumerpur,BajpaiKheda,2197,Sumerpur
Unnao,Sumerpur,Naraaindaas Khedaa,2197,Sumerpur
Unnao,Sumerpur,Buxar,2197,Sumerpur
Unnao,Sumerpur,Ahiroura,2197,Sumerpur
Unnao,Asoha,Nimesha,2182,Asoha
Ghaziabad,Simbhavli,Virsingpur,1718,Simbhawali
Unnao,Asoha,Pahadpur,2182,Asoha
Unnao,Asoha,Bikmau,2182,Asoha
Unnao,Fatehpur Chaurasi,Khaverai,2187,Fatehpur Chaurasi
Gautam Buddha Nagar,Visarkh,Itaida,1707,Bisrakh
Unnao,Fatehpur Chaurasi,Hayaspur,2187,Fatehpur Chaurasi
Unnao,Fatehpur Chaurasi,Susumau,2187,Fatehpur Chaurasi
Unnao,Fatehpur Chaurasi,Hussain Nagar Patti Parshu,2187,Fatehpur Chaurasi
Gautam Buddha Nagar,Visarkh,Haibatpur,1707,Bisrakh
Unnao,Fatehpur Chaurasi,Jasra Marufpur,2187,Fatehpur Chaurasi
Unnao,Fatehpur Chaurasi,Gaurimaun,2187,Fatehpur Chaurasi
Gautam Buddha Nagar,Visarkh,Roza Yaqubpur,1707,Bisrakh
Gautam Buddha Nagar,Visarkh,Roza Jalalpur,1707,Bisrakh
Unnao,Fatehpur Chaurasi,Gadai,2187,Fatehpur Chaurasi
Unnao,Fatehpur Chaurasi,Jajmau Gai 0 A 0,2187,Fatehpur Chaurasi
Unnao,Fatehpur Chaurasi,Smaspur Atiya Qubool,2187,Fatehpur Chaurasi
Gautam Buddha Nagar,Visarkh,Milkalaacchi,1707,Bisrakh
Unnao,Si. Sirosi,Bonamau,2196,Sikandarpur Sarausi
Gautam Buddha Nagar,Visarkh,Khodana Khurd,1707,Bisrakh
Unnao,Si. Sirosi,Katari Marauda Mazhawara,2196,Sikandarpur Sarausi
Gautam Buddha Nagar,Visarkh,Bhanauta,1707,Bisrakh
Unnao,Si. Sirosi,Pyaar,2196,Sikandarpur Sarausi
Gautam Buddha Nagar,Visarkh,Khedi,1707,Bisrakh
Gautam Buddha Nagar,Visarkh,Sunpura,1707,Bisrakh
Unnao,Si. Sirosi,Sunny,2196,Sikandarpur Sarausi
Gautam Buddha Nagar,Visarkh,Saini,1707,Bisrakh
Unnao,Bichiya,Roopun,2185,Bichhiya
Gautam Buddha Nagar,Visarkh,Vaidpura,1707,Bisrakh
Gautam Buddha Nagar,Visarkh,Bhagela Begampur,1707,Bisrakh
Gautam Buddha Nagar,Visarkh,gejha tilpata,1707,Bisrakh
Gautam Buddha Nagar,Visarkh,Yaqubpur,1707,Bisrakh
Gautam Buddha Nagar,Visarkh,Garhi Shahdara,1707,Bisrakh
Unnao,Bichiya,Adruwa Khas,2185,Bichhiya
Gautam Buddha Nagar,Visarkh,Shahpur Goverdhanpur,1707,Bisrakh
Gautam Buddha Nagar,Visarkh,Dostpur Mangerauli,1707,Bisrakh
Unnao,Hilauli,Baraakala,2190,Hilauli
Unnao,Hilauli,Badha,2190,Hilauli
Gautam Buddha Nagar,Visarkh,Kakarala,1707,Bisrakh
Gautam Buddha Nagar,Visarkh,Nagli Wajidpur,1707,Bisrakh
Unnao,Hilauli,LaccikheDa,2190,Hilauli
Unnao,Hilauli,Ahera,2190,Hilauli
Gautam Buddha Nagar,Visarkh,Parthala Khanjarpur,1707,Bisrakh
Hardoi,Sandila,Mahigawan,1791,Sandila
Hardoi,Sandila,Erka,1791,Sandila
Gautam Buddha Nagar,Visarkh,Ghaderi Chaukhandi,1707,Bisrakh
Hardoi,Sandila,Badhwmau,1791,Sandila
Gautam Buddha Nagar,Visarkh,Gizhaud,1707,Bisrakh
Hardoi,Sandila,Mitau,1791,Sandila
Hardoi,Sandila,Gonswa Droga,1791,Sandila
Gautam Buddha Nagar,Visarkh,Bahlolpur,1707,Bisrakh
Gautam Buddha Nagar,Visarkh,Mamura,1707,Bisrakh
Hardoi,Sandila,Kallikhera Jwar,1791,Sandila
Hardoi,Sandila,Mandauli,1791,Sandila
Gautam Buddha Nagar,Visarkh,Hoshiarpur,1707,Bisrakh
Gautam Buddha Nagar,Visarkh,Sharafabad,1707,Bisrakh
Hardoi,Sandi,chandu tigawan,1790,Sandi
Gautam Buddha Nagar,Visarkh,Sorkha Jahidabad,1707,Bisrakh
Hardoi,Sandi,Manimoo,1790,Sandi
Gautam Buddha Nagar,Visarkh,Chauda Sadatpur,1707,Bisrakh
Saharanpur,Rampur Maniharan,Halgowa,2080,Rampur Maniharan
Gautam Buddha Nagar,Visarkh,Surajpur,1707,Bisrakh
Gautam Buddha Nagar,Visarkh,Malkpur,1707,Bisrakh
Hardoi,Sandi,Aureni,1790,Sandi
Hardoi,Sandi,Kakedee,1790,Sandi
Gautam Buddha Nagar,Visarkh,Lakhanawali,1707,Bisrakh
Gautam Buddha Nagar,Visarkh,Gulistanpur,1707,Bisrakh
Gautam Buddha Nagar,Visarkh,Makauda,1707,Bisrakh
Hardoi,Hariyawan,Bagaucha,1783,Hariyawan
Hardoi,Hariyawan,Sandhinabaan,1783,Hariyawan
Gautam Buddha Nagar,Visarkh,ThapKheda,1707,Bisrakh
Hardoi,Hariyawan,Mukhan,1783,Hariyawan
Hardoi,Hariyawan,Kheria,1783,Hariyawan
Gautam Buddha Nagar,Visarkh,Tilpata Karnwas,1707,Bisrakh
Gautam Buddha Nagar,Visarkh,Khodana Kalan,1707,Bisrakh
Gautam Buddha Nagar,Visarkh,Pali,1707,Bisrakh
Hardoi,Tadiyawan,Bhadail,1794,Tandiyawan
Gautam Buddha Nagar,Visarkh,Khairpur Gurjar,1707,Bisrakh
Gautam Buddha Nagar,Visarkh,Kheda Chauganpur,1707,Bisrakh
Hardoi,Tadiyawan,Sihauna,1794,Tandiyawan
Hardoi,Tadiyawan,Kuamu Semrauli,1794,Tandiyawan
Gautam Buddha Nagar,Visarkh,Habibpur,1707,Bisrakh
Gautam Buddha Nagar,Visarkh,Jalpura,1707,Bisrakh
Hardoi,Kachauna,Baghauda,1785,Kachauna
Gautam Buddha Nagar,Visarkh,Tusiyana,1707,Bisrakh
Gautam Buddha Nagar,Visarkh,Haldouni,1707,Bisrakh
Gautam Buddha Nagar,Visarkh,Kulesra,1707,Bisrakh
Gautam Buddha Nagar,Visarkh,Baraula,1707,Bisrakh
Hardoi,Kothawan,Korokala,1786,Kothawan
Hardoi,Kothawan,Sher Bahadurpur,1786,Kothawan
Hardoi,Kothawan,Bhaingaon,1786,Kothawan
Hardoi,Kothawan,Hareya,1786,Kothawan
Gautam Buddha Nagar,Visarkh,Haraula Makanpur,1707,Bisrakh
Gautam Buddha Nagar,Visarkh,Chhalera Bagar,1707,Bisrakh
Gautam Buddha Nagar,Visarkh,Nithari,1707,Bisrakh
Gautam Buddha Nagar,Visarkh,Morna,1707,Bisrakh
Hardoi,Bilgraam,Sarhiapur,1782,Bilgram
Gautam Buddha Nagar,Visarkh,Asgarpur Jagir,1707,Bisrakh
Gautam Buddha Nagar,Visarkh,Sultanpur,1707,Bisrakh
Hardoi,Bilgraam,Hathoda,1782,Bilgram
Gautam Buddha Nagar,Visarkh,Sadullapur,1707,Bisrakh
Gautam Buddha Nagar,Visarkh,Chhajarasi Wajidpur,1707,Bisrakh
Hardoi,Shahabaad,Mishripur,1792,Shahabad
Hardoi,Shahabaad,Harrai,1792,Shahabad
Hardoi,Shahabaad,Jatpura,1792,Shahabad
Hardoi,Shahabaad,Udharanpur,1792,Shahabad
Gautam Buddha Nagar,Visarkh,Mahiuddinpur Kanavarn,1707,Bisrakh
Hardoi,Shahabaad,Manikapur Bamियari,1792,Shahabad
Gautam Buddha Nagar,Visarkh,Achheja,1707,Bisrakh
Gautam Buddha Nagar,Visarkh,Chhaparaula,1707,Bisrakh
Hardoi,Shahabaad,Manglipur,1792,Shahabad
Hardoi,Shahabaad,Daulatiyapur,1792,Shahabad
Hardoi,Shahabaad,Nagla lothu,1792,Shahabad
Hardoi,Shahabaad,Nagla kallu,1792,Shahabad
Hardoi,Shahabaad,Sikandarapur Kallu,1792,Shahabad
Hardoi,Shahabaad,Nagla Ganesh,1792,Shahabad
Hardoi,Shahabaad,Shahabad DehAt,1792,Shahabad
Hardoi,Shahabaad,C h andup ur kherai,1792,Shahabad
Hardoi,Shahabaad,Dhierai,1792,Shahabad
Gautam Buddha Nagar,Visarkh,Vishnuli,1707,Bisrakh
Hardoi,Shahabaad,Butamau,1792,Shahabad
Hardoi,Todarpur,Chena,1795,Todarpur
Gautam Buddha Nagar,Visarkh,Chipiana Khurd,1707,Bisrakh
Gautam Buddha Nagar,Visarkh,Chipiyana Bujurg,1707,Bisrakh
Gautam Buddha Nagar,Visarkh,Nagla Charandas,1707,Bisrakh
Hardoi,Todarpur,Nawada Chatiya,1795,Todarpur
Hardoi,Madhauganj,Gautora,1787,Madhoganj
Gautam Buddha Nagar,Dadri,Rasulpur Dasna,1708,Dadri
Gautam Buddha Nagar,Dadri,Patdi,1708,Dadri
Hardoi,Madhauganj,Dhidhni Saraiya,1787,Madhoganj
Hardoi,Madhauganj,Bithaee,1787,Madhoganj
Hardoi,Madhauganj,Kyotti Khwajgipur,1787,Madhoganj
Gautam Buddha Nagar,Dadri,Salarpur Kala,1708,Dadri
Hardoi,Madhauganj,Tekh Kullai,1787,Madhoganj
Hardoi,Madhauganj,Bheechmaoo,1787,Madhoganj
Hardoi,Madhauganj,Mudiya Kheda,1787,Madhoganj
Gautam Buddha Nagar,Dadri,Bambavad,1708,Dadri
Hardoi,Bawan,Doli,1778,Bawan
Gautam Buddha Nagar,Dadri,Mahavad,1708,Dadri
Hardoi,Bawan,Baghauramal,1778,Bawan
Gautam Buddha Nagar,Dadri,Ku di K heda,1708,Dadri
Hardoi,Bawan,Barelatiwawan,1778,Bawan
Gautam Buddha Nagar,Dadri,Shadipur Chhidauli,1708,Dadri
Gautam Buddha Nagar,Dadri,Aakilpoor Jaageer,1708,Dadri
Hardoi,Bawan,Pauraurii,1778,Bawan
Hardoi,Bawan,Aijah,1778,Bawan
Gautam Buddha Nagar,Dadri,Dhummanikpur,1708,Dadri
Hardoi,Mallawan,Barua Musepur,1788,Mallawan
Hardoi,Mallawan,Islamnagar Jagai,1788,Mallawan
Gautam Buddha Nagar,Dadri,Roopawas,1708,Dadri
Hardoi,Mallawan,Gosawa Nevada,1788,Mallawan
Hardoi,Mallawan,Barona,1788,Mallawan
Gautam Buddha Nagar,Dadri,Sadopur,1708,Dadri
Hardoi,Surusa,Kehramau,1793,Sursa
Hardoi,Surusa,Sidhumau,1793,Sursa
Gautam Buddha Nagar,Dadri,Krachpur Urfi Kailashpu,1708,Dadri
Hardoi,Surusa,Saraiya,1793,Sursa
Hardoi,Surusa,Taskheda,1793,Sursa
Hardoi,Surusa,Hardoidehat,1793,Sursa
Gautam Buddha Nagar,Dadri,Jan Samana,1708,Dadri
Hardoi,Surusa,Jaura,1793,Sursa
Gautam Buddha Nagar,Dadri,Visahada,1708,Dadri
Hardoi,Surusa,Tikri,1793,Sursa
Gautam Buddha Nagar,Dadri,Pyawali Tajpur,1708,Dadri
Gautam Buddha Nagar,Dadri,Jaitwarpur,1708,Dadri
Hardoi,Surusa,Haddaha,1793,Sursa
Hardoi,Bharawan,Kuraudon,1780,Bharawan
Gautam Buddha Nagar,Dadri,Luhaarli,1708,Dadri
Hardoi,Bharawan,Gorwa,1780,Bharawan
Hardoi,Bharawan,Koili,1780,Bharawan
Hardoi,Harpalpur,Palia,1784,Harpalpur
Gautam Buddha Nagar,Dadri,Ranauli Latur,1708,Dadri
Gautam Buddha Nagar,Dadri,Palla,1708,Dadri
Gautam Buddha Nagar,Dadri,Girrajpur Khadera,1708,Dadri
Hardoi,Harpalpur,Bedi zor,1784,Harpalpur
Gautam Buddha Nagar,Dadri,Ghodi Bachheda,1708,Dadri
Hardoi,Barkhani,Jyuura,1781,Bharkhani
Gautam Buddha Nagar,Dadri,Junpat,1708,Dadri
Hardoi,Barkhani,Baruaara,1781,Bharkhani
Gautam Buddha Nagar,Dadri,Jaitpur Vaishpur,1708,Dadri
Gautam Buddha Nagar,Dadri,Birodi Chakra Sainpur,1708,Dadri
Gautam Buddha Nagar,Dadri,Bodaki Chamarwali,1708,Dadri
Hardoi,Pihani,datyaunapur,1789,Pihani
Gautam Buddha Nagar,Dadri,Kataihara,1708,Dadri
Hardoi,Pihani,Vijgawan Sahora,1789,Pihani
Hardoi,Pihani,Uchchaval Tigaon,1789,Pihani
Gautam Buddha Nagar,Dadri,Rithausi,1708,Dadri
Hardoi,Pihani,Arwa Para,1789,Pihani
Gautam Buddha Nagar,Dadri,Dabara,1708,Dadri
Hardoi,Pihani,Nipniyan,1789,Pihani
Hardoi,Pihani,DamaGaDdaa,1789,Pihani
Gautam Buddha Nagar,Dadri,Rampur Fatehpur,1708,Dadri
Hardoi,Ahirorhi,Kaimoo,1777,Ahirori
Gautam Buddha Nagar,Dadri,Rampur Bager,1708,Dadri
Saharanpur,Muzaffarabad,Tiwada Junardar,2075,Muzaffarabad
Gautam Buddha Nagar,Dadri,Ramgarh,1708,Dadri
Hardoi,Ahirorhi,Dafarpur,1777,Ahirori
Hardoi,Ahirorhi,Ekghara,1777,Ahirori
Gautam Buddha Nagar,Dadri,Mayecha,1708,Dadri
Hardoi,Ahirorhi,Umra Pur Vyora Pur,1777,Ahirori
Gautam Buddha Nagar,Dadri,Uncha Amipur,1708,Dadri
Hardoi,Ahirorhi,Jasu,1777,Ahirori
Hardoi,Ahirorhi,Godaghara,1777,Ahirori
Gautam Buddha Nagar,Dadri,Khagauda,1708,Dadri
Hardoi,Ahirorhi,enudadan mandi,1777,Ahirori
Gautam Buddha Nagar,Dadri,Tatarpur Sidippur,1708,Dadri
Gautam Buddha Nagar,Dadri,Sidipur Chauna,1708,Dadri
Hardoi,Benhadar,Fatehpur Pathrouli,1779,Behendar
Gautam Buddha Nagar,Jewar,Karoli Bangar,1710,Jewar
Gautam Buddha Nagar,Jewar,Siroli Bager,1710,Jewar
Gautam Buddha Nagar,Jewar,Tirathali,1710,Jewar
Hardoi,Benhadar,Siroli,1779,Behendar
Gautam Buddha Nagar,Jewar,Falaida Wanger,1710,Jewar
Gautam Buddha Nagar,Jewar,Kurai,1710,Jewar
Lucknow,Gosaiganj,GoriaKala,1913,Gosaiganj
Gautam Buddha Nagar,Jewar,Thora,1710,Jewar
Lucknow,Gosaiganj,Mastemau,1913,Gosaiganj
Lucknow,Gosaiganj,Madharmau,1913,Gosaiganj
Lucknow,Gosaiganj,Sonai Kajhera,1913,Gosaiganj
Lucknow,Gosaiganj,Siddhpur Bhatt,1913,Gosaiganj
Gautam Buddha Nagar,Jewar,Mauhavelipur,1710,Jewar
Lucknow,Gosaiganj,Sithौली Kala,1913,Gosaiganj
Lucknow,Gosaiganj,Bajgiha Khawas,1913,Gosaiganj
Gautam Buddha Nagar,Jewar,Dastampur,1710,Jewar
Lucknow,Gosaiganj,Kazikheda,1913,Gosaiganj
Lucknow,Gosaiganj,Bajupur,1913,Gosaiganj
Gautam Buddha Nagar,Jewar,Bankapur,1710,Jewar
Gautam Buddha Nagar,Jewar,Chanchali,1710,Jewar
Gautam Buddha Nagar,Jewar,Dayora,1710,Jewar
Lucknow,Chinhat,Kamalpur Purbagan,1912,Chinhat
Lucknow,Chinhat,Laxmipur Bhauli,1912,Chinhat
Lucknow,Chinhat,Narharpur,1912,Chinhat
Gautam Buddha Nagar,Jewar,Neemka,1710,Jewar
Lucknow,Chinhat,Allunagar Diguria,1912,Chinhat
Lucknow,Chinhat,Ghaila,1912,Chinhat
Lucknow,Chinhat,Muttkipur,1912,Chinhat
Lucknow,Chinhat,Bhithauli Khurd,1912,Chinhat
Lucknow,Chinhat,Kharagpur Jagir,1912,Chinhat
Lucknow,Chinhat,Tiwaripur,1912,Chinhat
Lucknow,Chinhat,Naubstakala,1912,Chinhat
Lucknow,Chinhat,Dhawan,1912,Chinhat
Lucknow,Chinhat,Ganesupur Rahmanpur,1912,Chinhat
Lucknow,Chinhat,Utar Dhauna,1912,Chinhat
Gautam Buddha Nagar,Jewar,Chaurauli,1710,Jewar
Lucknow,Chinhat,Semra,1912,Chinhat
Lucknow,Chinhat,Sarai Sheikh,1912,Chinhat
Lucknow,Chinhat,Laulai,1912,Chinhat
Lucknow,Chinhat,Nizampur Malhor,1912,Chinhat
Lucknow,Chinhat,Bharwara,1912,Chinhat
Lucknow,Chinhat,Makhdumpur,1912,Chinhat
Lucknow,Chinhat,Bhalesmau,1912,Chinhat
Gautam Buddha Nagar,Jewar,Khwazpur,1710,Jewar
Lucknow,Chinhat,Baghamau,1912,Chinhat
Lucknow,Chinhat,chandiyamoo,1912,Chinhat
Lucknow,Mohanlalganj,Devti,1917,Mohanlalganj
Lucknow,Mohanlalganj,Nabinagar ( Nagar ),1917,Mohanlalganj
Lucknow,Mohanlalganj,Patona,1917,Mohanlalganj
Lucknow,Mohanlalganj,Nandauli,1917,Mohanlalganj
Gautam Buddha Nagar,Jewar,Lauдона,1710,Jewar
Lucknow,Mohanlalganj,Natoli,1917,Mohanlalganj
Lucknow,Mohanlalganj,Hariharpur Patsa,1917,Mohanlalganj
Lucknow,Mohanlalganj,BhatpuraRatanPur,1917,Mohanlalganj
Gautam Buddha Nagar,Jewar,Rustampur,1710,Jewar
Lucknow,Mohanlalganj,Dehwa,1917,Mohanlalganj
Gautam Buddha Nagar,Jewar,Takiipur,1710,Jewar
Lucknow,Mohanlalganj,Mau,1917,Mohanlalganj
Lucknow,Mohanlalganj,Purseni,1917,Mohanlalganj
Lucknow,Mohanlalganj,Daulona (Harkans Garhi),1917,Mohanlalganj
Lucknow,Mohanlalganj,Gaura,1917,Mohanlalganj
Lucknow,Mohanlalganj,Daadasikandarpur,1917,Mohanlalganj
Lucknow,Mohanlalganj,Bindaua,1917,Mohanlalganj
Lucknow,Mohanlalganj,Deoria Bharoswa,1917,Mohanlalganj
Gautam Buddha Nagar,Jewar,Pachakara,1710,Jewar
Gautam Buddha Nagar,Jewar,Mauhammaadaabaad Khedda,1710,Jewar
Lucknow,Sarojninagar,Pyaar,1918,Sarojaninagar
Lucknow,Sarojninagar,Sadrauna,1918,Sarojaninagar
Lucknow,Sarojninagar,Anowra,1918,Sarojaninagar
Gautam Buddha Nagar,Jewar,Raunija,1710,Jewar
Lucknow,Sarojninagar,Tekha,1918,Sarojaninagar
Gautam Buddha Nagar,Jewar,Bhaipur Brahamnan,1710,Jewar
Lucknow,Sarojninagar,Auravan,1918,Sarojaninagar
Lucknow,Sarojninagar,Ramchaura,1918,Sarojaninagar
Lucknow,Sarojninagar,Banthra,1918,Sarojaninagar
Lucknow,Sarojninagar,Khandedev,1918,Sarojaninagar
Lucknow,Sarojninagar,Mirankpur Pinwat,1918,Sarojaninagar
Lucknow,Sarojninagar,Kishunpur Kauriyan,1918,Sarojaninagar
Gautam Buddha Nagar,Jewar,Rampur Wangar,1710,Jewar
Lucknow,Sarojninagar,Bijnaur,1918,Sarojaninagar
Lucknow,Sarojninagar,Nataukur,1918,Sarojaninagar
Lucknow,Sarojninagar,Ghuswal Kala,1918,Sarojaninagar
Lucknow,Sarojninagar,Mu Nagar Ghuswal,1918,Sarojaninagar
Lucknow,Sarojninagar,Sarawan,1918,Sarojaninagar
Lucknow,Sarojninagar,Ahmamau,1918,Sarojaninagar
Lucknow,Sarojninagar,Barona,1918,Sarojaninagar
Lucknow,Malihabaad,Sarawa,1916,Malihabad
Lucknow,Malihabaad,Bahraura,1916,Malihabad
Gautam Buddha Nagar,Jewar,Dudheda,1710,Jewar
Lucknow,Malihabaad,Tarona,1916,Malihabad
Gautam Buddha Nagar,Jewar,Gopalgarh,1710,Jewar
Gautam Buddha Nagar,Jewar,Ranhira,1710,Jewar
Gautam Buddha Nagar,Jewar,Virmpur,1710,Jewar
Gautam Buddha Nagar,Jewar,Mudrah,1710,Jewar
Gautam Buddha Nagar,Jewar,Kanpur,1710,Jewar
Gautam Buddha Nagar,Jewar,Rohi,1710,Jewar
Gautam Buddha Nagar,Jewar,Chakveerampur,1710,Jewar
Gautam Buddha Nagar,Jewar,Sabauta Mustafaabad,1710,Jewar
Gautam Buddha Nagar,Jewar,Kishorpur,1710,Jewar
Gautam Buddha Nagar,Jewar,Banwariwas,1710,Jewar
Gautam Buddha Nagar,Jewar,Dayanatpur,1710,Jewar
Gautam Buddha Nagar,Jewar,Myaana,1710,Jewar
Gautam Buddha Nagar,Jewar,Kalupura,1710,Jewar
Gautam Buddha Nagar,Jewar,Bhunnattga,1710,Jewar
Gautam Buddha Nagar,Jewar,Muradgarhi,1710,Jewar
Lucknow,Kakori,Maura,1914,Kakori
Lucknow,Kakori,Jehta,1914,Kakori
Lucknow,Kakori,Saintha,1914,Kakori
Lucknow,Kakori,Sarai Premraj,1914,Kakori
Lucknow,Kakori,Mahiptamau,1914,Kakori
Lucknow,Kakori,Saifulpur,1914,Kakori
Lucknow,Kakori,Narouna,1914,Kakori
Lucknow,Kakori,Sarosa - Bharosa,1914,Kakori
Lucknow,Kakori,Sikrauri,1914,Kakori
Lucknow,Kakori,Salempur Patora,1914,Kakori
Sitapur,Sidhauli,Dakkhin Village,2150,Sidhauli
Sitapur,Sidhauli,Acohara,2150,Sidhauli
Sitapur,Sidhauli,Nawaagaav,2150,Sidhauli
Sitapur,Sidhauli,Bhitora,2150,Sidhauli
Sitapur,Sidhauli,Ghadirawo,2150,Sidhauli
Sitapur,Mishrikh,Lakdiya Mau,2143,Misrikh
Sitapur,Mishrikh,Atwa,2143,Misrikh
Sitapur,Reusaa,Beijawari,2148,Reusa
Sitapur,Reusaa,Badhaidih,2148,Reusa
Sitapur,Reusaa,Myodhi Selhwa,2148,Reusa
Sitapur,Reusaa,Vijehra,2148,Reusa
Sitapur,Reusaa,Tenua,2148,Reusa
Sitapur,Reusaa,Puraini Vohra,2148,Reusa
Sitapur,Reusaa,Nasirpur Deoria,2148,Reusa
Sitapur,Sakran,Kauvva Khada,2149,Sakran
Sitapur,Sakran,Kamharia khun-,2149,Sakran
Sitapur,Rampurmathura,Gwahdih,2147,Rampur Mathura
Sitapur,Rampurmathura,Sonarkh Purana,2147,Rampur Mathura
Sitapur,Rampurmathura,Dhamoda,2147,Rampur Mathura
Sitapur,Behata,Amranganj,2133,Behta
Sitapur,Behata,Dyodhedih,2133,Behta
Sitapur,Behata,Makhuhehd,2133,Behta
Sitapur,Behata,Ahmedabad,2133,Behta
Sitapur,Ailiya,Koreyaudaypur,2132,Ailiya
Sitapur,Ailiya,Khairpara Bandipur,2132,Ailiya
Sitapur,Ailiya,Godawa Sahibganj,2132,Ailiya
Sitapur,Ailiya,Gora,2132,Ailiya
Sitapur,Ailiya,Pipari Kala,2132,Ailiya
Sitapur,Ailiya,Vishunpur Sareli,2132,Ailiya
Sitapur,Ailiya,Hathia Malhpur,2132,Ailiya
Sitapur,Laharpur,Nagai Mallapur,2139,Laharpur
Sitapur,Laharpur,Moodikhera,2139,Laharpur
Sitapur,Laharpur,Pirpur,2139,Laharpur
Sitapur,Laharpur,Behda Kodhara,2139,Laharpur
Sitapur,Khairbad,Jajpur Bhagwantpur,2138,Khairabad
Sitapur,Khairbad,Rasyaura,2138,Khairabad
Sitapur,Gondlamau,Kesuamoo,2135,Gondlamau
Sitapur,Gondlamau,Rampur Kheta,2135,Gondlamau
Bulandshahr,Lakhauti,Bhawsi,1609,Lakhaothi
Sitapur,Gondlamau,Vaishali,2135,Gondlamau
Sitapur,Gondlamau,Hidora,2135,Gondlamau
Sitapur,Biswan,Nyoraipur,2134,Biswan
Sitapur,Biswan,Mahmudpur,2134,Biswan
Sitapur,Biswan,Pipra Kala,2134,Biswan
Sitapur,Biswan,Bhambhour,2134,Biswan
Sitapur,Biswan,Viundi,2134,Biswan
Sitapur,Biswan,Tyaula,2134,Biswan
Sitapur,Biswan,Korausa,2134,Biswan
Sitapur,Biswan,Kyanti Badullah,2134,Biswan
Sitapur,Machhrehta,Bhitora,2140,Machhrehta
Bulandshahr,Lakhauti,Balka,1609,Lakhaothi
Sitapur,Machhrehta,Pahadpur,2140,Machhrehta
Sitapur,Machhrehta,Gaderiya,2140,Machhrehta
Sitapur,Machhrehta,Hansakheda,2140,Machhrehta
Bulandshahr,Lakhauti,Bakora,1609,Lakhaothi
Sitapur,Kasmanda,Khairagarh,2137,Kasmanda
Saharanpur,Muzaffarabad,Jhijauli Mahmudpur,2075,Muzaffarabad
Sitapur,Kasmanda,Bhambheta,2137,Kasmanda
Sitapur,Kasmanda,Nawaagaav,2137,Kasmanda
Sitapur,Kasmanda,Saroor Kala,2137,Kasmanda
Bulandshahr,Lakhauti,Pauth,1609,Lakhaothi
Sitapur,Pahala,Khaalgaav,2144,Pahala
Sitapur,Pahala,Viragi,2144,Pahala
Sitapur,Pahala,Eeshwara,2144,Pahala
Sitapur,Pahala,Bhadkuda,2144,Pahala
Bulandshahr,Lakhauti,Rasulpur Taillia,1609,Lakhaothi
Sitapur,Mahmudabad,Godaaichaa,2141,Mahmudabad
Sitapur,Mahmudabad,Mithoura,2141,Mahmudabad
Sitapur,Mahmudabad,Malsarai,2141,Mahmudabad
Sitapur,Mahmudabad,Ichauli,2141,Mahmudabad
Sitapur,Mahmudabad,Banigwan,2141,Mahmudabad
Sitapur,Mahmudabad,Shahinpurkheria,2141,Mahmudabad
Sitapur,Mahmudabad,Sukipur,2141,Mahmudabad
Bulandshahr,Pahasu,Syarli Daleelgadhi,1610,Pahasu
Sitapur,Mahmudabad,Lailkala,2141,Mahmudabad
Sitapur,Mahmudabad,Hareya,2141,Mahmudabad
Sitapur,Mahmudabad,Niwadehra,2141,Mahmudabad
Bulandshahr,Pahasu,Salavahanpur Darapur,1610,Pahasu
Bulandshahr,Pahasu,Saedgadhi,1610,Pahasu
Sitapur,Parsendi,Majhigwa Belhari,2145,Parsendi
Sitapur,Parsendi,Rikhauna,2145,Parsendi
Sitapur,Parsendi,Goriajhal,2145,Parsendi
Sitapur,Parsendi,Taalgaav,2145,Parsendi
Sitapur,Parsendi,GhoghI,2145,Parsendi
Bulandshahr,Pahasu,Didhi,1610,Pahasu
Sitapur,Maholi,Wratpur,2142,Maholi
Sitapur,Maholi,Waragaw,2142,Maholi
Sitapur,Maholi,Moodhausa,2142,Maholi
Sitapur,Maholi,Brihmavli,2142,Maholi
Sitapur,Maholi,Adaori,2142,Maholi
Sitapur,Maholi,Maholi Dehat,2142,Maholi
Sitapur,Maholi,Aмилия,2142,Maholi
Sitapur,Maholi,ADhora,2142,Maholi
Sitapur,Maholi,Doli,2142,Maholi
Sitapur,Maholi,Gunjiya Kanchanpur,2142,Maholi
Sitapur,Maholi,Daadaavaad,2142,Maholi
Sitapur,Maholi,Sighouda,2142,Maholi
Sitapur,Pisawan,Hareya,2146,Pisawan
Sitapur,Pisawan,Mahタニyan,2146,Pisawan
Sitapur,Pisawan,Salarpur,2146,Pisawan
Sitapur,Pisawan,Kapasakalan,2146,Pisawan
Sitapur,Pisawan,Acohara,2146,Pisawan
Bulandshahr,Pahasu,Karaena Jalpi,1610,Pahasu
Sitapur,Pisawan,Bamhola,2146,Pisawan
Sitapur,Pisawan,Vamhnoli,2146,Pisawan
Sitapur,Pisawan,Fabeha,2146,Pisawan
Lakhimpur Khiri,Lakhimpur,Tusora,1882,Lakhimpur
Lakhimpur Khiri,Lakhimpur,Dimhraua,1882,Lakhimpur
Bulandshahr,Pahasu,Ahmadavas,1610,Pahasu
Lakhimpur Khiri,Lakhimpur,Nipniyan,1882,Lakhimpur
Lakhimpur Khiri,Lakhimpur,Atkanawa,1882,Lakhimpur
Lakhimpur Khiri,Lakhimpur,Mirpur,1882,Lakhimpur
Lakhimpur Khiri,Lakhimpur,Koraaiya Jungle,1882,Lakhimpur
Lakhimpur Khiri,Phoolbehad,Sawa,1889,Phoolbehar
Lakhimpur Khiri,Phoolbehad,Gum,1889,Phoolbehar
Lakhimpur Khiri,Phoolbehad,Padariya Kala,1889,Phoolbehar
Bulandshahr,Pahasu,Kauwa,1610,Pahasu
Saharanpur,Rampur Maniharan,Rampur Gramin,2080,Rampur Maniharan
Bulandshahr,Pahasu,Waan,1610,Pahasu
Lakhimpur Khiri,Phoolbehad,Baaloodih,1889,Phoolbehar
Lakhimpur Khiri,Nakha,Majhra,1885,Nakaha
Lakhimpur Khiri,Nakha,Velhoura,1885,Nakaha
Lakhimpur Khiri,Nakha,Velva,1885,Nakaha
Lakhimpur Khiri,Nakha,Bajudih,1885,Nakaha
Lakhimpur Khiri,Nakha,Deoria Basaiha,1885,Nakaha
Lakhimpur Khiri,Nakha,Saidipur Haraiya,1885,Nakaha
Lakhimpur Khiri,Gola (Kumbhi),Saraianya,1881,Kumbhigola
Bulandshahr,Pahasu,Jinamai,1610,Pahasu
Lakhimpur Khiri,Gola (Kumbhi),Hyderabad,1881,Kumbhigola
Lakhimpur Khiri,Gola (Kumbhi),Ghiravan,1881,Kumbhigola
Bulandshahr,Pahasu,Nagalia Sidhgadhi,1610,Pahasu
Lakhimpur Khiri,Bijua,Aambaara,1878,Bijuwa
Lakhimpur Khiri,Bijua,Kaamp,1878,Bijuwa
Bulandshahr,Pahasu,Kaswadaddu,1610,Pahasu
Bulandshahr,Pahasu,Vahlolpoor,1610,Pahasu
Lakhimpur Khiri,Bijua,Padarua Tilkapur,1878,Bijuwa
Bulandshahr,Pahasu,Dhorau Sidhpur,1610,Pahasu
Lakhimpur Khiri,Bijua,Deoria Rada,1878,Bijuwa
Lakhimpur Khiri,Bijua,Bhira,1878,Bijuwa
Bulandshahr,Pahasu,Bairmanagar,1610,Pahasu
Lakhimpur Khiri,Bijua,Lakrawan,1878,Bijuwa
Bulandshahr,Pahasu,Risalu Jalalpur,1610,Pahasu
Lakhimpur Khiri,Bankeganj,Asauva,1876,Bankeyganj
Lakhimpur Khiri,Bankeganj,Bhaithiya,1876,Bankeyganj
Lakhimpur Khiri,Bankeganj,Datpur Grant,1876,Bankeyganj
Lakhimpur Khiri,Bankeganj,Vaziranagar,1876,Bankeyganj
Lakhimpur Khiri,Bankeganj,Bhari Gawan,1876,Bankeyganj
Lakhimpur Khiri,Bankeganj,Baghauda,1876,Bankeyganj
Lakhimpur Khiri,Mohammadi,Turkahtatta Tappa Gokan,1884,Mohammadi
Lakhimpur Khiri,Mohammadi,Bhanpurvanavari,1884,Mohammadi
Bulandshahr,Anupshahr,Dugara,1600,Anupshahr
Lakhimpur Khiri,Mohammadi,Bhudia,1884,Mohammadi
Lakhimpur Khiri,Mohammadi,RAJAPURKHAINI,1884,Mohammadi
Lakhimpur Khiri,Mohammadi,Khantrahara,1884,Mohammadi
Lakhimpur Khiri,Mohammadi,Piperiya Kapitan,1884,Mohammadi
Lakhimpur Khiri,Mohammadi,Veda,1884,Mohammadi
Lakhimpur Khiri,Mohammadi,Woua,1884,Mohammadi
Bulandshahr,Anupshahr,Rora,1600,Anupshahr
Lakhimpur Khiri,Mitauli,Odhara,1883,Mitauli
Lakhimpur Khiri,Mitauli,Aksharoula,1883,Mitauli
Lakhimpur Khiri,Mitauli,Mirava Grant,1883,Mitauli
Lakhimpur Khiri,Pasgawan,Amaraulia,1888,Pasgawan
Lakhimpur Khiri,Pasgawan,Ukarmuha,1888,Pasgawan
Lakhimpur Khiri,Pasgawan,Kukarmati,1888,Pasgawan
Lakhimpur Khiri,Pasgawan,Kotara,1888,Pasgawan
Lakhimpur Khiri,Pasgawan,Cholaбари,1888,Pasgawan
Lakhimpur Khiri,Pasgawan,Badhaiya,1888,Pasgawan
Lakhimpur Khiri,Pasgawan,Barnaiya,1888,Pasgawan
Lakhimpur Khiri,Pasgawan,Bhoora,1888,Pasgawan
Lakhimpur Khiri,Pasgawan,Rasulpur Tafzzul Huse,1888,Pasgawan
Lakhimpur Khiri,Pasgawan,Sunoa,1888,Pasgawan
Lakhimpur Khiri,Pasgawan,Hermakheda,1888,Pasgawan
Lakhimpur Khiri,Pasgawan,Sikтара,1888,Pasgawan
Lakhimpur Khiri,Dhaurhara,Wali,1879,Dhaurhara
Lakhimpur Khiri,Dhaurhara,Jangwali,1879,Dhaurhara
Lakhimpur Khiri,Dhaurhara,Gularia,1879,Dhaurhara
Lakhimpur Khiri,Dhaurhara,Karauha,1879,Dhaurhara
Lakhimpur Khiri,Dhaurhara,Saraianya,1879,Dhaurhara
Bulandshahr,Anupshahr,Ainchaura,1600,Anupshahr
Lakhimpur Khiri,Dhaurhara,Keshavpur kalan,1879,Dhaurhara
Lakhimpur Khiri,Palia,Bijoria,1887,Palia
Bulandshahr,Anupshahr,Vivyana,1600,Anupshahr
Lakhimpur Khiri,Palia,Patna,1887,Palia
Lakhimpur Khiri,Palia,Ibrahim Puri Colony,1887,Palia
Lakhimpur Khiri,Palia,Krishnanagar Colony,1887,Palia
Lakhimpur Khiri,Palia,Bashee  Koloni,1887,Palia
Lakhimpur Khiri,Palia,Majhra Pashchim,1887,Palia
Lakhimpur Khiri,Palia,Ghuskia,1887,Palia
Lakhimpur Khiri,Palia,Piperaula,1887,Palia
Bulandshahr,Anupshahr,Sauharkha,1600,Anupshahr
Lakhimpur Khiri,Nighasan,Haddhahi,1886,Nighasan
Lakhimpur Khiri,Nighasan,Barautha,1886,Nighasan
Lakhimpur Khiri,Nighasan,Banglaha,1886,Nighasan
Bulandshahr,Anupshahr,Ahmedgadh alias Tauli,1600,Anupshahr
Lakhimpur Khiri,Nighasan,Bhidora,1886,Nighasan
Lakhimpur Khiri,Nighasan,Bodhiya Kala,1886,Nighasan
Bulandshahr,Anupshahr,Gahna Girdharpur,1600,Anupshahr
Lakhimpur Khiri,Nighasan,Khairigadh,1886,Nighasan
Lakhimpur Khiri,Nighasan,Nighasan,1886,Nighasan
Lakhimpur Khiri,Nighasan,SahanKheda,1886,Nighasan
Lakhimpur Khiri,Nighasan,Khairhana,1886,Nighasan
Lakhimpur Khiri,Isanagar,Laukahi Isannagar,1880,Isanagar
Bulandshahr,Anupshahr,Devkaranpur Urf BazheDa,1600,Anupshahr
Lakhimpur Khiri,Isanagar,Gauri,1880,Isanagar
Lakhimpur Khiri,Isanagar,Sandora Khurd,1880,Isanagar
Lakhimpur Khiri,Isanagar,Basdhiya,1880,Isanagar
Bulandshahr,Anupshahr,Pota Badshahpur,1600,Anupshahr
Lakhimpur Khiri,Ramiyabehar,Bhuda Moodi,1890,Ramia Behar
Lakhimpur Khiri,Ramiyabehar,Kaphara,1890,Ramia Behar
Lakhimpur Khiri,Ramiyabehar,Gu 0 ta 0 Amethi,1890,Ramia Behar
Bahraich,Jarwal,Retihata,1480,Jarwal
Bahraich,Jarwal,Ramwapur Raghubir Singh,1480,Jarwal
Bahraich,Jarwal,Harna Unaora,1480,Jarwal
Bahraich,Jarwal,Pyaar,1480,Jarwal
Bahraich,Jarwal,Katkamarotha,1480,Jarwal
Bahraich,Jarwal,Dusra Para,1480,Jarwal
Bahraich,Jarwal,Gour,1480,Jarwal
Bahraich,Jarwal,Hyderabad,1480,Jarwal
Bahraich,Kaiserganj,Chak Pihani,1481,Kaisarganj
Bahraich,Kaiserganj,Dadhela,1481,Kaisarganj
Bahraich,Kaiserganj,Chilwa,1481,Kaisarganj
Bahraich,Kaiserganj,Rookanpur Kala,1481,Kaisarganj
Bahraich,Kaiserganj,Pawna,1481,Kaisarganj
Bahraich,Kaiserganj,Naugoiyan,1481,Kaisarganj
Bahraich,Kaiserganj,Dihwa Sher Bahadur Singh,1481,Kaisarganj
Bahraich,Kaiserganj,Chulumha,1481,Kaisarganj
Bulandshahr,Shikarpur,Baroda,1611,Shikarpur
Bulandshahr,Shikarpur,Chaudok,1611,Shikarpur
Bahraich,Huzurpur,Sirola,1479,Huzoorpur
Bahraich,Fakhrpur,Pyaar,1485,Phakharpur
Bahraich,Fakhrpur,Dihwakalan,1485,Phakharpur
Bahraich,Fakhrpur,Tedwa Alpimishra,1485,Phakharpur
Bahraich,Fakhrpur,Rai Kala,1485,Phakharpur
Bahraich,Fakhrpur,Naubasta,1485,Phakharpur
Bahraich,Fakhrpur,Bedaura,1485,Phakharpur
Bahraich,Fakhrpur,Bhilorbasu,1485,Phakharpur
Bahraich,Fakhrpur,Mazharatocli,1485,Phakharpur
Bahraich,Fakhrpur,Silouta,1485,Phakharpur
Bahraich,Fakhrpur,Athodar,1485,Phakharpur
Bulandshahr,Shikarpur,Mukera,1611,Shikarpur
Bahraich,Tajwapur,Bondi Fateullapur,1489,Tajwapur
Bahraich,Tajwapur,Udwa,1489,Tajwapur
Bahraich,Tajwapur,Dahaon,1489,Tajwapur
Bahraich,Tajwapur,Gorwa,1489,Tajwapur
Bahraich,Tajwapur,Kodha,1489,Tajwapur
Bahraich,Tajwapur,Viraahiimdiihaa,1489,Tajwapur
Bahraich,Balha,Imeliya GangaPur,1477,Balaha
Bahraich,Balha,Gaighat,1477,Balaha
Bahraich,Mahsi,Maddaapur,1482,Mahasi
Bulandshahr,Shikarpur,Parauli,1611,Shikarpur
Bahraich,Mahsi,Velhoura,1482,Mahasi
Saharanpur,Muzaffarabad,Chhutmalpur,2075,Muzaffarabad
Bahraich,Mahsi,Munsari,1482,Mahasi
Bahraich,Mahsi,Kaparwal,1482,Mahasi
Bahraich,Mahsi,Magarwal,1482,Mahasi
Bahraich,Mahsi,Vambhouri,1482,Mahasi
Bulandshahr,Shikarpur,Domala Hasanagadh,1611,Shikarpur
Bulandshahr,Shikarpur,Mamoo,1611,Shikarpur
Bahraich,Mahsi,Vamhanauteshankarapur,1482,Mahasi
Bahraich,Mahsi,Methoura,1482,Mahasi
Bahraich,Shivpur,Matra Kala,1488,Shivpur
Bahraich,Shivpur,Chahlar,1488,Shivpur
Bahraich,Mihipurwa,Pureina Raghunathpur,1483,Mihinpurwa
Bahraich,Mihipurwa,VishvaNaathGaaNv,1483,Mihinpurwa
Bahraich,Mihipurwa,Mihipurwa,1483,Mihinpurwa
Bahraich,Mihipurwa,Kurwa,1483,Mihinpurwa
Bahraich,Mihipurwa,Gourdiya,1483,Mihinpurwa
Bahraich,Mihipurwa,Chukha,1483,Mihinpurwa
Bahraich,Mihipurwa,Jungle Gulariha,1483,Mihinpurwa
Bulandshahr,Shikarpur,Saraganw,1611,Shikarpur
Bahraich,Nawabganj,Kevalpur,1484,Nawabganj
Bahraich,Nawabganj,Pachpakri,1484,Nawabganj
Bahraich,Nawabganj,Rahimanagar,1484,Nawabganj
Bahraich,Nawabganj,Virigaov,1484,Nawabganj
Bahraich,Risia,Rampunk Warai,1487,Risia
Bulandshahr,Siyana,Baira Firozpur,1613,Syana
Bahraich,Risia,Amawa Maulvi,1487,Risia
Bahraich,Risia,Laxmanpur Shankarupur,1487,Risia
Bahraich,Risia,Jokhaa Salarpur,1487,Risia
Bahraich,Risia,Parsa Kaytholi,1487,Risia
Bahraich,Risia,Lakheya Jadeed,1487,Risia
Bahraich,Risia,Bhokhara,1487,Risia
Bahraich,Risia,Ailaasapur Agayia,1487,Risia
Bahraich,Risia,Baraipaara,1487,Risia
Bahraich,Prayagpur,Semariyaavan,1486,Prayagpur
Bahraich,Prayagpur,Noorpur,1486,Prayagpur
Bahraich,Prayagpur,Prayagpur,1486,Prayagpur
Bahraich,Prayagpur,Sachauili,1486,Prayagpur
Bahraich,Prayagpur,Imliliaganj,1486,Prayagpur
Saharanpur,Muzaffarabad,Fatehpur Bhadon,2075,Muzaffarabad
Bahraich,Prayagpur,Sivadaha,1486,Prayagpur
Bahraich,Prayagpur,Birpur,1486,Prayagpur
Bahraich,Prayagpur,Ailo,1486,Prayagpur
Bahraich,Visheshwarganj,Budhnee Bhaluiyaa,1490,Visheshwarganj
Bahraich,Visheshwarganj,Nezabhar,1490,Visheshwarganj
Bahraich,Visheshwarganj,Newalapur,1490,Visheshwarganj
Bahraich,Visheshwarganj,Banghoosara,1490,Visheshwarganj
Bahraich,Visheshwarganj,Prattappur - Uparhar,1490,Visheshwarganj
Shravasti,Gilola,Gtuhu,2114,Gilaula
Bulandshahr,Siyana,Dhansurpur,1613,Syana
Shravasti,Gilola,Duvkalan,2114,Gilaula
Shravasti,Gilola,Daudauli,2114,Gilaula
Bulandshahr,Siyana,Syana Dehat,1613,Syana
Shravasti,Gilola,Gohaniya,2114,Gilaula
Shravasti,Gilola,Varavo Haragun,2114,Gilaula
Bulandshahr,Siyana,Kisaula,1613,Syana
Shravasti,Gilola,Bhitya Chichdi,2114,Gilaula
Shravasti,Gilola,Gilola,2114,Gilaula
Bulandshahr,Siyana,Khani Katiri,1613,Syana
Bulandshahr,Siyana,Buklana,1613,Syana
Shravasti,Sirsia,Samhaarapuravaa,2117,Sirsiya
Shravasti,Sirsia,Sonaudhatarai,2117,Sirsiya
Bulandshahr,Arniyaan,Kyauli Khurd,1601,Araniya
Bulandshahr,Arniyaan,Kharaula,1601,Araniya
Shravasti,Hariharpur Rani,Parsadehariya,2115,Hariharpur Rani
Shravasti,Hariharpur Rani,Machhrihwa,2115,Hariharpur Rani
Bulandshahr,Arniyaan,Khurawali,1601,Araniya
Shravasti,Hariharpur Rani,Bhagagee,2115,Hariharpur Rani
Shravasti,Hariharpur Rani,Tadwa Vanakatwa,2115,Hariharpur Rani
Shravasti,Hariharpur Rani,Purakheri,2115,Hariharpur Rani
Shravasti,Hariharpur Rani,Bhingaa Dehat,2115,Hariharpur Rani
Shravasti,Hariharpur Rani,Chak Pihani,2115,Hariharpur Rani
Bulandshahr,Arniyaan,Daanvar,1601,Araniya
Shravasti,Jamunha,Aalagaanv,2116,Jamunaha
Shravasti,Jamunha,Achhora Shahpur,2116,Jamunaha
Bulandshahr,Arniyaan,Gwaroli Bhoragarhi,1601,Araniya
Shravasti,Jamunha,Laxmanpur Semarhania,2116,Jamunaha
Shravasti,Ikouna,Amorbhariya,2113,Ekona
Bulandshahr,Arniyaan,Dewarala,1601,Araniya
Shravasti,Ikouna,Tadwa Mahnth,2113,Ekona
Shravasti,Ikouna,Dahawarkalan,2113,Ekona
Shravasti,Ikouna,Parshutampur,2113,Ekona
Saharanpur,Sarsawa,Manojpur,2082,Sarsawan
Balrampur,Balrampur,Rakshauda,1508,Balrampur
Balrampur,Balrampur,Jyounar,1508,Balrampur
Balrampur,Balrampur,Gaizhwa,1508,Balrampur
Balrampur,Balrampur,Koilara,1508,Balrampur
Bulandshahr,Arniyaan,Palda,1601,Araniya
Balrampur,Balrampur,Balrampur Dehat,1508,Balrampur
Bulandshahr,Arniyaan,Farmana Ganggadi,1601,Araniya
Bulandshahr,Arniyaan,Saera Faridpur,1601,Araniya
Balrampur,Gainsadi,Gainsadi,1510,Gaisri
Balrampur,Gainsadi,Khadgaura,1510,Gaisri
Balrampur,Gainsadi,Lathawar,1510,Gaisri
Balrampur,Gainsadi,Saathi,1510,Gaisri
Balrampur,Gainsadi,Bho 0 Santari,1510,Gaisri
Balrampur,Gainsadi,Bakauli Rajpur,1510,Gaisri
Balrampur,Gainsadi,Laxminagar Nishchaldih,1510,Gaisri
Bulandshahr,Arniyaan,Naimtabad,1601,Araniya
Balrampur,Gainsadi,Man 0 Kashiram,1510,Gaisri
Balrampur,Gainsadi,Jitpur,1510,Gaisri
Balrampur,Gainsadi,Itaee,1510,Gaisri
Balrampur,Gainsadi,Koilkhar,1510,Gaisri
Balrampur,Gainsadi,Bahelkhand,1510,Gaisri
Saharanpur,Sarsawa,Badada Kheda,2082,Sarsawan
Balrampur,Gainsadi,Mazhauli,1510,Gaisri
Balrampur,Pachpedwa,Haraaiyaa Chandraseee,1512,Pachpedwa
Balrampur,Pachpedwa,Bhawangarh Shivpur,1512,Pachpedwa
Balrampur,Pachpedwa,Vijinagar,1512,Pachpedwa
Balrampur,Pachpedwa,Bargadiya Saif,1512,Pachpedwa
Balrampur,Pachpedwa,Sisahaniya Bargadi,1512,Pachpedwa
Balrampur,Pachpedwa,Webihaa,1512,Pachpedwa
Balrampur,Pachpedwa,Semrahna,1512,Pachpedwa
Balrampur,Pachpedwa,Emaliya Khader,1512,Pachpedwa
Balrampur,Pachpedwa,Velbhariya,1512,Pachpedwa
Balrampur,Gaidas Buzurg,Badhiya Bhaisahi,1509,Gaindas Bujurg
Balrampur,Gaidas Buzurg,Tedhwanwawad,1509,Gaindas Bujurg
Balrampur,Gaidas Buzurg,Keathbaliya Saleempoor,1509,Gaindas Bujurg
Balrampur,Gaidas Buzurg,Tedhwa Tappawalk,1509,Gaindas Bujurg
Balrampur,Gaidas Buzurg,Mohammadpur Vazraha,1509,Gaindas Bujurg
Balrampur,Gaidas Buzurg,Vanjariya,1509,Gaindas Bujurg
Balrampur,Gaidas Buzurg,Husenawad Ghat,1509,Gaindas Bujurg
Balrampur,Gaidas Buzurg,Pirelamafi,1509,Gaindas Bujurg
Balrampur,Gaidas Buzurg,Parsona,1509,Gaindas Bujurg
Balrampur,Shridattganj,Mahmudnagar,1514,Shriduttganj
Balrampur,Shridattganj,Bhitodi,1514,Shriduttganj
Balrampur,Shridattganj,Baybhit,1514,Shriduttganj
Balrampur,Shridattganj,Sanjwal Premnagar,1514,Shriduttganj
Balrampur,Shridattganj,Dhobadabar,1514,Shriduttganj
Balrampur,Shridattganj,Vishram Pur,1514,Shriduttganj
Balrampur,Shridattganj,Muzehana,1514,Shriduttganj
Balrampur,Utraula,Birda bania bhiari,1516,Utraula
Balrampur,Utraula,Pederiya,1516,Utraula
Balrampur,Utraula,Majhauwa Kurthuwa,1516,Utraula
Balrampur,Utraula,Terhwaaima,1516,Utraula
Balrampur,Utraula,Badhiya Pakdi,1516,Utraula
Balrampur,Utraula,Mahmuda Baad Grant,1516,Utraula
Balrampur,Utraula,Bilariyya,1516,Utraula
Balrampur,Utraula,Redvalia,1516,Utraula
Bulandshahr,Dibai,Raj Ghat,1605,Dibai
Balrampur,Rehra Bazar,Kharka Masumpur,1513,Rehera Bazaar
Balrampur,Rehra Bazar,Badhyafarid Khan,1513,Rehera Bazaar
Balrampur,Rehra Bazar,Nathipur Kanun Go,1513,Rehera Bazaar
Balrampur,Rehra Bazar,Laukia Tahir,1513,Rehera Bazaar
Balrampur,Rehra Bazar,Devariya Adam,1513,Rehera Bazaar
Balrampur,Tulsipur,Chauttar Kala,1515,Tulsipur
Balrampur,Tulsipur,Neakinayan,1515,Tulsipur
Balrampur,Tulsipur,Lalanagar Sipahiya,1515,Tulsipur
Balrampur,Tulsipur,Rajwapur,1515,Tulsipur
Balrampur,Tulsipur,Dhanodha,1515,Tulsipur
Balrampur,Tulsipur,Bhagwanpur,1515,Tulsipur
Bulandshahr,Dibai,Sagmbalpur Urf Ratanpur,1605,Dibai
Balrampur,Tulsipur,Jayanagara,1515,Tulsipur
Balrampur,Tulsipur,Sugahanagar,1515,Tulsipur
Bulandshahr,Dibai,Unchagaw Bangar,1605,Dibai
Balrampur,Tulsipur,Purebaks,1515,Tulsipur
Bulandshahr,Dibai,O.Badakser,1605,Dibai
Balrampur,Tulsipur,Odazhar Kala,1515,Tulsipur
Balrampur,Tulsipur,Dewipatan,1515,Tulsipur
Balrampur,Tulsipur,Gairhwa,1515,Tulsipur
Balrampur,Tulsipur,Tulsipur Dehat,1515,Tulsipur
Balrampur,Hariya Satgharwa,Sahijnah,1511,Harriya Satgharwa
Balrampur,Hariya Satgharwa,Udaipur Khairhaniya,1511,Harriya Satgharwa
Balrampur,Hariya Satgharwa,Tedhipras,1511,Harriya Satgharwa
Balrampur,Hariya Satgharwa,Shivpura,1511,Harriya Satgharwa
Bulandshahr,Dibai,Maharajpur alias Ratua,1605,Dibai
Balrampur,Hariya Satgharwa,Tredha,1511,Harriya Satgharwa
Balrampur,Hariya Satgharwa,Fatwa,1511,Harriya Satgharwa
Balrampur,Hariya Satgharwa,SugarNagar Leharii,1511,Harriya Satgharwa
Bulandshahr,Dibai,Vazhauda,1605,Dibai
Balrampur,Hariya Satgharwa,Gorwa,1511,Harriya Satgharwa
Bulandshahr,Dibai,Karnaavaas,1605,Dibai
Gonda,Haladharamuu,Mainzapur,1739,Haldharmau
Gonda,Haladharamuu,Gonova,1739,Haldharmau
Bulandshahr,Dibai,Vilaunaruup,1605,Dibai
Gonda,Haladharamuu,Barau,1739,Haldharmau
Gonda,Haladharamuu,Dattanagar,1739,Haldharmau
Gonda,Parsapur,OTaa,1747,Paraspur
Gonda,Parsapur,Andoopur,1747,Paraspur
Gonda,Nawabganj,Lauvwabeerpur,1745,Nawabganj
Gonda,Nawabganj,Dattanagar,1745,Nawabganj
Bulandshahr,Dibai,Bhairiya Haridwarpur Bangar,1605,Dibai
Gonda,Manakapur,Gadrahi,1743,Mankapur
Gonda,Manakapur,Devaria,1743,Mankapur
Gonda,Manakapur,Lamtiu Karhwa,1743,Mankapur
Gonda,Manakapur,Peripokhar,1743,Mankapur
Bulandshahr,Khujra,Kyauli Kalan,1608,Khurja
Gonda,Manakapur,Hadhwa,1743,Mankapur
Gonda,Manakapur,Raamaapur,1743,Mankapur
Gonda,Manakapur,Kalenya,1743,Mankapur
Gonda,Manakapur,Chandpur Barsainia,1743,Mankapur
Gonda,Manakapur,Amwa,1743,Mankapur
Gonda,Belasar,Chandpur,1736,Belsar
Gonda,Belasar,Mujeed,1736,Belsar
Gonda,Belasar,Barsara,1736,Belsar
Gonda,Belasar,Belasar,1736,Belsar
Gonda,Belasar,Parsada,1736,Belsar
Gonda,Belasar,Devarada,1736,Belsar
Gonda,Belasar,Liloiakala,1736,Belsar
Gonda,Belasar,Badalpur,1736,Belsar
Gonda,Belasar,Japharaa Pur,1736,Belsar
Gonda,Belasar,AmaDDhee,1736,Belsar
Gonda,Katra Bazar,Koitiyadra,1742,Katra Bazar
Gonda,Katra Bazar,Seharia Kala,1742,Katra Bazar
Gonda,Katra Bazar,Majhwa,1742,Katra Bazar
Gonda,Katra Bazar,Cherera,1742,Katra Bazar
Gonda,Katra Bazar,Bhaiyya,1742,Katra Bazar
Gonda,Katra Bazar,Birpurkatra,1742,Katra Bazar
Gonda,Katra Bazar,Babupur,1742,Katra Bazar
Gonda,Pandri Kripal,Datnagar Bishan,1746,Pandri Kripal
Gonda,Pandri Kripal,Mishrauliya Kanungo,1746,Pandri Kripal
Bulandshahr,Khujra,I.o.wa.o. Seekra,1608,Khurja
Bulandshahr,Khujra,i ju urf Mauzpur,1608,Khurja
Bulandshahr,Khujra,Dhakar,1608,Khurja
Gonda,Pandri Kripal,ViyasiaChain,1746,Pandri Kripal
Gonda,Chhapia,Sangwa,1737,Chhapia
Gonda,Chhapia,Chatakanwan,1737,Chhapia
Gonda,Chhapia,Tiker,1737,Chhapia
Gonda,Chhapia,Mawai,1737,Chhapia
Gonda,Chhapia,Birpur,1737,Chhapia
Gonda,Chhapia,Dh shyampur Grant,1737,Chhapia
Gonda,Chhapia,Pairkhas,1737,Chhapia
Saharanpur,Sarsawa,Pathed Mustakam,2082,Sarsawan
Gonda,Jhanjhari,Gaurawa Kanungo,1741,Jhanjhari
Gonda,Jhanjhari,Dardawa Kanungo,1741,Jhanjhari
Gonda,Jhanjhari,Dardawa Dasaulia,1741,Jhanjhari
Gonda,Jhanjhari,Chauri Harsaupatti,1741,Jhanjhari
Gonda,Jhanjhari,Iмилия Mishra,1741,Jhanjhari
Gonda,Mujehana,Puredindua,1744,Mujehana
Gonda,Mujehana,Devarada,1744,Mujehana
Gonda,Mujehana,Mujehana,1744,Mujehana
Bulandshahr,Khujra,Khurja Dehat,1608,Khurja
Gonda,Mujehana,Khirbhari,1744,Mujehana
Gonda,Mujehana,Dhanepur,1744,Mujehana
Gonda,Mujehana,Madhavganj,1744,Mujehana
Bulandshahr,Khujra,Dinol,1608,Khurja
Bulandshahr,Khujra,Nagla Mohiuddinpur,1608,Khurja
Gonda,Mujehana,Dattanagar,1744,Mujehana
Gonda,Tarabganj,Kadura,1749,Tarabganj
Gonda,Tarabganj,Paraspatti Purwar,1749,Tarabganj
Gonda,Tarabganj,Rogi,1749,Tarabganj
Gonda,Tarabganj,Retadalsinh,1749,Tarabganj
Gonda,Tarabganj,Katha,1749,Tarabganj
Gonda,Tarabganj,Dhodipur,1749,Tarabganj
Gonda,Tarabganj,Raamaapur,1749,Tarabganj
Gonda,Tarabganj,Semra,1749,Tarabganj
Gonda,Tarabganj,Gauhani,1749,Tarabganj
Gonda,Tarabganj,Tuphdiya,1749,Tarabganj
Bulandshahr,Khujra,Bhidhepur,1608,Khurja
Gonda,Tarabganj,Gopasarai,1749,Tarabganj
Gonda,Etiyathok,Somrahee,1740,Itiathok
Gonda,Etiyathok,Mehenwan,1740,Itiathok
Gonda,Etiyathok,Karmdih Kala,1740,Itiathok
Bulandshahr,Khujra,Moodakheda,1608,Khurja
Gonda,Etiyathok,Gosendra Pur,1740,Itiathok
Gonda,Etiyathok,Haraiyazhuman,1740,Itiathok
Gonda,Etiyathok,Karuvapoora,1740,Itiathok
Bulandshahr,Khujra,Gaowa Kalai,1608,Khurja
Gonda,Etiyathok,Lohsisa,1740,Itiathok
Bulandshahr,Khujra,Khabra Sikandarpur,1608,Khurja
Gonda,Etiyathok,Naraurabharrapur,1740,Itiathok
Bulandshahr,Khujra,Farana Jamalpur,1608,Khurja
Gonda,Karnailganj,Kadipur,1738,Colonelganj
Gonda,Karnailganj,Karua,1738,Colonelganj
Bulandshahr,Khujra,Vichaula,1608,Khurja
Gonda,Karnailganj,Nakhahra,1738,Colonelganj
Gonda,Karnailganj,Bibia Pur Awadhootanagar,1738,Colonelganj
Gonda,Karnailganj,Baseriya,1738,Colonelganj
Gonda,Karnailganj,Rexdiya,1738,Colonelganj
Gonda,Wazirganj,Beinia,1750,Wazirganj
Gonda,Wazirganj,Gaersar,1750,Wazirganj
Gonda,Bhabha njot,Badhara,1735,Babhanjot
Gonda,Bhabha njot,Devaria,1735,Babhanjot
Bulandshahr,Khujra,Ibrapur,1608,Khurja
Gonda,Bhabha njot,Khajuwa,1735,Babhanjot
Gonda,Bhabha njot,Badaulipur,1735,Babhanjot
Gonda,Bhabha njot,Bhavpur,1735,Babhanjot
Gonda,Bhabha njot,Pipra Adhai,1735,Babhanjot
Gonda,Bhabha njot,Karauha,1735,Babhanjot
Gonda,Rupaidih,Kaudia,1748,Rupaideeh
Gonda,Rupaidih,Kharagupuriмилия,1748,Rupaideeh
Bulandshahr,Sikandrabad,Bhaukheda,1612,Sikandrabad
Gonda,Rupaidih,Sewerha,1748,Rupaideeh
Gonda,Rupaidih,Piparachaube,1748,Rupaideeh
Barabanki,Ramnagar,Gagiapur,1535,Ramnagar
Barabanki,Ramnagar,Pure Kinholi,1535,Ramnagar
Barabanki,Ramnagar,Siroli Kalan,1535,Ramnagar
Barabanki,Suratganj,Utrawan,1539,Suratganj
Barabanki,Suratganj,Juroda,1539,Suratganj
Barabanki,Suratganj,Tandwa,1539,Suratganj
Barabanki,Suratganj,Patouja,1539,Suratganj
Barabanki,Suratganj,Banerjee,1539,Suratganj
Barabanki,Suratganj,Vijhala,1539,Suratganj
Barabanki,Suratganj,Mahmudpur,1539,Suratganj
Barabanki,Suratganj,Mirpur,1539,Suratganj
Barabanki,Suratganj,Mo Pur Khala,1539,Suratganj
Barabanki,Suratganj,Rahata,1539,Suratganj
Bulandshahr,Sikandrabad,Badoda,1612,Sikandrabad
Bulandshahr,Sikandrabad,Talibpur Urf Kanakpur,1612,Sikandrabad
Bulandshahr,Sikandrabad,Chaula,1612,Sikandrabad
Barabanki,Nindur,Gorecha,1533,Nindaura
Saharanpur,Sarsawa,Dabheda Kalan,2082,Sarsawan
Barabanki,Nindur,Dewara,1533,Nindaura
Barabanki,Nindur,Pileti Hyderabad,1533,Nindaura
Barabanki,Nindur,Behnta Kazi,1533,Nindaura
Bulandshahr,Sikandrabad,Sherpur Mazra Gangrol,1612,Sikandrabad
Barabanki,masauli,Saraykayasthan,1532,Masauli
Barabanki,masauli,Surypur Khappa,1532,Masauli
Saharanpur,Sarsawa,Naaraayanpur Gurjar,2082,Sarsawan
Barabanki,Banki,Obri,1526,Banki
Barabanki,Banki,Checharuwa,1526,Banki
Barabanki,Banki,Jinholi,1526,Banki
Barabanki,Banki,Tenduwari,1526,Banki
Bulandshahr,Sikandrabad,Birkeda,1612,Sikandrabad
Barabanki,Banki,Palhari,1526,Banki
Barabanki,Banki,Palimashudpur,1526,Banki
Barabanki,Banki,Peisar Dehat,1526,Banki
Barabanki,Banki,Badel,1526,Banki
Barabanki,Banki,Banwa,1526,Banki
Barabanki,Banki,Baki Dehat,1526,Banki
Barabanki,Banki,Fazullaganj,1526,Banki
Barabanki,Dewan,Karaundi,1528,Dewa
Barabanki,Dewan,KonaaGaav,1528,Dewa
Barabanki,Dewan,Mustafabad Desi,1528,Dewa
Barabanki,Dewan,Sarasaudi,1528,Dewa
Bulandshahr,Sikandrabad,Butaina,1612,Sikandrabad
Barabanki,Dariyabad,Itoura,1527,Dariyabad
Bulandshahr,Sikandrabad,Amipur Bagar,1612,Sikandrabad
Barabanki,Dariyabad,Belhari,1527,Dariyabad
Bulandshahr,Sikandrabad,Bailana,1612,Sikandrabad
Barabanki,Dariyabad,Minna Nagar,1527,Dariyabad
Barabanki,Dariyabad,Majhaila,1527,Dariyabad
Bulandshahr,Sikandrabad,Chauki,1612,Sikandrabad
Bulandshahr,Sikandrabad,Jaitpur,1612,Sikandrabad
Barabanki,Banikoder,Gazputipur,1525,Bani Kodar
Barabanki,Banikoder,Chaura Aladaspur,1525,Bani Kodar
Barabanki,Banikoder,Dilona,1525,Bani Kodar
Bulandshahr,Sikandrabad,Jhanjhar,1612,Sikandrabad
Barabanki,Banikoder,Dharouli,1525,Bani Kodar
Barabanki,Banikoder,Banikoder,1525,Bani Kodar
Saharanpur,Sarsawa,Dudgarh,2082,Sarsawan
Barabanki,Banikoder,Bhawanipur,1525,Bani Kodar
Bulandshahr,Sikandrabad,Suwara,1612,Sikandrabad
Barabanki,Banikoder,Malinpur,1525,Bani Kodar
Barabanki,Banikoder,Selhoura,1525,Bani Kodar
Barabanki,Puredlai,Ataroli,1534,Puredalai
Barabanki,Puredlai,Alhanmau,1534,Puredalai
Barabanki,Puredlai,Khaboli,1534,Puredalai
Barabanki,Puredlai,Parasaval,1534,Puredalai
Bulandshahr,Sikandrabad,Vairwadashahpur,1612,Sikandrabad
Barabanki,Puredlai,Ranimoo Tarai,1534,Puredalai
Barabanki,Puredlai,Sarai Barai,1534,Puredalai
Barabanki,Haidarganj,Alapur,1530,Haidargarh
Bulandshahr,Sikandrabad,Dhanaura,1612,Sikandrabad
Barabanki,Haidarganj,Gautauna,1530,Haidargarh
Barabanki,Haidarganj,Varawan,1530,Haidargarh
Barabanki,Haidarganj,Bahramoo,1530,Haidargarh
Barabanki,Haidarganj,Vara,1530,Haidargarh
Barabanki,Haidarganj,Muhiuddin Sarai,1530,Haidargarh
Barabanki,Haidarganj,Magowa,1530,Haidargarh
Barabanki,Haidarganj,Rowli,1530,Haidargarh
Barabanki,Haidarganj,Sarwa,1530,Haidargarh
Barabanki,Trivediganj,Joras,1540,Trivediganj
Barabanki,Trivediganj,Laxmangarh,1540,Trivediganj
Saharanpur,Sarsawa,Dumjheda,2082,Sarsawan
Barabanki,Siddhaur,Ajiwa,1537,Sidhaur
Bulandshahr,B. B. Nagar,Iklai,1602,Bhawan Bahadur Nagar
Barabanki,Siddhaur,Tadva,1537,Sidhaur
Barabanki,Siddhaur,Durodha,1537,Sidhaur
Barabanki,Siddhaur,Nyachna,1537,Sidhaur
Barabanki,Siddhaur,Mirapur,1537,Sidhaur
Bulandshahr,B. B. Nagar,Higawada,1602,Bhawan Bahadur Nagar
Barabanki,Sirauli Gauspur,Pyaar,1538,Sirauli Gauspur
Barabanki,Sirauli Gauspur,Madhavpur,1538,Sirauli Gauspur
Barabanki,Sirauli Gauspur,Moharia,1538,Sirauli Gauspur
Barabanki,Sirauli Gauspur,Si O Gauspur,1538,Sirauli Gauspur
Bulandshahr,Unchagaon,Mou.pur Barbala,1614,Unchagaon
Bulandshahr,Unchagaon,Kapsai Mahmoodpur,1614,Unchagaon
Sultanpur,Akhandnagar,Narayanpurkala,2159,Akhand Nagar
Sultanpur,Akhandnagar,Jalalpurkaithi,2159,Akhand Nagar
Sultanpur,Akhandnagar,Patjupahadpur,2159,Akhand Nagar
Sultanpur,Akhandnagar,Badorakhabazapur,2159,Akhand Nagar
Bulandshahr,Unchagaon,Amarpur,1614,Unchagaon
Sultanpur,Baldirai,Nisasin,2161,Baldirai
Sultanpur,Baldirai,Deeha,2161,Baldirai
Bulandshahr,Unchagaon,Nangala Aalampur,1614,Unchagaon
Sultanpur,Baldirai,Kaankarakoala,2161,Baldirai
Sultanpur,Baldirai,Kunwasi Bada Dand,2161,Baldirai
Sultanpur,Baldirai,Paraagnaapur,2161,Baldirai
Sultanpur,Baldirai,Alammau,2161,Baldirai
Sultanpur,Baldirai,Birghaulā,2161,Baldirai
Sultanpur,Baldirai,Haithanākhurd,2161,Baldirai
Sultanpur,Baldirai,Haimanapur,2161,Baldirai
Sultanpur,Baldirai,Baliyapur,2161,Baldirai
Bulandshahr,Unchagaon,Bhopur,1614,Unchagaon
Sultanpur,Bhaiyya,Salarpur,2162,Bhadaiya
Sultanpur,Bhaiyya,Bhaiyya,2162,Bhadaiya
Sultanpur,Bhaiyya,Da udatap,2162,Bhadaiya
Sultanpur,Bhaiyya,Kalyanpatti,2162,Bhadaiya
Sultanpur,Bhaiyya,Karauhi,2162,Bhadaiya
Sultanpur,Bhaiyya,Mishrapur Puraina,2162,Bhadaiya
Sultanpur,Bhaiyya,Shripur,2162,Bhadaiya
Sultanpur,Bhaiyya,Jamuawa Pashchim,2162,Bhadaiya
Sultanpur,Bhaiyya,Asarvan,2162,Bhadaiya
Bulandshahr,Unchagaon,Chasi Rasoolpur,1614,Unchagaon
Sultanpur,Dhanpat Ganj,Pratapur,2165,Dhanpatganj
Sultanpur,Dhanpat Ganj,Mahmudpur,2165,Dhanpatganj
Bulandshahr,Unchagaon,Or Bad Taharpur,1614,Unchagaon
Sultanpur,Dhanpat Ganj,Rataipur,2165,Dhanpatganj
Sultanpur,Dhanpat Ganj,Lakhnepur,2165,Dhanpatganj
Sultanpur,Doobepur,Karaudia Dehat,2167,Dubepur
Sultanpur,Doobepur,Bosi,2167,Dubepur
Sultanpur,Doobepur,Uttardhaha,2167,Dubepur
Sultanpur,Doobepur,Firozpurkalo,2167,Dubepur
Sultanpur,Doobepur,Viveyganj,2167,Dubepur
Sultanpur,Doobepur,Fattehpur,2167,Dubepur
Sultanpur,Doobepur,Dhahafirozpur,2167,Dubepur
Sultanpur,Doobepur,Aflepur,2167,Dubepur
Sultanpur,Doobepur,Lauhardakshin,2167,Dubepur
Sultanpur,Doobepur,Tikaria,2167,Dubepur
Sultanpur,Doobepur,Alahdadpur,2167,Dubepur
Sultanpur,Doobepur,Pakadee,2167,Dubepur
Sultanpur,Doobepur,Bhagwanpur,2167,Dubepur
Saharanpur,Sarsawa,Sikri,2082,Sarsawan
Bulandshahr,Jahangirabad,Dabkauwa,1607,Jahangirabad
Bulandshahr,Jahangirabad,Jayram Pur Urf Kudaina,1607,Jahangirabad
Bulandshahr,Jahangirabad,KarkaRi,1607,Jahangirabad
Sultanpur,Jaisinghpur,Saraiya Dwitiya,2170,Jaisinghpur
Sultanpur,Jaisinghpur,Moonger,2170,Jaisinghpur
Sultanpur,Jaisinghpur,Khania,2170,Jaisinghpur
Sultanpur,Jaisinghpur,Mahadevpur,2170,Jaisinghpur
Sultanpur,Jaisinghpur,Hasrampur,2170,Jaisinghpur
Sultanpur,Jaisinghpur,Saraia Pratham,2170,Jaisinghpur
Sultanpur,Jaisinghpur,Bhawanipur,2170,Jaisinghpur
Sultanpur,Jaisinghpur,Bediaha,2170,Jaisinghpur
Bulandshahr,Jahangirabad,Kauda Shamshabad,1607,Jahangirabad
Sultanpur,Jaisinghpur,Udaipur,2170,Jaisinghpur
Sultanpur,Jaisinghpur,Amilia Sikra,2170,Jaisinghpur
Sultanpur,Jaisinghpur,Peedi,2170,Jaisinghpur
Bulandshahr,Jahangirabad,Shyaurampur,1607,Jahangirabad
Sultanpur,Jaisinghpur,Ashapur,2170,Jaisinghpur
Sultanpur,Jaisinghpur,Gagenw,2170,Jaisinghpur
Sultanpur,Jaisinghpur,Chaubepur,2170,Jaisinghpur
Sultanpur,Jaisinghpur,Padarthpur,2170,Jaisinghpur
Sultanpur,Kadipur,Lohara,2172,Kadipur
Bulandshahr,Jahangirabad,Eena,1607,Jahangirabad
Bulandshahr,Jahangirabad,Majra Khanpur,1607,Jahangirabad
Sultanpur,Kudwar,Jagdishpur,2174,Kurwar
Sultanpur,Kudwar,Sarkauda,2174,Kurwar
Sultanpur,Kudwar,Mudiinewaada,2174,Kurwar
Sultanpur,Kudwar,Jodupur,2174,Kurwar
Sultanpur,Kudwar,Kotowaa,2174,Kurwar
Sultanpur,Kudwar,Naugwarayatasi,2174,Kurwar
Sultanpur,Kudwar,Ghusieria,2174,Kurwar
Sultanpur,Kudwar,Saraipure Bisen,2174,Kurwar
Sultanpur,Kudwar,Madhavpur Achayen,2174,Kurwar
Sultanpur,Kudwar,Sadaun,2174,Kurwar
Sultanpur,Kudwar,Ganeshganj,2174,Kurwar
Bulandshahr,Jahangirabad,Kuraina,1607,Jahangirabad
Sultanpur,Kudwar,Khanianpurpuraab,2174,Kurwar
Sultanpur,Kudwar,Khanianpashchim,2174,Kurwar
Sultanpur,Kudwar,Narottampur,2174,Kurwar
Sultanpur,Kudwar,Mawaiya,2174,Kurwar
Sultanpur,Kudwar,Naugavateer,2174,Kurwar
Sultanpur,Kudebhar,Vihjuri,2173,Kurebhar
Sultanpur,Kudebhar,Irool,2173,Kurebhar
Sultanpur,Kudebhar,Makdoompur Banarha,2173,Kurebhar
Bulandshahr,Jahangirabad,Saujana Jhayaan,1607,Jahangirabad
Sultanpur,Kudebhar,Chunakana Ashrafpur,2173,Kurebhar
Bulandshahr,Jahangirabad,Sihaali Jhayaan,1607,Jahangirabad
Sultanpur,Lambhua,Semri Rajapur,2175,Lambhua
Sultanpur,Lambhua,Gajaapur,2175,Lambhua
Sultanpur,Lambhua,Bedupara,2175,Lambhua
Sultanpur,Lambhua,Lambhua,2175,Lambhua
Sultanpur,Lambhua,Jagannathpur,2175,Lambhua
Sultanpur,Lambhua,Parsrampur,2175,Lambhua
Sultanpur,Lambhua,Mukundpur,2175,Lambhua
Sultanpur,Lambhua,Ratanpur,2175,Lambhua
Sultanpur,Lambhua,Varuadakshni,2175,Lambhua
Sultanpur,Lambhua,Belonapurba,2175,Lambhua
Sultanpur,Pratappur Kemaicha,Semrikala,2178,P.P.Kamaicha
Sultanpur,Pratappur Kemaicha,Sheshanapur,2178,P.P.Kamaicha
Sultanpur,Pratappur Kemaicha,Hadia Sarpatha,2178,P.P.Kamaicha
Sultanpur,Pratappur Kemaicha,Munee Pur,2178,P.P.Kamaicha
Sultanpur,Pratappur Kemaicha,Ishipur,2178,P.P.Kamaicha
Sultanpur,Pratappur Kemaicha,Devadh,2178,P.P.Kamaicha
Bulandshahr,Danpur,Kharikvari,1604,Danpur
Bulandshahr,Danpur,Dirora Vishwanathpur,1604,Danpur
Bulandshahr,Danpur,Wadour,1604,Danpur
Sultanpur,Motigarpur,Diyara,2176,Motigarpur
Ambedkar Nagar,Katehri,Sangrampur,1439,Katehari
Bulandshahr,Danpur,Qutubpur Naya Bas,1604,Danpur
Ambedkar Nagar,Katehri,Patona,1439,Katehari
Ambedkar Nagar,Katehri,Baramarpur Lohra,1439,Katehari
Ambedkar Nagar,Katehri,Sizhoulia,1439,Katehari
Saharanpur,Sarsawa,Bausa,2082,Sarsawan
Ambedkar Nagar,Jalalpur,Fatehpur Mohitpur,1438,Jalal Pur
Ambedkar Nagar,Jalalpur,Sohagpur,1438,Jalal Pur
Ambedkar Nagar,Jalalpur,Sakrayusufpur,1438,Jalal Pur
Ambedkar Nagar,Jalalpur,Karaudi,1438,Jalal Pur
Ambedkar Nagar,Jalalpur,Dihbhiyanv,1438,Jalal Pur
Ambedkar Nagar,Jalalpur,Arai,1438,Jalal Pur
Ambedkar Nagar,Jalalpur,Wajidpur,1438,Jalal Pur
Ambedkar Nagar,Jalalpur,Chitona Kalan,1438,Jalal Pur
Ambedkar Nagar,Jalalpur,Miswachitouna,1438,Jalal Pur
Bulandshahr,Danpur,Indore Kheda,1604,Danpur
Ambedkar Nagar,Jalalpur,Guavaanjamalpur,1438,Jalal Pur
Ambedkar Nagar,Jalalpur,Dhavarua,1438,Jalal Pur
Ambedkar Nagar,Jalalpur,Peihiya,1438,Jalal Pur
Ambedkar Nagar,Jalalpur,Jamouli,1438,Jalal Pur
Ambedkar Nagar,Jalalpur,Aasipur,1438,Jalal Pur
Ambedkar Nagar,Akbarpur,Aswapar Moharai,1433,Akbarpur
Ambedkar Nagar,Akbarpur,warsawahasimpura,1433,Akbarpur
Bulandshahr,Danpur,Buddapur Mumrezpur,1604,Danpur
Ambedkar Nagar,Akbarpur,Ukara,1433,Akbarpur
Ambedkar Nagar,Akbarpur,Bansgavan,1433,Akbarpur
Ambedkar Nagar,Akbarpur,Vevanna,1433,Akbarpur
Ambedkar Nagar,Akbarpur,Chandanpur ( Pirpur ),1433,Akbarpur
Ambedkar Nagar,Akbarpur,Simaimaulanapur,1433,Akbarpur
Ambedkar Nagar,Akbarpur,Amoulimohiyuddin,1433,Akbarpur
Bulandshahr,Danpur,Dayoraoo,1604,Danpur
Bulandshahr,Danpur,Ishnupur,1604,Danpur
Ambedkar Nagar,Akbarpur,Salhantara,1433,Akbarpur
Bulandshahr,Danpur,Aidalpur,1604,Danpur
Ambedkar Nagar,Akbarpur,Mirpur Sekhpur,1433,Akbarpur
Ambedkar Nagar,Akbarpur,Dallappur Nizampur,1433,Akbarpur
Ambedkar Nagar,Tanda,Rasulpur,1441,Tanda
Ambedkar Nagar,Tanda,Malikpur,1441,Tanda
Ambedkar Nagar,Tanda,Aleampur,1441,Tanda
Bulandshahr,Bulandshahr,Imaliya,1603,Bulandshahr
Ambedkar Nagar,Tanda,Khukhutara,1441,Tanda
Ambedkar Nagar,Tanda,Gohania,1441,Tanda
Ambedkar Nagar,Tanda,Mujahiarpur,1441,Tanda
Ambedkar Nagar,Tanda,Dadi,1441,Tanda
Ambedkar Nagar,Tanda,Jautjina,1441,Tanda
Ambedkar Nagar,Tanda,Katriya,1441,Tanda
Ambedkar Nagar,Tanda,Jigana,1441,Tanda
Ambedkar Nagar,Tanda,Dharampur,1441,Tanda
Ambedkar Nagar,Bhiti,Umrao,1435,Bhiti
Ambedkar Nagar,Bhiti,Pure Darbaar,1435,Bhiti
Bulandshahr,Bulandshahr,Mausamgarh,1603,Bulandshahr
Ambedkar Nagar,Bhiti,Riuna,1435,Bhiti
Ambedkar Nagar,Bhiti,Samantha,1435,Bhiti
Ambedkar Nagar,Bhiti,Heedipadhia,1435,Bhiti
Bulandshahr,Bulandshahr,Aidalpur Dhimri,1603,Bulandshahr
Ambedkar Nagar,Bhiti,Mohammadpur Raiganj,1435,Bhiti
Ambedkar Nagar,Bhiti,Vivpur Sitkahawa,1435,Bhiti
Ambedkar Nagar,Bhiti,Dhama Patti,1435,Bhiti
Ambedkar Nagar,Bhiti,Raniwankarmazit,1435,Bhiti
Ambedkar Nagar,Bhiti,Kachhasari Patti,1435,Bhiti
Bulandshahr,Bulandshahr,Gagerua,1603,Bulandshahr
Ambedkar Nagar,Bhiti,Saraiyavir Singhpur,1435,Bhiti
Ambedkar Nagar,Basakhari,Vivvipur,1434,Baskhari
Ambedkar Nagar,Basakhari,Bhidoon,1434,Baskhari
Ambedkar Nagar,Basakhari,Hareya,1434,Baskhari
Ambedkar Nagar,Basakhari,Basakhari,1434,Baskhari
Ambedkar Nagar,Basakhari,Noorhanirampur,1434,Baskhari
Bulandshahr,Bulandshahr,Nosana,1603,Bulandshahr
Ambedkar Nagar,Ramnagar,Vidharkhas,1440,Ram Nagar
Ambedkar Nagar,Ramnagar,Akhipur Sari,1440,Ram Nagar
Ambedkar Nagar,Ramnagar,Manwarpur Sipah,1440,Ram Nagar
Ambedkar Nagar,Ramnagar,Vasahjagang Sagar,1440,Ram Nagar
Ambedkar Nagar,Ramnagar,Chakwashaiya,1440,Ram Nagar
Ambedkar Nagar,Ramnagar,Sultanpur Pahadpur,1440,Ram Nagar
Ambedkar Nagar,Ramnagar,Rudhi,1440,Ram Nagar
Ambedkar Nagar,Ramnagar,Nyori,1440,Ram Nagar
Ambedkar Nagar,Ramnagar,Itahuasundarpur,1440,Ram Nagar
Ambedkar Nagar,Ramnagar,Newari Durajpur,1440,Ram Nagar
Ambedkar Nagar,Jahangirganj,Hichnakinkhupur,1437,Jahangir Ganj
Ambedkar Nagar,Jahangirganj,Udharanpur,1437,Jahangir Ganj
Ambedkar Nagar,Jahangirganj,Kakarapar,1437,Jahangir Ganj
Bulandshahr,Bulandshahr,Neemkheda,1603,Bulandshahr
Bulandshahr,Bulandshahr,Mirzapur,1603,Bulandshahr
Ambedkar Nagar,Jahangirganj,Mangaljotti Koraiya,1437,Jahangir Ganj
Ambedkar Nagar,Jahangirganj,Sarvenikaspur,1437,Jahangir Ganj
Ambedkar Nagar,Jahangirganj,Dharupur,1437,Jahangir Ganj
Ambedkar Nagar,Jahangirganj,Balrampur,1437,Jahangir Ganj
Ambedkar Nagar,Jahangirganj,Sirasiyaatihayatpur,1437,Jahangir Ganj
Ambedkar Nagar,Jahangirganj,Bijlipandauli,1437,Jahangir Ganj
Bulandshahr,Bulandshahr,Rampura,1603,Bulandshahr
Ambedkar Nagar,Jahangirganj,Raajepur,1437,Jahangir Ganj
Ambedkar Nagar,Jahangirganj,Tarolabaansgao,1437,Jahangir Ganj
Ambedkar Nagar,Jahangirganj,Indorepur Urf Ghinhap,1437,Jahangir Ganj
Ambedkar Nagar,Jahangirganj,Nawaagaav,1437,Jahangir Ganj
Ambedkar Nagar,Jahangirganj,Makhdumpur,1437,Jahangir Ganj
Ambedkar Nagar,Jahangirganj,Fattehpur,1437,Jahangir Ganj
Ambedkar Nagar,Miyan,Paicoli,1436,Bhiyawan
Ambedkar Nagar,Miyan,Mahmudpur,1436,Bhiyawan
Ambedkar Nagar,Miyan,Barona,1436,Bhiyawan
Ambedkar Nagar,Miyan,AmaDDhee,1436,Bhiyawan
Ambedkar Nagar,Miyan,Sakra Dakshin,1436,Bhiyawan
Bulandshahr,Bulandshahr,Achchheja Ghat,1603,Bulandshahr
Ambedkar Nagar,Miyan,Lakhmipur,1436,Bhiyawan
Ambedkar Nagar,Miyan,Bhitora Daksan,1436,Bhiyawan
Ambedkar Nagar,Miyan,Miawan,1436,Bhiyawan
Bulandshahr,Bulandshahr,Murtazabad Makhara,1603,Bulandshahr
Ambedkar Nagar,Miyan,Majgavan,1436,Bhiyawan
Faizabad,Masaudha,Amona,1671,Masodha
Faizabad,Masaudha,Usru,1671,Masodha
Faizabad,Masaudha,Kalyan Bhadra,1671,Masodha
Faizabad,Masaudha,Kail,1671,Masodha
Faizabad,Masaudha,Khajannpur,1671,Masodha
Faizabad,Masaudha,Gaddopur,1671,Masodha
Bulandshahr,Bulandshahr,Sikhaira,1603,Bulandshahr
Faizabad,Masaudha,Ganj,1671,Masodha
Faizabad,Masaudha,Chandpur Harvansh,1671,Masodha
Faizabad,Masaudha,Janaora,1671,Masodha
Faizabad,Masaudha,Dabhasemar,1671,Masodha
Faizabad,Masaudha,Dostpur,1671,Masodha
Faizabad,Masaudha,Nandigram,1671,Masodha
Faizabad,Masaudha,Palia Shahbadi,1671,Masodha
Faizabad,Masaudha,Pahaganj,1671,Masodha
Faizabad,Masaudha,Pipiri,1671,Masodha
Faizabad,Masaudha,Banbirpur,1671,Masodha
Faizabad,Masaudha,Bhadarsa Bahar,1671,Masodha
Faizabad,Masaudha,Mauyduvanshpur,1671,Masodha
Faizabad,Masaudha,Malikpur,1671,Masodha
Faizabad,Masaudha,MirzapurNimoli,1671,Masodha
Faizabad,Masaudha,Mirjapurmafi,1671,Masodha
Faizabad,Masaudha,Rajapurmafi,1671,Masodha
Faizabad,Masaudha,Saraiwan,1671,Masodha
Faizabad,Masaudha,Hansapur,1671,Masodha
Bulandshahr,Bulandshahr,Allipur Ghizho,1603,Bulandshahr
Faizabad,Puraabaajaar,Nariyaon,1675,Pura Bazar
Bulandshahr,Bulandshahr,Julepura,1603,Bulandshahr
Faizabad,Sohawal,Paranap ur,1676,Sohawal
Faizabad,Sohawal,Saravishunpur,1676,Sohawal
Faizabad,Sohawal,Khirwani,1676,Sohawal
Faizabad,Sohawal,Ibrahimur Diwli,1676,Sohawal
Faizabad,Sohawal,Kataurli,1676,Sohawal
Faizabad,Sohawal,Salhepur Nimecha,1676,Sohawal
Faizabad,Sohawal,Moiyakpurpur,1676,Sohawal
Bulandshahr,Gulawati,Saitha,1606,Gulaothi
Bulandshahr,Gulawati,Mitthepur,1606,Gulaothi
Faizabad,Bikapur,Umaranee Pipari,1669,Bikapur
Faizabad,Bikapur,Randauli Paschim Pali,1669,Bikapur
Faizabad,Taroon,Pichaura,1677,Tarun
Faizabad,Taroon,Vijaynagar Sajhara,1677,Tarun
Bulandshahr,Gulawati,Auletha,1606,Gulaothi
Faizabad,Taroon,Sanvardhir,1677,Tarun
Faizabad,Taroon,Baisupali,1677,Tarun
Faizabad,Taroon,Kakauli,1677,Tarun
Faizabad,Taroon,Fakhrpur,1677,Tarun
Faizabad,Taroon,Katona,1677,Tarun
Faizabad,Taroon,Raurahari,1677,Tarun
Bulandshahr,Gulawati,Rithowri Akbarpur,1606,Gulaothi
Bulandshahr,Gulawati,Barmadpur,1606,Gulaothi
Faizabad,Haringtonganj,Baswar Kala,1670,Haringatanganj
Faizabad,Amaniganj,Garauli,1668,Amaniganj
Faizabad,Amaniganj,Dewara,1668,Amaniganj
Faizabad,Amaniganj,Ichoi,1668,Amaniganj
Bulandshahr,Gulawati,Devli,1606,Gulaothi
Faizabad,Amaniganj,Doodi,1668,Amaniganj
Faizabad,Amaniganj,Poora Urf Sumerpur,1668,Amaniganj
Faizabad,Amaniganj,Dilli Saraiya,1668,Amaniganj
Faizabad,Amaniganj,Bawan,1668,Amaniganj
Faizabad,Amaniganj,Akma,1668,Amaniganj
Faizabad,Amaniganj,Pichla,1668,Amaniganj
Faizabad,Amaniganj,Gohania,1668,Amaniganj
Bulandshahr,Gulawati,Manovas Pitovas,1606,Gulaothi
Bulandshahr,Agauta,Agauta,1599,Agauta
Faizabad,Milkipur,Tarauli Tardih,1674,Milkipur
Bulandshahr,Agauta,Seehi,1599,Agauta
Faizabad,Milkipur,Itgawa,1674,Milkipur
Faizabad,Milkipur,Valaramaau,1674,Milkipur
Faizabad,Milkipur,Shivnathpur,1674,Milkipur
Faizabad,Milkipur,Zorium,1674,Milkipur
Basti,Hareya,Basdevakunwar,1561,Harraiya
Basti,Hareya,Karamdade,1561,Harraiya
Basti,Hareya,Thaanhakhaas,1561,Harraiya
Basti,Hareya,Mahughat,1561,Harraiya
Basti,Hareya,Kheradas,1561,Harraiya
Bulandshahr,Agauta,Babupur,1599,Agauta
Basti,Hareya,pikaura,1561,Harraiya
Basti,Hareya,Piparakaji,1561,Harraiya
Bulandshahr,Agauta,Lohgara,1599,Agauta
Basti,Hareya,Duhwamihar,1561,Harraiya
Basti,Hareya,Bhaddasi,1561,Harraiya
Saharanpur,Sarsawa,Dhaulapada,2082,Sarsawan
Basti,Saugahat,Bhitaramsen,1568,Sau Ghat
Basti,Saugahat,Chittihi Prahlaad,1568,Sau Ghat
Basti,Saugahat,Parsaalaalshaah,1568,Sau Ghat
Basti,Saugahat,Padiyakhaas,1568,Sau Ghat
Basti,Saugahat,Majhwa,1568,Sau Ghat
Basti,Saugahat,Gaukhor,1568,Sau Ghat
Basti,Saugahat,Amauli,1568,Sau Ghat
Basti,Saugahat,Marwatia,1568,Sau Ghat
Basti,Saugahat,Lakhanaura,1568,Sau Ghat
Basti,Saugahat,Keshavara,1568,Sau Ghat
Basti,Saugahat,Byothra,1568,Sau Ghat
Basti,Saugahat,Malikpurwa,1568,Sau Ghat
Basti,Saugahat,Parsahajjain,1568,Sau Ghat
Bulandshahr,Agauta,Zahra,1599,Agauta
Basti,Saugahat,Bihira,1568,Sau Ghat
Bulandshahr,Agauta,Saimli,1599,Agauta
Basti,Ramnagar,Kareli,1565,Ramnagar
Basti,Ramnagar,Kohra,1565,Ramnagar
Basti,Ramnagar,Khamaria Pashchim,1565,Ramnagar
Basti,Ramnagar,Khair,1565,Ramnagar
Basti,Ramnagar,Gadapurchak,1565,Ramnagar
Basti,Ramnagar,Jagdishpur Uraf Naugadh,1565,Ramnagar
Basti,Ramnagar,Dhoshan,1565,Ramnagar
Basti,Ramnagar,Bantikara,1565,Ramnagar
Basti,Ramnagar,Banbadhiya,1565,Ramnagar
Basti,Ramnagar,Baidaula,1565,Ramnagar
Basti,Ramnagar,Bhanpur,1565,Ramnagar
Basti,Ramnagar,Siswa Bujurg,1565,Ramnagar
Basti,Bikramjot,Sherwadih,1569,Vikram Jot
Basti,Bikramjot,Dahda Misra,1569,Vikram Jot
Basti,Bikramjot,Medhae,1569,Vikram Jot
Basti,Bikramjot,Sitarampur,1569,Vikram Jot
Basti,Bikramjot,Malauli Dube,1569,Vikram Jot
Basti,Bikramjot,Pipari Sangram,1569,Vikram Jot
Bulandshahr,Agauta,Vihara,1599,Agauta
Basti,Bikramjot,Severalala,1569,Vikram Jot
Basti,Bikramjot,Devkhar,1569,Vikram Jot
Basti,Raudhauli,Rudhaulii Kalaan,1566,Rudauli
Basti,Raudhauli,Tharoli,1566,Rudauli
Basti,Raudhauli,Bahadurpur,1566,Rudauli
Basti,Raudhauli,Gidhar,1566,Rudauli
Basti,Raudhauli,Dhansa,1566,Rudauli
Basti,Raudhauli,Muriyar,1566,Rudauli
Basti,Raudhauli,Tigoriya,1566,Rudauli
Basti,Raudhauli,Puraina,1566,Rudauli
Basti,Raudhauli,Mooradiha urf Bhopal,1566,Rudauli
Basti,Raudhauli,Bankatia,1566,Rudauli
Basti,Raudhauli,Rayath,1566,Rudauli
Basti,Raudhauli,Aamwari,1566,Rudauli
Basti,Raudhauli,Dharmurwa,1566,Rudauli
Basti,Kaptaiganj,Kakuarawat,1562,Kaptanganj
Basti,Kaptaiganj,Ratas Urf Kaptaanganj,1562,Kaptanganj
Basti,Kaptaiganj,Madanpura,1562,Kaptanganj
Basti,Kaptaiganj,Rajajot Kala,1562,Kaptanganj
Basti,Kaptaiganj,Naktidei Buzurg,1562,Kaptanganj
Basti,Kaptaiganj,Dhramsinhpur Urf Mahra,1562,Kaptanganj
Basti,Kaptaiganj,Pariwarpur,1562,Kaptanganj
Basti,Kaptaiganj,Ramgarh Urf Katharjang,1562,Kaptanganj
Basti,Kaptaiganj,Dubauli Mishra,1562,Kaptanganj
Basti,Kaptaiganj,Mahua Mishra,1562,Kaptanganj
Basti,Kaptaiganj,Medhowa,1562,Kaptanganj
Basti,Kaptaiganj,Kodikol,1562,Kaptanganj
Basti,Kaptaiganj,Khapokhar,1562,Kaptanganj
Basti,Kaptaiganj,Patkhouli babu,1562,Kaptanganj
Basti,Kaptaiganj,Baghoda,1562,Kaptanganj
Basti,Kaptaiganj,Belsad,1562,Kaptanganj
Basti,Kaptaiganj,Ratasi,1562,Kaptanganj
Basti,Bankati,Umri Ahra,1557,Bankati
Basti,Bankati,Kidhuri,1557,Bankati
Basti,Bankati,Mundeva,1557,Bankati
Basti,Bankati,Jagdishpur,1557,Bankati
Basti,Bankati,BarDand,1557,Bankati
Basti,Bankati,Vodaval,1557,Bankati
Basti,Bankati,Barhua,1557,Bankati
Basti,Bankati,Itthar,1557,Bankati
Basti,Bankati,CHENNUA MEHRAI,1557,Bankati
Basti,Bankati,Kathaura,1557,Bankati
Basti,Bankati,Baijipur,1557,Bankati
Basti,Bankati,Sajnakhor,1557,Bankati
Basti,Bankati,Sindhuria,1557,Bankati
Basti,Bankati,Khadauha Urf Chhavilaha,1557,Bankati
Basti,Bankati,Basodhi,1557,Bankati
Basti,Bankati,Mathouli,1557,Bankati
Basti,Bankati,Deesand,1557,Bankati
Bijnaur,Noorpur,Shadipur Hussainpur,1580,Noorpur
Basti,Bankati,Sasanakhanta,1557,Bankati
Basti,Bankati,Kajuhi Urf Bansgaon,1557,Bankati
Basti,Bankati,Turkaulia Bargah,1557,Bankati
Basti,Bankati,Datuakhor aka Bedukho,1557,Bankati
Basti,Bankati,Barohiyakala,1557,Bankati
Basti,Bankati,Mohnaidore,1557,Bankati
Basti,Gour,Parasdih,1560,Gaur
Basti,Gour,Sanwadih,1560,Gaur
Basti,Gour,Badhiya,1560,Gaur
Basti,Gour,Chetra,1560,Gaur
Basti,Gour,Santhua,1560,Gaur
Basti,Gour,Agaya Bujurg,1560,Gaur
Basti,Gour,Rewtakhadagbahadurshahi,1560,Gaur
Bijnaur,Noorpur,Madaripur,1580,Noorpur
Basti,Gour,Pedariya,1560,Gaur
Bijnaur,Noorpur,Pauti,1580,Noorpur
Basti,Gour,Ek Tekva,1560,Gaur
Basti,Gour,Karma,1560,Gaur
Basti,Gour,Mazhowa Chowdhari,1560,Gaur
Basti,Gour,Paikolia Mu,1560,Gaur
Basti,Parsrampur,Achraul,1564,Paras Rampur
Basti,Parsrampur,Kushmradih,1564,Paras Rampur
Basti,Parsrampur,Majgawan,1564,Paras Rampur
Basti,Parsrampur,Neuri Rambox,1564,Paras Rampur
Basti,Parsrampur,Khemrajpur,1564,Paras Rampur
Basti,Parsrampur,Basewarai,1564,Paras Rampur
Basti,Parsrampur,Ganipur,1564,Paras Rampur
Basti,Parsrampur,Dheberhiya Rawat,1564,Paras Rampur
Basti,Parsrampur,Ragghupur,1564,Paras Rampur
Basti,Parsrampur,MajgawAn MAfi,1564,Paras Rampur
Basti,Basti,Chamrauha Siyarapar,1558,Basti
Basti,Basti,Manzhariya,1558,Basti
Basti,Basti,Basnawa,1558,Basti
Basti,Basti,Murrdhaghat,1558,Basti
Bijnaur,Noorpur,Gunia Kheri,1580,Noorpur
Basti,Basti,Othagnapur,1558,Basti
Basti,Basti,Buxar,1558,Basti
Basti,Basti,Bhuaraniyajanpur,1558,Basti
Basti,Basti,Banatala,1558,Basti
Basti,Basti,Farada,1558,Basti
Basti,Basti,Mahaso,1558,Basti
Basti,Basti,Ganeshpur,1558,Basti
Basti,Basti,Tema,1558,Basti
Basti,Basti,Bakainiya Dweep,1558,Basti
Basti,Basti,Muradiha,1558,Basti
Basti,Basti,Devaria,1558,Basti
Basti,Saltoya Gopalpur,PaDRiyA Chetasinh,1567,Saltaua Gopal Pur
Basti,Saltoya Gopalpur,Basdila,1567,Saltaua Gopal Pur
Basti,Saltoya Gopalpur,Mazhouwa Khajuri,1567,Saltaua Gopal Pur
Basti,Saltoya Gopalpur,Vasdiliya,1567,Saltaua Gopal Pur
Basti,Saltoya Gopalpur,Aamanraayanpur,1567,Saltaua Gopal Pur
Basti,Saltoya Gopalpur,Gohania,1567,Saltaua Gopal Pur
Basti,Saltoya Gopalpur,Piparhiya,1567,Saltaua Gopal Pur
Basti,Saltoya Gopalpur,Oddjangal,1567,Saltaua Gopal Pur
Basti,Saltoya Gopalpur,Bhiriya Rituraj,1567,Saltaua Gopal Pur
Bijnaur,Noorpur,A 0 Pur Dahana,1580,Noorpur
Basti,Saltoya Gopalpur,Karmhiya,1567,Saltaua Gopal Pur
Basti,Saltoya Gopalpur,Bhagwanpur,1567,Saltaua Gopal Pur
Basti,Saltoya Gopalpur,Ahar,1567,Saltaua Gopal Pur
Basti,Saltoya Gopalpur,Ama,1567,Saltaua Gopal Pur
Basti,Kudrah,Amarouna,1563,Kudaraha
Basti,Kudrah,Kawara Khaas,1563,Kudaraha
Basti,Kudrah,Gaana,1563,Kudaraha
Basti,Kudrah,Gaighat,1563,Kudaraha
Basti,Kudrah,Tegriha Raja,1563,Kudaraha
Basti,Kudrah,Dihukpurwa Uraf Shukla,1563,Kudaraha
Basti,Kudrah,Thathaura,1563,Kudaraha
Basti,Kudrah,Tenuya,1563,Kudaraha
Basti,Kudrah,Piparpati Mu 0,1563,Kudaraha
Bijnaur,Noorpur,Aalampur Aaiidwa,1580,Noorpur
Basti,Kudrah,Piyarepur,1563,Kudaraha
Basti,Kudrah,Vaidaree Ehtamalee,1563,Kudaraha
Basti,Kudrah,Kadseri Mishra,1563,Kudaraha
Basti,Kudrah,Karja Ajmatpur,1563,Kudaraha
Basti,Kudrah,Pou,1563,Kudaraha
Bijnaur,Noorpur,Mirapur,1580,Noorpur
Basti,Bahadurpur,Nevari Gaada Kusaraut,1556,Bahadurpur
Basti,Bahadurpur,Agona,1556,Bahadurpur
Basti,Bahadurpur,Baily,1556,Bahadurpur
Basti,Bahadurpur,Bhowapar,1556,Bahadurpur
Bijnaur,Noorpur,Naayak Nangla,1580,Noorpur
Basti,Bahadurpur,Siswari badan Singh,1556,Bahadurpur
Basti,Bahadurpur,Bhoyar Chaube,1556,Bahadurpur
Basti,Bahadurpur,Khadua Khurd,1556,Bahadurpur
Bijnaur,Noorpur,Rahta Billauch,1580,Noorpur
Basti,Bahadurpur,Kudhapti Prithi,1556,Bahadurpur
Basti,Bahadurpur,Birupur,1556,Bahadurpur
Basti,Bahadurpur,Kudhpati Dariya,1556,Bahadurpur
Basti,Bahadurpur,Devapar,1556,Bahadurpur
Basti,Bahadurpur,Haranakha,1556,Bahadurpur
Basti,Bahadurpur,Phulwariya Bargah,1556,Bahadurpur
Bijnaur,Noorpur,Maurana,1580,Noorpur
Basti,Bahadurpur,Sapaha,1556,Bahadurpur
Basti,Dubaulia,Joghata,1559,Dubauliya
Basti,Dubaulia,Raiyal,1559,Dubauliya
Basti,Dubaulia,Ekdangwa,1559,Dubauliya
Basti,Dubaulia,Gulauri Buzurg,1559,Dubauliya
Basti,Dubaulia,Devaragangvarar,1559,Dubauliya
Basti,Dubaulia,Kewari Mu 0,1559,Dubauliya
Basti,Dubaulia,MahuaDaar,1559,Dubauliya
Basti,Dubaulia,Mrauti Pande,1559,Dubauliya
Siddharth Nagar,Bansi,Ghonahantal Purvi,2118,Bansi
Siddharth Nagar,Bansi,Tiwaripur Purvi,2118,Bansi
Siddharth Nagar,Bansi,Bhagatapur Purvi,2118,Bansi
Siddharth Nagar,Bansi,Gotwa,2118,Bansi
Bijnaur,Noorpur,Azampur Urf Ratangarh,1580,Noorpur
Siddharth Nagar,Bansi,Baranwankar,2118,Bansi
Siddharth Nagar,Bansi,Chettiwa,2118,Bansi
Bijnaur,Noorpur,Pauta,1580,Noorpur
Siddharth Nagar,Bansi,mau p 0,2118,Bansi
Siddharth Nagar,Bansi,Ekdegavan,2118,Bansi
Siddharth Nagar,Khesarha,Dhadura,2125,Khesraha
Saharanpur,Sarsawa,Smaspur Kala,2082,Sarsawan
Siddharth Nagar,Khesarha,Mudehera,2125,Khesraha
Siddharth Nagar,Khesarha,Riuna,2125,Khesraha
Siddharth Nagar,Khesarha,Hareya,2125,Khesraha
Siddharth Nagar,Mithwal,Bharathana,2128,Mithwal
Siddharth Nagar,Mithwal,Gohar,2128,Mithwal
Siddharth Nagar,Mithwal,Jeeva,2128,Mithwal
Siddharth Nagar,Mithwal,Chhitouna,2128,Mithwal
Siddharth Nagar,Mithwal,Hareya,2128,Mithwal
Siddharth Nagar,Mithwal,Bargdi,2128,Mithwal
Bijnaur,Noorpur,Ber,1580,Noorpur
Siddharth Nagar,Mithwal,Karmhiya,2128,Mithwal
Siddharth Nagar,Mithwal,Piparpatiya,2128,Mithwal
Siddharth Nagar,Mithwal,Kadsara,2128,Mithwal
Siddharth Nagar,Mithwal,Aasanhara,2128,Mithwal
Siddharth Nagar,Dumriaganj,Lalajot,2122,Domariyaganj
Siddharth Nagar,Dumriaganj,Tehnuhar Urf Kathautiya,2122,Domariyaganj
Siddharth Nagar,Dumriaganj,Babhni Mafi Rehra,2122,Domariyaganj
Siddharth Nagar,Dumriaganj,Majhuwakhas,2122,Domariyaganj
Siddharth Nagar,Dumriaganj,Rewah,2122,Domariyaganj
Siddharth Nagar,Dumriaganj,Parsaいまd,2122,Domariyaganj
Siddharth Nagar,Dumriaganj,Malhwar,2122,Domariyaganj
Siddharth Nagar,Dumriaganj,VanGawapdain,2122,Domariyaganj
Siddharth Nagar,Dumriaganj,Moodadiha,2122,Domariyaganj
Siddharth Nagar,Dumriaganj,Vangawanankar,2122,Domariyaganj
Siddharth Nagar,Dumriaganj,Shyampur,2122,Domariyaganj
Siddharth Nagar,Dumriaganj,Lohroli,2122,Domariyaganj
Siddharth Nagar,Dumriaganj,Jamlajot,2122,Domariyaganj
Siddharth Nagar,Dumriaganj,Jhaaranv,2122,Domariyaganj
Siddharth Nagar,Dumriaganj,Teliadih,2122,Domariyaganj
Siddharth Nagar,Dumriaganj,Vilvat,2122,Domariyaganj
Siddharth Nagar,Dumriaganj,Vevahusen,2122,Domariyaganj
Siddharth Nagar,Dumriaganj,Barhayabholanath,2122,Domariyaganj
Siddharth Nagar,Dumriaganj,Badhnichhap,2122,Domariyaganj
Siddharth Nagar,Dumriaganj,Sehrikhas,2122,Domariyaganj
Siddharth Nagar,Dumriaganj,Sirsia,2122,Domariyaganj
Siddharth Nagar,Dumriaganj,Dhaurharaurf Dharmpur,2122,Domariyaganj
Siddharth Nagar,Dumriaganj,Sekhuitaj,2122,Domariyaganj
Siddharth Nagar,Dumriaganj,Ahiraula,2122,Domariyaganj
Siddharth Nagar,Dumriaganj,Jhakoli,2122,Domariyaganj
Siddharth Nagar,Dumriaganj,Pokhrakangunngo,2122,Domariyaganj
Siddharth Nagar,Dumriaganj,Kathwatiya Alam,2122,Domariyaganj
Siddharth Nagar,Dumriaganj,Devaria,2122,Domariyaganj
Siddharth Nagar,Dumriaganj,Parsahusen,2122,Domariyaganj
Siddharth Nagar,Dumriaganj,Bharatbhari,2122,Domariyaganj
Siddharth Nagar,Dumriaganj,Sekhui,2122,Domariyaganj
Siddharth Nagar,Dumriaganj,Taraina,2122,Domariyaganj
Siddharth Nagar,Bhanwaapur,Ganwarya bu O,2120,Bhanwapur
Siddharth Nagar,Bhanwaapur,Patkauli Mafee,2120,Bhanwapur
Siddharth Nagar,Bhanwaapur,Bharauli,2120,Bhanwapur
Siddharth Nagar,Bhanwaapur,Madwa Prathappur,2120,Bhanwapur
Siddharth Nagar,Bhanwaapur,Haribandhanpur,2120,Bhanwapur
Siddharth Nagar,Bhanwaapur,Phoolpurraja,2120,Bhanwapur
Bijnaur,Kotwali,Babannan Sarai,1576,Kotwali
Siddharth Nagar,Bhanwaapur,Biskohar,2120,Bhanwapur
Siddharth Nagar,Bhanwaapur,Deghar,2120,Bhanwapur
Siddharth Nagar,Bhanwaapur,Sikautha,2120,Bhanwapur
Siddharth Nagar,Bhanwaapur,Vijoura,2120,Bhanwapur
Siddharth Nagar,Bhanwaapur,Safipur,2120,Bhanwapur
Siddharth Nagar,Bhanwaapur,Khamhariya,2120,Bhanwapur
Bijnaur,Kotwali,Sharufuddinn agar,1576,Kotwali
Siddharth Nagar,Bhanwaapur,pikaura,2120,Bhanwapur
Siddharth Nagar,Bhanwaapur,Semra Bankasia,2120,Bhanwapur
Siddharth Nagar,Bhanwaapur,Mahitnia Bu O,2120,Bhanwapur
Siddharth Nagar,Bhanwaapur,Beninagar,2120,Bhanwapur
Siddharth Nagar,Jogiya,Jhakoliya,2124,Jogia
Siddharth Nagar,Jogiya,Khetvalmishra,2124,Jogia
Siddharth Nagar,Jogiya,Kadjahava,2124,Jogia
Siddharth Nagar,Jogiya,Hadkoli,2124,Jogia
Siddharth Nagar,Jogiya,Kakrahee,2124,Jogia
Siddharth Nagar,Jogiya,Lakhanpar,2124,Jogia
Siddharth Nagar,Jogiya,Hareya,2124,Jogia
Siddharth Nagar,Jogiya,Gaighat,2124,Jogia
Siddharth Nagar,Wardpur No 09,Parsa,NA,NA
Siddharth Nagar,Wardpur No 10,Gaighat,NA,NA
Siddharth Nagar,Wardpur No 11,Agaya Khurd,NA,NA
Siddharth Nagar,Vardpur No. 12,Bajhaan,NA,NA
Siddharth Nagar,Wardpur No 13,Jamhuwa,NA,NA
Siddharth Nagar,Wardpur No 14,Bhagwanpur,NA,NA
Siddharth Nagar,Wardpur No 15,Mahdewa Kurmi,NA,NA
Siddharth Nagar,Wardpur No 16,Wardpur,NA,NA
Siddharth Nagar,Vardpur No. 17,Wardpur,NA,NA
Siddharth Nagar,Vardpur No. 18,Wardpur,NA,NA
Siddharth Nagar,Vardpur No. 19,Piprason,NA,NA
Siddharth Nagar,Wardpur No 20,Bharwaliya,NA,NA
Siddharth Nagar,Vardpur No. 21,Pakdi Urf Mudila,NA,NA
Siddharth Nagar,Vardpur No. 22,Booda,NA,NA
Siddharth Nagar,Wardpur No 23,Jhangti,NA,NA
Siddharth Nagar,Wardpur No 24,Khairati,NA,NA
Siddharth Nagar,Wardpur No 25,Semri,NA,NA
Siddharth Nagar,Vardpur No. 26,Baghi,NA,NA
Siddharth Nagar,Vardpur No. 27,Dulha Darmiani,NA,NA
Siddharth Nagar,Vardpur No. 28,Dulha Janubi,NA,NA
Siddharth Nagar,Wardpur No 29,Dulhasumali,NA,NA
Siddharth Nagar,Vardpur No. 30,Wardpur,NA,NA
Siddharth Nagar,Vardpur No. 31,Wardpur,NA,NA
Siddharth Nagar,Wardpur No 32,Wardpur,NA,NA
Siddharth Nagar,Wardpur No 33,Dulhakhurd,NA,NA
Siddharth Nagar,Vardpur No. 34,Wardpur,NA,NA
Siddharth Nagar,Wardpur No 35,Wardpur,NA,NA
Siddharth Nagar,Vardpur No. 36,Bargadi,NA,NA
Siddharth Nagar,Vardpur No. 37,Wardpur,NA,NA
Siddharth Nagar,Vardpur No. 38,Bargdi,NA,NA
Siddharth Nagar,Vardpur No. 39,Chakaijot,NA,NA
Siddharth Nagar,Wardpur No 40,Wardpur,NA,NA
Siddharth Nagar,Vardpur No. 41,Wardpur,NA,NA
Siddharth Nagar,Vardpur No. 42,Wardpur,NA,NA
Siddharth Nagar,Wardpur No 43,Wardpur,NA,NA
Siddharth Nagar,Naugadh,Bargadi,2129,Naugarh
Siddharth Nagar,Naugadh,Mahdeva Bu,2129,Naugarh
Siddharth Nagar,Naugadh,Kushbhouna,2129,Naugarh
Siddharth Nagar,Naugadh,Wardpur,2129,Naugarh
Siddharth Nagar,Naugadh,Bhim Par,2129,Naugarh
Siddharth Nagar,Naugadh,Tharoli,2129,Naugarh
Siddharth Nagar,Naugadh,Rehra,2129,Naugarh
Siddharth Nagar,Naugadh,Mahnaga,2129,Naugarh
Siddharth Nagar,Naugadh,Mudilla,2129,Naugarh
Siddharth Nagar,Naugadh,Madhukarpur,2129,Naugarh
Siddharth Nagar,Naugadh,Sadi,2129,Naugarh
Siddharth Nagar,Naugadh,Pipra Pandey,2129,Naugarh
Siddharth Nagar,Naugadh,Mahdeva,2129,Naugarh
Siddharth Nagar,Naugadh,Karauti,2129,Naugarh
Siddharth Nagar,UskaBazar,Parasamhapatra,2131,Uska Bazar
Siddharth Nagar,UskaBazar,Chokhar,2131,Uska Bazar
Bijnaur,Kotwali,Medpura Sultan,1576,Kotwali
Siddharth Nagar,Itwa,Vairia Khalsa,2123,Itwa
Siddharth Nagar,Itwa,Govindpur,2123,Itwa
Siddharth Nagar,Itwa,Kapia Lohti,2123,Itwa
Siddharth Nagar,Itwa,Pedari,2123,Itwa
Siddharth Nagar,Itwa,Sarpun,2123,Itwa
Siddharth Nagar,Itwa,Itwa,2123,Itwa
Siddharth Nagar,Itwa,Kamdalalpur,2123,Itwa
Siddharth Nagar,Itwa,Sirsia,2123,Itwa
Siddharth Nagar,Itwa,Vishnupur Saini,2123,Itwa
Siddharth Nagar,Itwa,Dufedeeya,2123,Itwa
Siddharth Nagar,Itwa,Hirkhas,2123,Itwa
Siddharth Nagar,Itwa,Masjidiya,2123,Itwa
Siddharth Nagar,Itwa,Piprapathan,2123,Itwa
Siddharth Nagar,Khuniyav,Karonda Khalsa,2126,Khuniyaon
Siddharth Nagar,Khuniyav,Khair,2126,Khuniyaon
Siddharth Nagar,Khuniyav,Bargadiha Purvi,2126,Khuniyaon
Siddharth Nagar,Khuniyav,Bargadi,2126,Khuniyaon
Siddharth Nagar,Khuniyav,Duwailtiwari,2126,Khuniyaon
Siddharth Nagar,Khuniyav,Sekhuiyabujuarg,2126,Khuniyaon
Siddharth Nagar,Khuniyav,Khardeuri,2126,Khuniyaon
Siddharth Nagar,Khuniyav,Ferenda,2126,Khuniyaon
Siddharth Nagar,Khuniyav,Karahiagosai,2126,Khuniyaon
Siddharth Nagar,Khuniyav,Dhobra Mu 0,2126,Khuniyaon
Siddharth Nagar,Khuniyav,Kalwarinankar,2126,Khuniyaon
Siddharth Nagar,Khuniyav,Pakdi Nandlal,2126,Khuniyaon
Siddharth Nagar,Khuniyav,Dhaurhara May Prasi Dix. B,2126,Khuniyaon
Siddharth Nagar,Khuniyav,Kaṭyā Mu 0,2126,Khuniyaon
Siddharth Nagar,Khuniyav,Mazarimal Mahal Mayohol,2126,Khuniyaon
Siddharth Nagar,Khuniyav,Bhangwa,2126,Khuniyaon
Siddharth Nagar,Khuniyav,Dufedeeya,2126,Khuniyaon
Siddharth Nagar,Shohratgarh,Chattari,2130,Shoharatgarh
Siddharth Nagar,Shohratgarh,Gadakul,2130,Shoharatgarh
Siddharth Nagar,Shohratgarh,Nividohni,2130,Shoharatgarh
Bijnaur,Kotwali,Karoundha Chaudhar,1576,Kotwali
Siddharth Nagar,Shohratgarh,Madarhna Uraf Datarpur,2130,Shoharatgarh
Siddharth Nagar,Shohratgarh,Neevimacdor,2130,Shoharatgarh
Siddharth Nagar,Shohratgarh,Suryaeuria,2130,Shoharatgarh
Siddharth Nagar,Badhni,Muzehana,2119,Barhni
Siddharth Nagar,Badhni,Chandwa,2119,Barhni
Siddharth Nagar,Badhni,Jiginihvaaa Uraf Dhanour,2119,Barhni
Siddharth Nagar,Badhni,VaragDawa,2119,Barhni
Siddharth Nagar,Badhni,Dhanoura Mu ०,2119,Barhni
Siddharth Nagar,Lotan Bazar,Khiri Diha,2127,Lotan
Bijnaur,Kotwali,Mohiuddinpur,1576,Kotwali
Sant Kabeer Nagar,Baghauli,Supa,2083,Baghauli
Sant Kabeer Nagar,Baghauli,Rasheda,2083,Baghauli
Sant Kabeer Nagar,Baghauli,Samada,2083,Baghauli
Sant Kabeer Nagar,Baghauli,Devapar,2083,Baghauli
Sant Kabeer Nagar,Baghauli,Kareli,2083,Baghauli
Sant Kabeer Nagar,Baghauli,Jaswal Bharwalia,2083,Baghauli
Sant Kabeer Nagar,Baghauli,Santoshpur,2083,Baghauli
Sant Kabeer Nagar,Baghauli,Udarsara,2083,Baghauli
Sant Kabeer Nagar,Baghauli,Juri,2083,Baghauli
Sant Kabeer Nagar,Baghauli,Boondipar,2083,Baghauli
Sant Kabeer Nagar,Baghauli,Kota Mansinh,2083,Baghauli
Bijnaur,Kotwali,Munauwarpur Sed,1576,Kotwali
Sant Kabeer Nagar,Baghauli,Bagh Nagar Urf Bakhira,2083,Baghauli
Sant Kabeer Nagar,Baghauli,Ledua Mahua,2083,Baghauli
Sant Kabeer Nagar,Baghauli,Medra Par,2083,Baghauli
Sant Kabeer Nagar,Baghauli,Tarkulwa,2083,Baghauli
Sant Kabeer Nagar,Baghauli,Vadhara,2083,Baghauli
Sant Kabeer Nagar,Baghauli,Amardobha,2083,Baghauli
Bijnaur,Kotwali,Alhaidadpur Khawaja,1576,Kotwali
Sant Kabeer Nagar,Semriyawa,Devariya Vijai,2091,Semariyawan
Bijnaur,Kotwali,Saidpuri Maheechand,1576,Kotwali
Sant Kabeer Nagar,Semriyawa,MADARPUR,2091,Semariyawan
Sant Kabeer Nagar,Semriyawa,Jatediyaha Dubauliya,2091,Semariyawan
Sant Kabeer Nagar,Semriyawa,Badhaiya Mafi,2091,Semariyawan
Sant Kabeer Nagar,Semriyawa,Mudadiha Beg,2091,Semariyawan
Sant Kabeer Nagar,Semriyawa,Garathwaliya,2091,Semariyawan
Sant Kabeer Nagar,Semriyawa,Tena Hari Soyam,2091,Semariyawan
Sant Kabeer Nagar,Semriyawa,Jagdishpur alias Lahura,2091,Semariyawan
Sant Kabeer Nagar,Semriyawa,Devariya Lal,2091,Semariyawan
Sant Kabeer Nagar,Nathnagar,Nagwa,2088,Nath Nagar
Sant Kabeer Nagar,Nathnagar,Onvilaee,2088,Nath Nagar
Sant Kabeer Nagar,Nathnagar,Sadhra,2088,Nath Nagar
Sant Kabeer Nagar,Nathnagar,Walhi,2088,Nath Nagar
Sant Kabeer Nagar,Nathnagar,Kadui,2088,Nath Nagar
Sant Kabeer Nagar,Nathnagar,Kursuri,2088,Nath Nagar
Bijnaur,Kotwali,Boorahavala,1576,Kotwali
Sant Kabeer Nagar,Nathnagar,Pidaree Poorvee,2088,Nath Nagar
Sant Kabeer Nagar,Nathnagar,Kadsara,2088,Nath Nagar
Sant Kabeer Nagar,Nathnagar,Bashiya,2088,Nath Nagar
Sant Kabeer Nagar,Nathnagar,Jasowar,2088,Nath Nagar
Sant Kabeer Nagar,Nathnagar,Sakrecha,2088,Nath Nagar
Sant Kabeer Nagar,Nathnagar,Bhagotipur,2088,Nath Nagar
Sant Kabeer Nagar,Nathnagar,Mahobra,2088,Nath Nagar
Sant Kabeer Nagar,Nathnagar,Chavariyon,2088,Nath Nagar
Bijnaur,Kotwali,Sahuwaala Gosaiwaala,1576,Kotwali
Bijnaur,Kotwali,Kaimanagara Dodhrajapura,1576,Kotwali
Bijnaur,Kotwali,Harvanshpur Dharam,1576,Kotwali
Sant Kabeer Nagar,Khalilabad,Mailani,2086,Khalilabad
Sant Kabeer Nagar,Khalilabad,Badgo,2086,Khalilabad
Sant Kabeer Nagar,Khalilabad,Sarauli,2086,Khalilabad
Sant Kabeer Nagar,Khalilabad,Patkhauli,2086,Khalilabad
Sant Kabeer Nagar,Khalilabad,Mishrauliya,2086,Khalilabad
Sant Kabeer Nagar,Khalilabad,Digha,2086,Khalilabad
Sant Kabeer Nagar,Khalilabad,Belwania,2086,Khalilabad
Sant Kabeer Nagar,Khalilabad,Dhaicha,2086,Khalilabad
Sant Kabeer Nagar,Khalilabad,Gauspur,2086,Khalilabad
Sant Kabeer Nagar,Khalilabad,Dudhra,2086,Khalilabad
Sant Kabeer Nagar,Khalilabad,Saraiya,2086,Khalilabad
Sant Kabeer Nagar,Khalilabad,Bhiura,2086,Khalilabad
Sant Kabeer Nagar,Khalilabad,Mahadeva,2086,Khalilabad
Sant Kabeer Nagar,Khalilabad,Bhorohiya,2086,Khalilabad
Sant Kabeer Nagar,Khalilabad,Gadsarpar,2086,Khalilabad
Sant Kabeer Nagar,Khalilabad,Sahasrawan Mafi,2086,Khalilabad
Sant Kabeer Nagar,Mehdawal,Banakasiyaa,2087,Mehdawal
Sant Kabeer Nagar,Mehdawal,Naungo,2087,Mehdawal
Sant Kabeer Nagar,Mehdawal,Kusouna Kala,2087,Mehdawal
Sant Kabeer Nagar,Mehdawal,Visoua,2087,Mehdawal
Sant Kabeer Nagar,Mehdawal,Kanti,2087,Mehdawal
Sant Kabeer Nagar,Mehdawal,Naudari,2087,Mehdawal
Sant Kabeer Nagar,Mehdawal,Amardobha,2087,Mehdawal
Bijnaur,Afzalgarah,Mau 0 Pur Rajouri,1570,Afzalgarh
Sant Kabeer Nagar,Mehdawal,Belwanwa,2087,Mehdawal
Sant Kabeer Nagar,Mehdawal,Dhaulrapar,2087,Mehdawal
Sant Kabeer Nagar,Mehdawal,Sier,2087,Mehdawal
Sant Kabeer Nagar,Mehdawal,Gagnai Raaw,2087,Mehdawal
Sant Kabeer Nagar,Mehdawal,Tulsipur,2087,Mehdawal
Sant Kabeer Nagar,Mehdawal,Bharwaliya Pandey,2087,Mehdawal
Sant Kabeer Nagar,Mehdawal,Barakhal,2087,Mehdawal
Sant Kabeer Nagar,Mehdawal,Gagnai Babu,2087,Mehdawal
Sant Kabeer Nagar,Sautha,Sewaijepar,2090,Santha
Sant Kabeer Nagar,Sautha,Gauri Rai,2090,Santha
Sant Kabeer Nagar,Sautha,Dharamsinhwa,2090,Santha
Sant Kabeer Nagar,Sautha,Badhiya,2090,Santha
Sant Kabeer Nagar,Sautha,Sikri,2090,Santha
Sant Kabeer Nagar,Sautha,Chibira,2090,Santha
Sant Kabeer Nagar,Sautha,Manpur Mafi,2090,Santha
Sant Kabeer Nagar,Sautha,Phulwariyā,2090,Santha
Sant Kabeer Nagar,Sautha,Koi भार,2090,Santha
Sant Kabeer Nagar,Sautha,Ramwāpur Mishr,2090,Santha
Sant Kabeer Nagar,Pauli,Gaurdih,2089,Pauli
Sant Kabeer Nagar,Pauli,Nihela,2089,Pauli
Sant Kabeer Nagar,Pauli,Ajaaw,2089,Pauli
Sant Kabeer Nagar,Pauli,Kurwa,2089,Pauli
Sant Kabeer Nagar,Pauli,Kewsiaya,2089,Pauli
Bijnaur,Afzalgarah,Harpur,1570,Afzalgarh
Sant Kabeer Nagar,Belhar Kala,Parsi Gunvariya,2084,Belhar Kala
Sant Kabeer Nagar,Belhar Kala,Belhar Kala,2084,Belhar Kala
Sant Kabeer Nagar,Belhar Kala,Belhar Khurd,2084,Belhar Kala
Sant Kabeer Nagar,Belhar Kala,Jungle Dashahar,2084,Belhar Kala
Bijnaur,Afzalgarah,Aanandpur,1570,Afzalgarh
Gorakhpur,Uruvaon,Amodha,1769,Uruwa
Gorakhpur,Uruvaon,Chachairam,1769,Uruwa
Gorakhpur,Uruvaon,Pachouha,1769,Uruwa
Gorakhpur,Uruvaon,Nakaujha,1769,Uruwa
Gorakhpur,Uruvaon,Uruwa,1769,Uruwa
Gorakhpur,Uruvaon,Viri Bu,1769,Uruwa
Gorakhpur,Uruvaon,Marwatia,1769,Uruwa
Gorakhpur,Uruvaon,Bandh Bu 0,1769,Uruwa
Gorakhpur,Uruvaon,Bankat,1769,Uruwa
Gorakhpur,Uruvaon,Kotowaa,1769,Uruwa
Gorakhpur,Uruvaon,Ahiroli Bu. 0,1769,Uruwa
Gorakhpur,Uruvaon,Imli Deeh,1769,Uruwa
Gorakhpur,Uruvaon,Devra Bu O,1769,Uruwa
Gorakhpur,Uruvaon,Harredad,1769,Uruwa
Gorakhpur,Uruvaon,Dhegri,1769,Uruwa
Gorakhpur,Uruvaon,Israuli,1769,Uruwa
Gorakhpur,Uruvaon,Bhaadaar Khaas,1769,Uruwa
Gorakhpur,Uruvaon,Varipur,1769,Uruwa
Gorakhpur,Uruvaon,Lakhu Buzurg,1769,Uruwa
Gorakhpur,Uruvaon,Suti,1769,Uruwa
Gorakhpur,Brahmpur,Hareya,1755,Brahmpur
Gorakhpur,Brahmpur,Kaithwaliya,1755,Brahmpur
Gorakhpur,Brahmpur,Parsauni,1755,Brahmpur
Gorakhpur,Brahmpur,Vasuhi Gaursaera,1755,Brahmpur
Gorakhpur,Brahmpur,Mathiya,1755,Brahmpur
Gorakhpur,Brahmpur,Nauwaawaari,1755,Brahmpur
Bijnaur,Afzalgarah,Dehla wala,1570,Afzalgarh
Gorakhpur,Brahmpur,Grameen Panchayat Itaowa,1755,Brahmpur
Gorakhpur,Brahmpur,Jungle Rasoolpur No-,1755,Brahmpur
Gorakhpur,J. O. Kauriya,Bhambhour,1760,Jangal Kaudia
Gorakhpur,J. O. Kauriya,Budheli,1760,Jangal Kaudia
Gorakhpur,J. O. Kauriya,Vistaooli,1760,Jangal Kaudia
Gorakhpur,J. O. Kauriya,Mangalpur,1760,Jangal Kaudia
Gorakhpur,J. O. Kauriya,Sarhari,1760,Jangal Kaudia
Gorakhpur,J. O. Kauriya,Lakshmipur,1760,Jangal Kaudia
Gorakhpur,J. O. Kauriya,Badhni,1760,Jangal Kaudia
Gorakhpur,J. O. Kauriya,Nayansar,1760,Jangal Kaudia
Gorakhpur,J. O. Kauriya,Ramwapur,1760,Jangal Kaudia
Gorakhpur,J. O. Kauriya,Tighara,1760,Jangal Kaudia
Gorakhpur,J. O. Kauriya,Bhorohiya,1760,Jangal Kaudia
Gorakhpur,J. O. Kauriya,Rampur Kaithvalia,1760,Jangal Kaudia
Gorakhpur,J. O. Kauriya,Niba,1760,Jangal Kaudia
Gorakhpur,J. O. Kauriya,Kolhua,1760,Jangal Kaudia
Gorakhpur,J. O. Kauriya,Harpur,1760,Jangal Kaudia
Gorakhpur,J. O. Kauriya,Gopalapur,1760,Jangal Kaudia
Gorakhpur,J. O. Kauriya,Nūruddīn Cak,1760,Jangal Kaudia
Gorakhpur,J. O. Kauriya,Rakhukhor,1760,Jangal Kaudia
Gorakhpur,J. O. Kauriya,Jagdishpur,1760,Jangal Kaudia
Gorakhpur,J. O. Kauriya,Fardahni,1760,Jangal Kaudia
Gorakhpur,J. O. Kauriya,Hadkhore,1760,Jangal Kaudia
Gorakhpur,J. O. Kauriya,Majhauna,1760,Jangal Kaudia
Gorakhpur,J. O. Kauriya,Waan,1760,Jangal Kaudia
Gorakhpur,J. O. Kauriya,Chauk Mafi,1760,Jangal Kaudia
Gorakhpur,J. O. Kauriya,Badhiya,1760,Jangal Kaudia
Gorakhpur,J. O. Kauriya,Kartahri,1760,Jangal Kaudia
Gorakhpur,J. O. Kauriya,Sakhi,1760,Jangal Kaudia
Gorakhpur,J. O. Kauriya,Rajabari,1760,Jangal Kaudia
Gorakhpur,J. O. Kauriya,Waarahapaatii,1760,Jangal Kaudia
Gorakhpur,J. O. Kauriya,Turk Valia,1760,Jangal Kaudia
Gorakhpur,J. O. Kauriya,Gosaiur alias Jinda,1760,Jangal Kaudia
Gorakhpur,Pipraich,Sidhawal,1765,Pipraich
Gorakhpur,Pipraich,Rihiya,1765,Pipraich
Gorakhpur,Pipraich,MudeRi Garhwa,1765,Pipraich
Gorakhpur,Pipraich,Harkhapur,1765,Pipraich
Gorakhpur,Pipraich,Pipra Mugalan,1765,Pipraich
Bijnaur,Afzalgarah,hareweli,1570,Afzalgarh
Gorakhpur,Pipraich,Mahmudabad,1765,Pipraich
Gorakhpur,Pipraich,Unoladoyam,1765,Pipraich
Gorakhpur,Pipraich,Iмилия Urf Vijhara,1765,Pipraich
Bijnaur,Afzalgarah,Harewala,1570,Afzalgarh
Gorakhpur,Pipraich,Bela,1765,Pipraich
Gorakhpur,Pipraich,Harpur,1765,Pipraich
Gorakhpur,Gagaha,GaDDhee,1758,Gagaha
Gorakhpur,Gagaha,Pur,1758,Gagaha
Gorakhpur,Gagaha,Varaval Ishwari Prasad,1758,Gagaha
Gorakhpur,Gagaha,Hatwa,1758,Gagaha
Gorakhpur,Gagaha,Jivakar,1758,Gagaha
Gorakhpur,Gagaha,Lahi Daudi,1758,Gagaha
Gorakhpur,Gagaha,Ghodaswan,1758,Gagaha
Gorakhpur,Gagaha,Chakmali alias Bithua,1758,Gagaha
Gorakhpur,Gagaha,Paandeypaar urf DaDDvaa,1758,Gagaha
Gorakhpur,Gagaha,Bhiti Sammay Than,1758,Gagaha
Gorakhpur,Gagaha,Badila,1758,Gagaha
Gorakhpur,Pali,Bhorohiya,1764,Pali
Gorakhpur,Pali,Bhuvashaheed,1764,Pali
Gorakhpur,Pali,Ghaghsara,1764,Pali
Gorakhpur,Pali,Manzhariya,1764,Pali
Gorakhpur,Pali,Visri,1764,Pali
Gorakhpur,Pali,Jagdishpur Gahi,1764,Pali
Gorakhpur,Pali,Tharuapar,1764,Pali
Gorakhpur,Pali,Bijowa,1764,Pali
Gorakhpur,Pali,Panika,1764,Pali
Gorakhpur,Pali,charraw,1764,Pali
Gorakhpur,Pali,Dumri,1764,Pali
Gorakhpur,Pali,Govindpur Dwitiya,1764,Pali
Gorakhpur,Chargaawon,Gulariha,1757,Chargawan
Gorakhpur,Chargaawon,Murila Urf Mudera,1757,Chargawan
Gorakhpur,Chargaawon,Harisevak Pur N-,1757,Chargawan
Gorakhpur,Chargaawon,Amwa,1757,Chargawan
Gorakhpur,Chargaawon,Karamaha,1757,Chargawan
Gorakhpur,Chargaawon,Jan Hakeem No.,1757,Chargawan
Gorakhpur,Chargaawon,Jungle Dhusan,1757,Chargawan
Gorakhpur,Chargaawon,Jagal Bahadur Ali,1757,Chargawan
Gorakhpur,Chargaawon,Nūruddīn Cak,1757,Chargawan
Gorakhpur,Chargaawon,J 0 Nandlal Singh,1757,Chargawan
Gorakhpur,Gola,NeebeeDoobe,1759,Gola
Gorakhpur,Gola,Barhaj,1759,Gola
Gorakhpur,Gola,Ranipur,1759,Gola
Gorakhpur,Gola,Ataraura,1759,Gola
Gorakhpur,Gola,Godasari,1759,Gola
Gorakhpur,Gola,Vankata,1759,Gola
Gorakhpur,Gola,Visra,1759,Gola
Gorakhpur,Gola,Mannipur,1759,Gola
Gorakhpur,Gola,Bewari,1759,Gola
Gorakhpur,Gola,Bhadsada,1759,Gola
Gorakhpur,Gola,Suaraz Buzurg,1759,Gola
Gorakhpur,Gola,Ahiroli Pratham,1759,Gola
Gorakhpur,Gola,Ghora Lotan,1759,Gola
Gorakhpur,Gola,Gaje Gadha,1759,Gola
Gorakhpur,Gola,Parsiya Rawat,1759,Gola
Gorakhpur,Gola,Vanwapar,1759,Gola
Gorakhpur,Gola,Gopalpur,1759,Gola
Gorakhpur,Gola,Devkali,1759,Gola
Gorakhpur,Barhalganj,Mazhwaliya,1752,Barhalganj
Gorakhpur,Barhalganj,Khutbhar,1752,Barhalganj
Gorakhpur,Barhalganj,Weily,1752,Barhalganj
Gorakhpur,Barhalganj,Mahal Jalqar,1752,Barhalganj
Gorakhpur,Khorabaar,Khorawar,1763,Khorabar
Gorakhpur,Khorabaar,Jungle Sikri,1763,Khorabar
Gorakhpur,Khorabaar,Jungle Ramgarh urf Chav,1763,Khorabar
Gorakhpur,Khorabaar,Jungle Ram Lakhna,1763,Khorabar
Gorakhpur,Khorabaar,Pochiya Brihaspati Sthan,1763,Khorabar
Gorakhpur,Khorabaar,Siktaur,1763,Khorabar
Gorakhpur,Khorabaar,Dumri,1763,Khorabar
Gorakhpur,Khorabaar,Sahukoil alias Mirza,1763,Khorabar
Gorakhpur,Khorabaar,Koni,1763,Khorabar
Gorakhpur,Khorabaar,Jn Ayodhya Prasad,1763,Khorabar
Gorakhpur,Khorabaar,Badgo,1763,Khorabar
Gorakhpur,Khorabaar,Jhadwa,1763,Khorabar
Gorakhpur,Khorabaar,Semra Devi Prasad,1763,Khorabar
Gorakhpur,Khorabaar,Kazakpur,1763,Khorabar
Gorakhpur,Khorabaar,Gayghat Bujurg,1763,Khorabar
Gorakhpur,Khorabaar,Bharwaliya Bujurg,1763,Khorabar
Gorakhpur,Belghat,Sindhora,1753,Belghat
Gorakhpur,Belghat,Mirpur,1753,Belghat
Gorakhpur,Belghat,Wasai,1753,Belghat
Gorakhpur,Belghat,Kunavpar,1753,Belghat
Gorakhpur,Belghat,Raipur,1753,Belghat
Gorakhpur,Sardarnagar,Bashiya,1768,Sardarnagar
Gorakhpur,Sardarnagar,Balkhurd,1768,Sardarnagar
Gorakhpur,Sardarnagar,Bhopabazar,1768,Sardarnagar
Gorakhpur,Sardarnagar,Baal Bujurg,1768,Sardarnagar
Gorakhpur,Sardarnagar,Chaura,1768,Sardarnagar
Gorakhpur,Sardarnagar,Raghavpur,1768,Sardarnagar
Gorakhpur,Sardarnagar,Varhi,1768,Sardarnagar
Gorakhpur,Sardarnagar,Bhowapar,1768,Sardarnagar
Gorakhpur,Sardarnagar,Rautenia Sardar,1768,Sardarnagar
Gorakhpur,Sardarnagar,Bhagwanpur,1768,Sardarnagar
Gorakhpur,Piparoli,Bano,1766,Piprauli
Gorakhpur,Piparoli,Defra,1766,Piprauli
Gorakhpur,Piparoli,Jungle Ekhlas Kuwar,1766,Piprauli
Gorakhpur,Piparoli,Hareya,1766,Piprauli
Gorakhpur,Piparoli,Sier,1766,Piprauli
Gorakhpur,Piparoli,Baadha Gaada,1766,Piprauli
Gorakhpur,Piparoli,Pipiri,1766,Piprauli
Gorakhpur,Piparoli,Valuigada,1766,Piprauli
Gorakhpur,Piparoli,Koriya,1766,Piprauli
Gorakhpur,Piparoli,Saraiya Sathipur,1766,Piprauli
Gorakhpur,Khajni,Dauro,1762,Khajni
Gorakhpur,Khajni,Sahsi,1762,Khajni
Saharanpur,Nakud,Mallaha Mazra,2077,Nakur
Gorakhpur,Khajni,Gadeena,1762,Khajni
Gorakhpur,Khajni,Devradatula,1762,Khajni
Gorakhpur,Khajni,Jaypalpar Bag,1762,Khajni
Gorakhpur,Bosagaon,Kaswa Sangrampur,1751,Bansgaon
Gorakhpur,Bosagaon,Kohtaroop,1751,Bansgaon
Gorakhpur,Bosagaon,Jigina Bhianv,1751,Bansgaon
Gorakhpur,Bosagaon,Jungle Saraya Belwariya,1751,Bansgaon
Gorakhpur,Bosagaon,Tadva,1751,Bansgaon
Gorakhpur,Bosagaon,Tier,1751,Bansgaon
Gorakhpur,Bosagaon,Laahidadi,1751,Bansgaon
Gorakhpur,Bosagaon,Gorsahira,1751,Bansgaon
Gorakhpur,Bosagaon,Tekwar,1751,Bansgaon
Gorakhpur,Kauriram,Vistoli Khurd,1761,Kauri Ram
Gorakhpur,Kauriram,Devkali Buzurg,1761,Kauri Ram
Gorakhpur,Kauriram,Hareya,1761,Kauri Ram
Gorakhpur,Kauriram,Newara,1761,Kauri Ram
Gorakhpur,Kauriram,Rudain alias Mazhrava,1761,Kauri Ram
Gorakhpur,Kauriram,Rautpur,1761,Kauri Ram
Gorakhpur,Kauriram,Tiker,1761,Kauri Ram
Gorakhpur,Kauriram,Vastupar,1761,Kauri Ram
Gorakhpur,Kauriram,Sonai,1761,Kauri Ram
Gorakhpur,Kauriram,Malaoili,1761,Kauri Ram
Maharajganj,Paniyara,Badwaar,1934,Paniyara
Maharajganj,Paniyara,Jardia,1934,Paniyara
Maharajganj,Paniyara,Tenduyahiya,1934,Paniyara
Maharajganj,Paniyara,Suchitpur,1934,Paniyara
Maharajganj,Paniyara,Badharalala,1934,Paniyara
Maharajganj,Paniyara,Auriya,1934,Paniyara
Maharajganj,Paniyara,Hemchapar,1934,Paniyara
Maharajganj,Paniyara,Paniyara,1934,Paniyara
Maharajganj,Paniyara,Basdila,1934,Paniyara
Maharajganj,Partawal,Amwa,1935,Partawal
Maharajganj,Partawal,Kudwa / Mudkatia,1935,Partawal
Maharajganj,Partawal,Chhathiram,1935,Partawal
Maharajganj,Partawal,Dhanga,1935,Partawal
Maharajganj,Partawal,Partawal,1935,Partawal
Maharajganj,Partawal,Parsabujurg,1935,Partawal
Maharajganj,Partawal,Mahmadha,1935,Partawal
Maharajganj,Partawal,Mohdadeenpurbankatia,1935,Partawal
Maharajganj,Ghughli,PurainKhandi Chowra,1928,Ghughli
Maharajganj,Ghughli,Laskhmipur Mahnath,1928,Ghughli
Maharajganj,Ghughli,Dhangadhi Muderhi,1928,Ghughli
Maharajganj,Ghughli,Karamhi Dharampur,1928,Ghughli
Maharajganj,Ghughli,Pacharukhiya Kisunpur,1928,Ghughli
Maharajganj,Ghughli,Bhaisi Parsiya,1928,Ghughli
Maharajganj,Ghughli,Kotwa Vishwanathpur,1928,Ghughli
Maharajganj,Ghughli,Bhuaani Chuaani,1928,Ghughli
Maharajganj,Ghughli,Tredha,1928,Ghughli
Maharajganj,Ghughli,Ahirouli Vishnuppur Dha,1928,Ghughli
Maharajganj,Maharajganj Sadar,Badhara,1930,Mahrajganj
Maharajganj,Maharajganj Sadar,Piparababu,1930,Mahrajganj
Maharajganj,Maharajganj Sadar,Amrutiya,1930,Mahrajganj
Maharajganj,Maharajganj Sadar,Mahuawaa,1930,Mahrajganj
Maharajganj,Maharajganj Sadar,Chauperia,1930,Mahrajganj
Maharajganj,Mithoura,Naksa Baksa,1931,Mithaura
Bijnaur,Kiratpur,Kumhaida,1575,Kiratpur
Maharajganj,Mithoura,Morwan,1931,Mithaura
Maharajganj,Mithoura,Sihulii Parsaa,1931,Mithaura
Maharajganj,Mithoura,Vishwanathpur Padwaniya,1931,Mithaura
Maharajganj,Mithoura,Bargadhi Basantnath,1931,Mithaura
Maharajganj,Mithoura,Obri,1931,Mithaura
Maharajganj,Mithoura,Pipariya Gurugobindara,1931,Mithaura
Maharajganj,Mithoura,Chowk,1931,Mithaura
Maharajganj,Mithoura,Dharampur,1931,Mithaura
Maharajganj,Siswa Bazar,Beejapar,1937,Siswa
Maharajganj,Siswa Bazar,Khesarari,1937,Siswa
Maharajganj,Siswa Bazar,Sabiya,1937,Siswa
Maharajganj,Siswa Bazar,Siswa Khurd,1937,Siswa
Maharajganj,Siswa Bazar,Baijnathpur,1937,Siswa
Maharajganj,Siswa Bazar,Gauri,1937,Siswa
Maharajganj,Siswa Bazar,Raipur,1937,Siswa
Maharajganj,Siswa Bazar,Siswa Bujurg,1937,Siswa
Bijnaur,Kiratpur,Shahlipr A,1575,Kiratpur
Maharajganj,Siswa Bazar,Belwa,1937,Siswa
Maharajganj,Siswa Bazar,Dhadouli,1937,Siswa
Bijnaur,Kiratpur,Samachandpur Kesho,1575,Kiratpur
Maharajganj,Siswa Bazar,Badhaipurwa alias Gauri,1937,Siswa
Maharajganj,Siswa Bazar,Mehdia,1937,Siswa
Maharajganj,Siswa Bazar,Pipariya,1937,Siswa
Maharajganj,Nichlaul,Jharwalia,1933,Nichlaul
Maharajganj,Nichlaul,Odwalia,1933,Nichlaul
Maharajganj,Nichlaul,Khesarahaa Shikaarapur,1933,Nichlaul
Maharajganj,Nichlaul,Budhadeh,1933,Nichlaul
Maharajganj,Nichlaul,Baitwalia,1933,Nichlaul
Maharajganj,Nichlaul,Amada Urph Jhulanipur,1933,Nichlaul
Maharajganj,Nichlaul,Kanmiswa,1933,Nichlaul
Maharajganj,Nichlaul,Badaya Bhotiyahi,1933,Nichlaul
Maharajganj,Nichlaul,Gurlirmagadhwa,1933,Nichlaul
Maharajganj,Nichlaul,Lodahiya,1933,Nichlaul
Maharajganj,Nichlaul,Bedodi,1933,Nichlaul
Maharajganj,Nautanwa,Paisya Babu,1932,Nautanwa
Maharajganj,Nautanwa,Dhaurhara,1932,Nautanwa
Maharajganj,Nautanwa,Sukaroli,1932,Nautanwa
Maharajganj,Nautanwa,Kunserva,1932,Nautanwa
Maharajganj,Nautanwa,Jugoli,1932,Nautanwa
Maharajganj,Nautanwa,Nauniya,1932,Nautanwa
Maharajganj,Nautanwa,Vrilokpur,1932,Nautanwa
Maharajganj,Nautanwa,Asureyna,1932,Nautanwa
Maharajganj,Nautanwa,Ramgarhwa,1932,Nautanwa
Maharajganj,Nautanwa,Sheeshgadh,1932,Nautanwa
Maharajganj,Lakshmipur,Lakshmipur Kaithwalia,1929,Lakshmipur
Maharajganj,Lakshmipur,Ekasadwa,1929,Lakshmipur
Maharajganj,Lakshmipur,Malhnifulvaria,1929,Lakshmipur
Maharajganj,Lakshmipur,Tedi,1929,Lakshmipur
Maharajganj,Lakshmipur,Kataikot urf Madrah,1929,Lakshmipur
Maharajganj,Ferenda,Ferendakhurd,1936,Pharenda
Maharajganj,Ferenda,Mahdeva Buzurg,1936,Pharenda
Maharajganj,Ferenda,Ganeshpur,1936,Pharenda
Maharajganj,Ferenda,Jungle Jogiyabari,1936,Pharenda
Maharajganj,Ferenda,Parsa Mahanth,1936,Pharenda
Maharajganj,Ferenda,Lejar Mahdeva,1936,Pharenda
Maharajganj,Ferenda,Mahadev Dube,1936,Pharenda
Bijnaur,Kiratpur,Sinkri,1575,Kiratpur
Maharajganj,Ferenda,Semra Maharajganj,1936,Pharenda
Maharajganj,Ferenda,Mahua Urf Mahuee,1936,Pharenda
Maharajganj,Ferenda,Badehra Kanhai,1936,Pharenda
Maharajganj,Ferenda,Farenda Buzurg,1936,Pharenda
Maharajganj,Ferenda,Bhagwantnagar Parsiya,1936,Pharenda
Maharajganj,Brajamangnaj,Mahulani,1926,Bridgemanganj
Maharajganj,Brajamangnaj,Fulmanuha,1926,Bridgemanganj
Maharajganj,Brajamangnaj,Mainhwa,1926,Bridgemanganj
Maharajganj,Brajamangnaj,Paraskhand,1926,Bridgemanganj
Maharajganj,Brajamangnaj,Dharaiichi,1926,Bridgemanganj
Maharajganj,Brajamangnaj,Badhrai Indra Dutt,1926,Bridgemanganj
Bijnaur,Mau Pur Devmal,Kajiwala,1577,Mohammedpur Deomal
Maharajganj,Dhani,Ghivpeed,1927,Dhani
Kushinagar,Padrauna,Jan 0 Pacharukhiya,1899,Padrauna
Kushinagar,Padrauna,Sidhua Mishroli,1899,Padrauna
Kushinagar,Padrauna,Parsoni Kala,1899,Padrauna
Kushinagar,Padrauna,Jan 0 Noniya Patti,1899,Padrauna
Kushinagar,Padrauna,jan. 0 kharkiya,1899,Padrauna
Kushinagar,Padrauna,Jn 0 Kuramol,1899,Padrauna
Kushinagar,Padrauna,Jan 0 Wakulha,1899,Padrauna
Kushinagar,Padrauna,Bandhuchhapara,1899,Padrauna
Kushinagar,Padrauna,Pagra Vu O,1899,Padrauna
Kushinagar,Padrauna,Maghi Vishunpura,1899,Padrauna
Kushinagar,Padrauna,Vohorapur,1899,Padrauna
Kushinagar,Padrauna,Rahsuk Hudra,1899,Padrauna
Bijnaur,Mau Pur Devmal,Mau  Pur Mandawali,1577,Mohammedpur Deomal
Kushinagar,Padrauna,Baraakala,1899,Padrauna
Kushinagar,Padrauna,Bhagra Piparasi,1899,Padrauna
Kushinagar,Sewarhi,Khairatia,1901,Seorahi
Kushinagar,Sewarhi,Rampur Bagra,1901,Seorahi
Kushinagar,Sewarhi,Waalkhaas,1901,Seorahi
Kushinagar,Sewarhi,Jabhi Malhi,1901,Seorahi
Bijnaur,Mau Pur Devmal,Mau Pur Devmal,1577,Mohammedpur Deomal
Kushinagar,Sewarhi,Firozja,1901,Seorahi
Kushinagar,Sewarhi,Ghagwajagdish,1901,Seorahi
Kushinagar,Sewarhi,Pipramustkil Agarv,1901,Seorahi
Kushinagar,Sewarhi,Pakdia Purbapatti,1901,Seorahi
Bijnaur,Mau Pur Devmal,Mau 0 Pur Sujan,1577,Mohammedpur Deomal
Kushinagar,Sewarhi,Sewarhi,1901,Seorahi
Kushinagar,Sewarhi,Hariharpur,1901,Seorahi
Kushinagar,Sewarhi,Tarayalakshmirama,1901,Seorahi
Kushinagar,Kasaya,Sapaha,1895,Kasaya
Kushinagar,Kasaya,Pipra,1895,Kasaya
Kushinagar,Kasaya,Madanpur,1895,Kasaya
Kushinagar,Kasaya,Narkatia Bujurg,1895,Kasaya
Kushinagar,Kasaya,Ekadera,1895,Kasaya
Kushinagar,Kasaya,Parsauni khurd,1895,Kasaya
Kushinagar,Kasaya,DIGHWA BUJURG,1895,Kasaya
Kushinagar,Kasaya,Parsoni Mukandha,1895,Kasaya
Kushinagar,Kasaya,Mathouli,1895,Kasaya
Kushinagar,Kasaya,Bhaluhima Dari Patti,1895,Kasaya
Kushinagar,Kasaya,Semradhusi,1895,Kasaya
Kushinagar,Kasaya,Kanakhoriya,1895,Kasaya
Kushinagar,Kasaya,Belwa Ramjas,1895,Kasaya
Kushinagar,Kasaya,Velva Durgarray,1895,Kasaya
Kushinagar,Kasaya,Khorabar,1895,Kasaya
Kushinagar,Kasaya,Narkatia Khurd,1895,Kasaya
Kushinagar,Kasaya,Shahpur,1895,Kasaya
Kushinagar,Kasaya,Kuramauta,1895,Kasaya
Kushinagar,Kasaya,Digwa Khurd,1895,Kasaya
Kushinagar,Kasaya,Jhugwan,1895,Kasaya
Kushinagar,Kasaya,Aniruddhwaan,1895,Kasaya
Kushinagar,Kasaya,Dumri,1895,Kasaya
Kushinagar,Kasaya,Siswaan,1895,Kasaya
Kushinagar,Kasaya,Velwa Palakadhari,1895,Kasaya
Kushinagar,Kasaya,Tetariya,1895,Kasaya
Kushinagar,Kasaya,Sabiya,1895,Kasaya
Kushinagar,Kasaya,Gopalmad,1895,Kasaya
Kushinagar,Kasaya,Barwa Jungle,1895,Kasaya
Kushinagar,Kasaya,Kurwa,1895,Kasaya
Kushinagar,Kasaya,Karmauni Premvalia,1895,Kasaya
Kushinagar,Kasaya,Dhanhan aka Malludih,1895,Kasaya
Kushinagar,Kasaya,Mudera Ratan Patti,1895,Kasaya
Kushinagar,Kasaya,Khedni,1895,Kasaya
Kushinagar,Kasaya,Dumri Pakwainaar,1895,Kasaya
Kushinagar,Kasaya,Sirsia,1895,Kasaya
Kushinagar,Hata,Char gahan,1893,Hata
Bijnaur,Mau Pur Devmal,Gajalpur,1577,Mohammedpur Deomal
Kushinagar,Hata,Sohasamathia,1893,Hata
Kushinagar,Hata,Badilimahuwaa,1893,Hata
Saharanpur,Nakud,Sirsaka,2077,Nakur
Kushinagar,Hata,Parasakhaar,1893,Hata
Kushinagar,Hata,Gaunar,1893,Hata
Kushinagar,Hata,Deoria Dehat,1893,Hata
Kushinagar,Hata,Radhia Deoria,1893,Hata
Kushinagar,Hata,Muzhanna Rahim,1893,Hata
Kushinagar,Hata,Mahadev Chhapra,1893,Hata
Kushinagar,Hata,Pagra,1893,Hata
Kushinagar,Hata,Dharmoli,1893,Hata
Kushinagar,Hata,Barwa Khurd,1893,Hata
Kushinagar,Hata,BATRAULI,1893,Hata
Kushinagar,Hata,Muzaffarnagar,1893,Hata
Kushinagar,Hata,Sahabazpur,1893,Hata
Kushinagar,Hata,Piparhi Bhadkulwa,1893,Hata
Kushinagar,Hata,Ahiroli Tulsidas,1893,Hata
Kushinagar,Hata,Arjun Dumri,1893,Hata
Kushinagar,Hata,Baghnath,1893,Hata
Kushinagar,Hata,Tharuwadih,1893,Hata
Kushinagar,Hata,Gopalpur,1893,Hata
Kushinagar,Hata,Patna Mishrauli,1893,Hata
Kushinagar,Hata,Patni,1893,Hata
Kushinagar,Hata,Paikauli,1893,Hata
Kushinagar,Hata,Pipara Kapoor,1893,Hata
Kushinagar,Hata,Mahuwawa Masjidia,1893,Hata
Kushinagar,Hata,Rampur mISHri,1893,Hata
Kushinagar,Hata,Ḍhāḍhā Bujurg,1893,Hata
Kushinagar,Hata,Dhaadha Khurd,1893,Hata
Kushinagar,Hata,Pipratiwari,1893,Hata
Bijnaur,Mau Pur Devmal,Mohideenpur,1577,Mohammedpur Deomal
Kushinagar,Hata,Rampur Maharath,1893,Hata
Kushinagar,Moti Chak,Farhada,1897,Motichak
Kushinagar,Moti Chak,Lohepar,1897,Motichak
Kushinagar,Moti Chak,Mathouli,1897,Motichak
Kushinagar,Moti Chak,Bahua,1897,Motichak
Kushinagar,Moti Chak,TelagaaNv,1897,Motichak
Kushinagar,Moti Chak,Ajiiganagar,1897,Motichak
Kushinagar,Moti Chak,Sirsia,1897,Motichak
Kushinagar,Moti Chak,Pakri Madarha,1897,Motichak
Kushinagar,Moti Chak,Mu 0 J 0 Sikatiya,1897,Motichak
Kushinagar,Ramkola,Dhuatikar,1900,Ramkola
Kushinagar,Ramkola,Vaairiya,1900,Ramkola
Kushinagar,Ramkola,Morwan,1900,Ramkola
Kushinagar,Ramkola,Devariyababu,1900,Ramkola
Bijnaur,Mau Pur Devmal,Tip,1577,Mohammedpur Deomal
Kushinagar,Ramkola,Motipakad,1900,Ramkola
Kushinagar,Ramkola,Dhanaujikhas,1900,Ramkola
Kushinagar,Ramkola,Amwa Bazaar,1900,Ramkola
Bijnaur,Mau Pur Devmal,Khudahedi,1577,Mohammedpur Deomal
Kushinagar,Ramkola,Pakribanthir,1900,Ramkola
Kushinagar,Ramkola,Senramal Chappa,1900,Ramkola
Kushinagar,Ramkola,Kusumhi,1900,Ramkola
Kushinagar,Ramkola,Indrasenwa,1900,Ramkola
Kushinagar,Ramkola,Urdha,1900,Ramkola
Kushinagar,Ramkola,Paroraha,1900,Ramkola
Kushinagar,Ramkola,Farna,1900,Ramkola
Kushinagar,Ramkola,Papur,1900,Ramkola
Kushinagar,Kaptaiganj,Senduriya,1894,Kaptainganj
Bijnaur,Mau Pur Devmal,Akbarpur Angakhedi,1577,Mohammedpur Deomal
Kushinagar,Kaptaiganj,Kaptaiganj,1894,Kaptainganj
Kushinagar,Kaptaiganj,Barawa Kotwa,1894,Kaptainganj
Kushinagar,Kaptaiganj,Bhadsar Narayan,1894,Kaptainganj
Kushinagar,Vishunpura,Arannhavaa,1904,Vishunpura
Kushinagar,Vishunpura,Mojheda,1904,Vishunpura
Bijnaur,Mau Pur Devmal,Maudia Dhansi,1577,Mohammedpur Deomal
Kushinagar,Vishunpura,Maadhokothitvaa,1904,Vishunpura
Kushinagar,Vishunpura,Zarrar,1904,Vishunpura
Kushinagar,Vishunpura,Dumri Sahodar Patti,1904,Vishunpura
Kushinagar,Vishunpura,Jathan Jangal,1904,Vishunpura
Kushinagar,Vishunpura,Goitibu O,1904,Vishunpura
Kushinagar,Vishunpura,Piparabhu O,1904,Vishunpura
Kushinagar,Vishunpura,Leeladhar Chappa,1904,Vishunpura
Kushinagar,Vishunpura,Pakdiyari,1904,Vishunpura
Kushinagar,Vishunpura,Dubowli Bhabanowli,1904,Vishunpura
Kushinagar,Vishunpura,M 0 Pr 0 Tiwari,1904,Vishunpura
Kushinagar,Vishunpura,Jan 0 Sidha Pattri,1904,Vishunpura
Kushinagar,Vishunpura,Dhaurhara,1904,Vishunpura
Kushinagar,Sukaroli,Lehni,1902,Sukrauli
Kushinagar,Sukaroli,Benduwar,1902,Sukrauli
Kushinagar,Sukaroli,Dumri Malav,1902,Sukrauli
Kushinagar,Sukaroli,Pipra Urf Titila,1902,Sukrauli
Kushinagar,Sukaroli,Lehni Dvitiya,1902,Sukrauli
Kushinagar,Sukaroli,Ganeshpur,1902,Sukrauli
Kushinagar,Sukaroli,Sukaroli,1902,Sukrauli
Kushinagar,Sukaroli,Devtahan,1902,Sukrauli
Kushinagar,Sukaroli,Badhwa bujurg,1902,Sukrauli
Kushinagar,Sukaroli,Badhwa Khurd,1902,Sukrauli
Kushinagar,Sukaroli,Chara Khas,1902,Sukrauli
Bijnaur,Mau Pur Devmal,Swahedi Khurd,1577,Mohammedpur Deomal
Kushinagar,Sukaroli,Abarban,1902,Sukrauli
Kushinagar,Sukaroli,Semri Maheshpur,1902,Sukrauli
Kushinagar,Sukaroli,Bhisbamathpalgiri,1902,Sukrauli
Kushinagar,Sukaroli,Karamhan Agrasen,1902,Sukrauli
Kushinagar,Sukaroli,Motipakkad Shrikant,1902,Sukrauli
Kushinagar,Sukaroli,MotiPakad Kabilsaha,1902,Sukrauli
Kushinagar,Fazilnagar,Awarsofiganj,1892,Fazilnagar
Kushinagar,Fazilnagar,Dhanaujikala,1892,Fazilnagar
Kushinagar,Fazilnagar,Kajipur,1892,Fazilnagar
Kushinagar,Fazilnagar,Fazilnagar,1892,Fazilnagar
Kushinagar,Fazilnagar,Satthianv,1892,Fazilnagar
Kushinagar,Fazilnagar,Piprarajab,1892,Fazilnagar
Kushinagar,Fazilnagar,Garhaiya,1892,Fazilnagar
Kushinagar,Fazilnagar,Gorakhaur,1892,Fazilnagar
Kushinagar,Fazilnagar,Ghunwaliya,1892,Fazilnagar
Kushinagar,Fazilnagar,Beilibakulhar,1892,Fazilnagar
Kushinagar,Fazilnagar,Duboli Basdila,1892,Fazilnagar
Kushinagar,Fazilnagar,Joramanrakhan,1892,Fazilnagar
Kushinagar,Fazilnagar,Nauniapatti,1892,Fazilnagar
Kushinagar,Fazilnagar,Bhatwa,1892,Fazilnagar
Kushinagar,Fazilnagar,Khertia,1892,Fazilnagar
Kushinagar,Fazilnagar,Choraramtakal Shahi,1892,Fazilnagar
Bijnaur,Mau Pur Devmal,Madhusudanpur (Jhalra),1577,Mohammedpur Deomal
Kushinagar,Fazilnagar,Koiilasava,1892,Fazilnagar
Kushinagar,Fazilnagar,Badhara,1892,Fazilnagar
Kushinagar,Fazilnagar,Lakshmipur,1892,Fazilnagar
Bijnaur,Mau Pur Devmal,Rasulpur Pritvi,1577,Mohammedpur Deomal
Kushinagar,Khadda,Basantpur Shivpur,1896,Khadda
Kushinagar,Khadda,Lakshmipur,1896,Khadda
Kushinagar,Khadda,Bhujauli Bu 0,1896,Khadda
Kushinagar,Khadda,Tinbardahan,1896,Khadda
Kushinagar,Khadda,Khairi,1896,Khadda
Kushinagar,Khadda,Bulhavan,1896,Khadda
Kushinagar,Khadda,Paniyhawa,1896,Khadda
Bijnaur,Mau Pur Devmal,Baruki,1577,Mohammedpur Deomal
Kushinagar,Nebua Naurangia,Devgaon,1898,Nebua Naurangia
Kushinagar,Nebua Naurangia,Nebuaharayganj,1898,Nebua Naurangia
Kushinagar,Nebua Naurangia,Lakshmipur,1898,Nebua Naurangia
Kushinagar,Nebua Naurangia,Siswania,1898,Nebua Naurangia
Kushinagar,Nebua Naurangia,Pachfeda,1898,Nebua Naurangia
Kushinagar,Nebua Naurangia,Piparabarisivan,1898,Nebua Naurangia
Kushinagar,Nebua Naurangia,Sohrakhurd,1898,Nebua Naurangia
Kushinagar,Nebua Naurangia,Tedi,1898,Nebua Naurangia
Kushinagar,Tamkuhiraj,Mahuadevaariya,1903,Tamkuhiraj
Kushinagar,Tamkuhiraj,Senduria,1903,Tamkuhiraj
Bijnaur,Najibabad,Sikandarpur Basi,1578,Najibabad
Kushinagar,Tamkuhiraj,Dibni Banjarwa,1903,Tamkuhiraj
Kushinagar,Tamkuhiraj,Banvira,1903,Tamkuhiraj
Kushinagar,Tamkuhiraj,Kotwa Tikampar,1903,Tamkuhiraj
Kushinagar,Tamkuhiraj,Labniyan,1903,Tamkuhiraj
Kushinagar,Tamkuhiraj,Saphi Taruwa,1903,Tamkuhiraj
Kushinagar,Tamkuhiraj,Banarho Purbapatti,1903,Tamkuhiraj
Kushinagar,Tamkuhiraj,Tamkuhi,1903,Tamkuhiraj
Kushinagar,Tamkuhiraj,Bhatwaliya,1903,Tamkuhiraj
Bijnaur,Najibabad,Bhadaula,1578,Najibabad
Bijnaur,Najibabad,Lahkakla,1578,Najibabad
Bijnaur,Najibabad,Maujampur Tulsi,1578,Najibabad
Bijnaur,Najibabad,Mirpur Bega,1578,Najibabad
Bijnaur,Najibabad,GuDDa,1578,Najibabad
Saharanpur,Nakud,Chadhaaw,2077,Nakur
Bijnaur,Najibabad,Aurangabad,1578,Najibabad
Bijnaur,Najibabad,Jwli Lala,1578,Najibabad
Bijnaur,Najibabad,Jaspur,1578,Najibabad
Bijnaur,Najibabad,Saufatpur,1578,Najibabad
Azamgarh,Rani Ki Sarai,Muhammadalla,NA,NA
Azamgarh,Rani Ki Sarai,Shivli,NA,NA
Azamgarh,Rani Ki Sarai,Allipur,NA,NA
Azamgarh,Rani Ki Sarai,Charaai,NA,NA
Azamgarh,Rani Ki Sarai,Zameen Katghar,NA,NA
Azamgarh,Rani Ki Sarai,Jahangirpur,NA,NA
Azamgarh,Rani Ki Sarai,Ranipur,NA,NA
Azamgarh,Rani Ki Sarai,Khajepur,NA,NA
Azamgarh,Rani Ki Sarai,Shivrampur,NA,NA
Azamgarh,Rani Ki Sarai,Dodorpur,NA,NA
Azamgarh,Rani Ki Sarai,Nadauli,NA,NA
Azamgarh,Rani Ki Sarai,Salehpur,NA,NA
Azamgarh,Rani Ki Sarai,Mitthanapur Haajialee,NA,NA
Azamgarh,Rani Ki Sarai,Masjidiya,NA,NA
Azamgarh,Rani Ki Sarai,Srikantpur,NA,NA
Azamgarh,Rani Ki Sarai,Dhuripur,NA,NA
Azamgarh,Rani Ki Sarai,Asani,NA,NA
Azamgarh,Rani Ki Sarai,Khatirpur,NA,NA
Azamgarh,Rani Ki Sarai,Sahaira,NA,NA
Azamgarh,Rani Ki Sarai,Muiyaan Makhdoompur,NA,NA
Azamgarh,Rani Ki Sarai,Fattanpur,NA,NA
Azamgarh,Rani Ki Sarai,Husampur Baragaon,NA,NA
Azamgarh,Rani Ki Sarai,Fabeha,NA,NA
Azamgarh,Rani Ki Sarai,Baghaura Inampur,NA,NA
Azamgarh,Rani Ki Sarai,Mainparpur,NA,NA
Azamgarh,Rani Ki Sarai,Gandhuvai,NA,NA
Azamgarh,Rani Ki Sarai,Malikshahpur,NA,NA
Azamgarh,Rani Ki Sarai,Dilauri,NA,NA
Azamgarh,Rani Ki Sarai,Ishwarpur,NA,NA
Azamgarh,Rani Ki Sarai,Badhiya,NA,NA
Azamgarh,Rani Ki Sarai,Andhauri,NA,NA
Azamgarh,Rani Ki Sarai,Vitthalpur,NA,NA
Azamgarh,Rani Ki Sarai,Chak-Sethwal,NA,NA
Azamgarh,Rani Ki Sarai,Hasanpur,NA,NA
Azamgarh,Rani Ki Sarai,Sethwal,NA,NA
Azamgarh,Rani Ki Sarai,Bankipur,NA,NA
Azamgarh,Rani Ki Sarai,Jalalpur,NA,NA
Azamgarh,Rani Ki Sarai,Ghatpatti,NA,NA
Azamgarh,Rani Ki Sarai,Koitila,NA,NA
Azamgarh,Rani Ki Sarai,Anowra,NA,NA
Azamgarh,Rani Ki Sarai,Firuddupura,NA,NA
Azamgarh,Rani Ki Sarai,Neverhi,NA,NA
Azamgarh,Rani Ki Sarai,Sonwara,NA,NA
Bijnaur,Haldaur,A.0 Pur Chand Urf Gada,1573,Haldaur(Khari Jhalu)
Azamgarh,Rani Ki Sarai,Dawoodpur,NA,NA
Azamgarh,Rani Ki Sarai,Momarijpur,NA,NA
Azamgarh,Rani Ki Sarai,Qazibhiti,NA,NA
Azamgarh,Rani Ki Sarai,Khallopur,NA,NA
Azamgarh,Rani Ki Sarai,Gambhirban,NA,NA
Azamgarh,Rani Ki Sarai,SumBHi,NA,NA
Azamgarh,Rani Ki Sarai,Belhatha,NA,NA
Azamgarh,Rani Ki Sarai,Barampur,NA,NA
Azamgarh,Rani Ki Sarai,Chakalaldhar,NA,NA
Azamgarh,Rani Ki Sarai,Unji,NA,NA
Azamgarh,Rani Ki Sarai,Tengarpur,NA,NA
Azamgarh,Rani Ki Sarai,Shah Khajura,NA,NA
Azamgarh,Rani Ki Sarai,Rudri,NA,NA
Azamgarh,Rani Ki Sarai,Behata,NA,NA
Azamgarh,Rani Ki Sarai,Khair,NA,NA
Azamgarh,Rani Ki Sarai,Semraha,NA,NA
Azamgarh,Rani Ki Sarai,Khairpur Jagjivan,NA,NA
Azamgarh,Rani Ki Sarai,Kothwa,NA,NA
Azamgarh,Rani Ki Sarai,Kothiya,NA,NA
Azamgarh,Rani Ki Sarai,Sankipur,NA,NA
Azamgarh,Rani Ki Sarai,Manjhgaon,NA,NA
Azamgarh,Rani Ki Sarai,Mitrasenpur,NA,NA
Azamgarh,Rani Ki Sarai,Pandha,NA,NA
Azamgarh,Tahbarpur,Ara ya Sohilla,NA,NA
Azamgarh,Tahbarpur,Nasaruddinpur,NA,NA
Azamgarh,Tahbarpur,Patkhauli,NA,NA
Azamgarh,Tahbarpur,Dhadahni Tajanpur,NA,NA
Azamgarh,Tahbarpur,Bairampur,NA,NA
Azamgarh,Tahbarpur,Govindpur Shekhwalia,NA,NA
Azamgarh,Tahbarpur,Kariyavar,NA,NA
Azamgarh,Tahbarpur,Muslim Patti,NA,NA
Azamgarh,Tahbarpur,Dhaniakudi,NA,NA
Azamgarh,Tahbarpur,Basti Bande Daspur,NA,NA
Azamgarh,Tahbarpur,Nanhuppur,NA,NA
Azamgarh,Tahbarpur,Bibipur,NA,NA
Azamgarh,Tahbarpur,Grahn Bujurg,NA,NA
Azamgarh,Tahbarpur,Bankat,NA,NA
Azamgarh,Tahbarpur,Nawapura,NA,NA
Azamgarh,Tahbarpur,NEWADA,NA,NA
Azamgarh,Tahbarpur,Gadhankhurd,NA,NA
Azamgarh,Tahbarpur,Khutaoli,NA,NA
Azamgarh,Tahbarpur,Ora,NA,NA
Azamgarh,Tahbarpur,Menhamoni,NA,NA
Azamgarh,Tahbarpur,Lachehra,NA,NA
Azamgarh,Tahbarpur,Kharkauli,NA,NA
Azamgarh,Tahbarpur,Khas Begpur,NA,NA
Azamgarh,Tahbarpur,Kothihar,NA,NA
Azamgarh,Tahbarpur,Tikapur,NA,NA
Azamgarh,Tahbarpur,Sardaha,NA,NA
Azamgarh,Tahbarpur,Mahuar,NA,NA
Azamgarh,Tahbarpur,Kutiya,NA,NA
Azamgarh,Tahbarpur,Mendhi,NA,NA
Azamgarh,Tahbarpur,Kharachalpur,NA,NA
Azamgarh,Tahbarpur,Pura Achanak,NA,NA
Azamgarh,Tahbarpur,Tahbarpur,NA,NA
Azamgarh,Tahbarpur,Mukundpur,NA,NA
Azamgarh,Tahbarpur,Sophipur,NA,NA
Azamgarh,Tahbarpur,Begpur Khalsa,NA,NA
Azamgarh,Tahbarpur,Jamalpurkaji,NA,NA
Azamgarh,Tahbarpur,Vishauli,NA,NA
Azamgarh,Tahbarpur,Marya,NA,NA
Azamgarh,Tahbarpur,Bashee Jarmezpur,NA,NA
Azamgarh,Tahbarpur,Bhorra Makbulpur,NA,NA
Azamgarh,Tahbarpur,Madhesia,NA,NA
Azamgarh,Tahbarpur,Naipura,NA,NA
Azamgarh,Tahbarpur,Jankipur,NA,NA
Azamgarh,Tahbarpur,Khalifatpur,NA,NA
Azamgarh,Tahbarpur,Hareya,NA,NA
Azamgarh,Tahbarpur,Bardasra Ayma,NA,NA
Azamgarh,Tahbarpur,Bhitari,NA,NA
Azamgarh,Tahbarpur,Gaura,NA,NA
Azamgarh,Tahbarpur,Badsara Khalsa,NA,NA
Azamgarh,Tahbarpur,Ohni Rameshwarpur,NA,NA
Azamgarh,Tahbarpur,Manjhari Khaliya,NA,NA
Azamgarh,Tahbarpur,Ibrapur,NA,NA
Azamgarh,Tahbarpur,Belwa Dharmadashpur,NA,NA
Azamgarh,Tahbarpur,Bhimalpatti,NA,NA
Azamgarh,Tahbarpur,Narsingh Ibrahimpur,NA,NA
Azamgarh,Tahbarpur,Purba Patti,NA,NA
Azamgarh,Tahbarpur,Banahara,NA,NA
Azamgarh,Tahbarpur,Khadarampur,NA,NA
Azamgarh,Tahbarpur,Paschim Patti,NA,NA
Azamgarh,Tahbarpur,Chakia Dubeypur,NA,NA
Azamgarh,Tahbarpur,Chandabhari,NA,NA
Azamgarh,Tahbarpur,Isarpar Khas,NA,NA
Azamgarh,Tahbarpur,Trimukhani Pyaarepur,NA,NA
Azamgarh,Tahbarpur,Barikhas,NA,NA
Azamgarh,Tahbarpur,Jaminwari,NA,NA
Azamgarh,Tahbarpur,Chakbari,NA,NA
Azamgarh,Tahbarpur,Ekma,NA,NA
Azamgarh,Mirzapur,Parvezabad,NA,NA
Azamgarh,Mirzapur,Wazirmalpur,NA,NA
Azamgarh,Mirzapur,Tundwal,NA,NA
Azamgarh,Mirzapur,Molnapur,NA,NA
Azamgarh,Mirzapur,Mohanpur,NA,NA
Azamgarh,Mirzapur,Hazaremalpur,NA,NA
Azamgarh,Mirzapur,Ahmedabad,NA,NA
Azamgarh,Mirzapur,Rewara Parvejpur,NA,NA
Azamgarh,Mirzapur,Mirzapur,NA,NA
Azamgarh,Mirzapur,Niauj,NA,NA
Azamgarh,Mirzapur,Lahideeh,NA,NA
Azamgarh,Mirzapur,Towao,NA,NA
Azamgarh,Mirzapur,Dhannopur Bahaav,NA,NA
Azamgarh,Mirzapur,Dhannipur Visarai,NA,NA
Azamgarh,Mirzapur,Madhurampur,NA,NA
Azamgarh,Mirzapur,Chamardih,NA,NA
Azamgarh,Mirzapur,Muriyar,NA,NA
Azamgarh,Mirzapur,Uttma,NA,NA
Azamgarh,Mirzapur,Banveerpur,NA,NA
Azamgarh,Mirzapur,Khutaoli,NA,NA
Azamgarh,Mirzapur,Mouna,NA,NA
Azamgarh,Mirzapur,Dharmadspur,NA,NA
Azamgarh,Mirzapur,Chak Kamarali,NA,NA
Azamgarh,Mirzapur,Durvasa,NA,NA
Azamgarh,Mirzapur,Khanpur Chitraval,NA,NA
Azamgarh,Mirzapur,Kaudia,NA,NA
Azamgarh,Mirzapur,Jagdishpur,NA,NA
Azamgarh,Mirzapur,Manra,NA,NA
Azamgarh,Mirzapur,Tikariya Maduwana,NA,NA
Azamgarh,Mirzapur,Kharewaan,NA,NA
Azamgarh,Mirzapur,Rajapur Sikrour,NA,NA
Azamgarh,Mirzapur,Fattanpur,NA,NA
Azamgarh,Mirzapur,Basti,NA,NA
Azamgarh,Mirzapur,Rasulpur Barwa,NA,NA
Azamgarh,Mirzapur,Ohadpur,NA,NA
Azamgarh,Mirzapur,Katghar Jalal,NA,NA
Azamgarh,Mirzapur,Kamalpur,NA,NA
Azamgarh,Mirzapur,Koraulee Bujurg,NA,NA
Azamgarh,Mirzapur,Koraoli Khurd,NA,NA
Azamgarh,Mirzapur,Surahi Khurd,NA,NA
Azamgarh,Mirzapur,Surahi Buzurg,NA,NA
Azamgarh,Mirzapur,Peera,NA,NA
Azamgarh,Mirzapur,Israuli,NA,NA
Azamgarh,Mirzapur,Seva,NA,NA
Azamgarh,Mirzapur,Pawailadpur,NA,NA
Azamgarh,Mirzapur,Hasanpur,NA,NA
Azamgarh,Mirzapur,Khanqah,NA,NA
Azamgarh,Mirzapur,Khanpur Dost,NA,NA
Azamgarh,Mirzapur,Darika Sheikh Ahmad,NA,NA
Azamgarh,Mirzapur,Kaneitha,NA,NA
Azamgarh,Mirzapur,Firuddinpur,NA,NA
Azamgarh,Mirzapur,Khutana,NA,NA
Azamgarh,Mirzapur,Kujiyari,NA,NA
Azamgarh,Mirzapur,Asgadha Mustafabad,NA,NA
Azamgarh,Mirzapur,Manjhirapatti,NA,NA
Azamgarh,Mirzapur,Binapar,NA,NA
Azamgarh,Mirzapur,Meerabakspur,NA,NA
Azamgarh,Mirzapur,Sikahula,NA,NA
Azamgarh,Mirzapur,Sida Sultanpur,NA,NA
Azamgarh,Mirzapur,Buddhsenpur,NA,NA
Azamgarh,Mirzapur,NEWADA,NA,NA
Azamgarh,Mirzapur,Barharia,NA,NA
Bijnaur,Haldaur,Mithankuvnraprap Singh,1573,Haldaur(Khari Jhalu)
Azamgarh,Mirzapur,Mirpur,NA,NA
Azamgarh,Mirzapur,Khudadpur,NA,NA
Azamgarh,Mirzapur,Dawoodpur,NA,NA
Azamgarh,Mirzapur,Sanjarpur,NA,NA
Azamgarh,Mirzapur,Khandwari,NA,NA
Azamgarh,Mirzapur,Awadhiha,NA,NA
Azamgarh,Mirzapur,Gangapur Vijaura,NA,NA
Azamgarh,Muhammedpur,Husepur,NA,NA
Azamgarh,Muhammedpur,Basirha,NA,NA
Azamgarh,Muhammedpur,Dharnipur Vishayan,NA,NA
Azamgarh,Muhammedpur,Utarwan,NA,NA
Azamgarh,Muhammedpur,Singhara,NA,NA
Azamgarh,Muhammedpur,Dayalpur,NA,NA
Azamgarh,Muhammedpur,Kalanderpur,NA,NA
Azamgarh,Muhammedpur,Gosdi,NA,NA
Azamgarh,Muhammedpur,Gauhwan,NA,NA
Azamgarh,Muhammedpur,Nandaw,NA,NA
Azamgarh,Muhammedpur,Asadha,NA,NA
Azamgarh,Muhammedpur,Enawbhaar,NA,NA
Azamgarh,Muhammedpur,Arara,NA,NA
Azamgarh,Muhammedpur,Kamrawan,NA,NA
Azamgarh,Muhammedpur,Chakia Hussainabad,NA,NA
Azamgarh,Muhammedpur,Gauspur Dhoori,NA,NA
Azamgarh,Muhammedpur,Mohanath,NA,NA
Azamgarh,Muhammedpur,K yamuddinpatti Urf,NA,NA
Azamgarh,Muhammedpur,Gauri,NA,NA
Azamgarh,Muhammedpur,Kohraura,NA,NA
Azamgarh,Muhammedpur,Shivrajpur,NA,NA
Azamgarh,Muhammedpur,Ranjitpatti,NA,NA
Azamgarh,Muhammedpur,Masudpatti,NA,NA
Azamgarh,Muhammedpur,Kharati,NA,NA
Azamgarh,Muhammedpur,Muhammedpur,NA,NA
Azamgarh,Muhammedpur,Ranipur Rajmo,NA,NA
Azamgarh,Muhammedpur,Mangrawa Raipur,NA,NA
Azamgarh,Muhammedpur,Umri Ganeshpur,NA,NA
Azamgarh,Muhammedpur,Makhdumpur,NA,NA
Azamgarh,Muhammedpur,Bahorapur,NA,NA
Azamgarh,Muhammedpur,Rampur Andoi,NA,NA
Azamgarh,Muhammedpur,MADARPUR,NA,NA
Azamgarh,Muhammedpur,Jamalpur,NA,NA
Azamgarh,Muhammedpur,Jafarpur,NA,NA
Azamgarh,Muhammedpur,Thanauli,NA,NA
Azamgarh,Muhammedpur,Sarsena Khalasa,NA,NA
Azamgarh,Muhammedpur,Amauda Jahaniapur,NA,NA
Azamgarh,Muhammedpur,Allipur,NA,NA
Azamgarh,Muhammedpur,Abushahidpur,NA,NA
Azamgarh,Muhammedpur,Faizullahpur,NA,NA
Azamgarh,Muhammedpur,Rora Vishnunpur,NA,NA
Azamgarh,Muhammedpur,Asirapur,NA,NA
Azamgarh,Muhammedpur,Aawk,NA,NA
Azamgarh,Muhammedpur,Visham Mirzapur,NA,NA
Azamgarh,Muhammedpur,Chakidi,NA,NA
Azamgarh,Muhammedpur,Molnapur,NA,NA
Azamgarh,Muhammedpur,Tekmalpur,NA,NA
Azamgarh,Muhammedpur,Surajanapur,NA,NA
Azamgarh,Muhammedpur,Sirsal,NA,NA
Azamgarh,Muhammedpur,Koilari Buzurg,NA,NA
Azamgarh,Muhammedpur,Koilari Khurd,NA,NA
Azamgarh,Muhammedpur,Parsurampur,NA,NA
Azamgarh,Muhammedpur,Chakmukti,NA,NA
Azamgarh,Muhammedpur,Chahu,NA,NA
Azamgarh,Muhammedpur,Gangapur Qazi,NA,NA
Azamgarh,Muhammedpur,Amberpur,NA,NA
Azamgarh,Muhammedpur,Rewa,NA,NA
Azamgarh,Muhammedpur,Rafipur,NA,NA
Azamgarh,Muhammedpur,Jagjivanpur,NA,NA
Azamgarh,Palhani,Kakrahata,NA,NA
Azamgarh,Palhani,Manchobha,NA,NA
Azamgarh,Palhani,Mamarkhapur,NA,NA
Azamgarh,Palhani,Karimuddinpur,NA,NA
Azamgarh,Palhani,Pagra,NA,NA
Azamgarh,Palhani,Baddopur,NA,NA
Azamgarh,Palhani,Aho Patti,NA,NA
Azamgarh,Palhani,Shekhpura,NA,NA
Azamgarh,Palhani,Balrampur,NA,NA
Azamgarh,Palhani,Ukroura,NA,NA
Azamgarh,Palhani,Harkhupur,NA,NA
Bijnaur,Haldaur,Jaffrabad Urf Hardar,1573,Haldaur(Khari Jhalu)
Azamgarh,Palhani,Sikaurora,NA,NA
Azamgarh,Palhani,Hafizpur,NA,NA
Azamgarh,Palhani,Kothra,NA,NA
Azamgarh,Palhani,Azampur,NA,NA
Azamgarh,Palhani,Sulempur,NA,NA
Azamgarh,Palhani,Lachhirampur,NA,NA
Azamgarh,Palhani,Hirapatti,NA,NA
Azamgarh,Palhani,Kol Baajabahadur,NA,NA
Azamgarh,Palhani,Kodor Ajmatpur,NA,NA
Azamgarh,Palhani,Kamhenpur,NA,NA
Azamgarh,Palhani,Devakhari,NA,NA
Azamgarh,Palhani,Hariharpur,NA,NA
Azamgarh,Palhani,Karenhua,NA,NA
Azamgarh,Palhani,Mahrajpur,NA,NA
Azamgarh,Palhani,Sehda,NA,NA
Azamgarh,Palhani,Matanpur,NA,NA
Azamgarh,Palhani,Gayaspur,NA,NA
Azamgarh,Palhani,Muzaffarpur,NA,NA
Azamgarh,Palhani,Gangatia,NA,NA
Azamgarh,Palhani,Kishundaspur,NA,NA
Azamgarh,Palhani,Rapur Sudi Chakraja,NA,NA
Azamgarh,Palhani,Chak Inami,NA,NA
Azamgarh,Palhani,Matulipur,NA,NA
Azamgarh,Palhani,Ekrampur,NA,NA
Azamgarh,Palhani,Khozapur,NA,NA
Azamgarh,Palhani,Hareya,NA,NA
Azamgarh,Palhani,Budetha,NA,NA
Azamgarh,Palhani,Chakdinakha,NA,NA
Azamgarh,Palhani,Bhaduli,NA,NA
Azamgarh,Palhani,Jafarpur,NA,NA
Azamgarh,Palhani,Neebee,NA,NA
Azamgarh,Palhani,Salarpur,NA,NA
Azamgarh,Palhani,Tamouli,NA,NA
Azamgarh,Palhani,Sarai Sadi,NA,NA
Azamgarh,Palhani,Husenganj,NA,NA
Azamgarh,Palhani,Palhani,NA,NA
Bijnaur,Haldaur,Sherpur,1573,Haldaur(Khari Jhalu)
Azamgarh,Palhani,Girdharpur,NA,NA
Azamgarh,Palhani,Hyderabad,NA,NA
Azamgarh,Palhani,Saidpur,NA,NA
Azamgarh,Palhani,Uchagaw,NA,NA
Azamgarh,Palhani,Haludih,NA,NA
Azamgarh,Palhani,Sahabazpur,NA,NA
Azamgarh,Palhani,Bunda,NA,NA
Azamgarh,Palhani,Karanpur,NA,NA
Azamgarh,Palhani,Velagar,NA,NA
Azamgarh,Palhani,Bhabanauli Mafi,NA,NA
Azamgarh,Palhani,Teukhar,NA,NA
Azamgarh,Palhani,Gordih Khalsa,NA,NA
Azamgarh,Palhani,Manikadih,NA,NA
Azamgarh,Palhani,Belnadih,NA,NA
Azamgarh,Palhani,Jamalpur,NA,NA
Azamgarh,Palhani,Dugdugawa,NA,NA
Azamgarh,Palhani,Sammopur,NA,NA
Azamgarh,Palhani,hangapur,NA,NA
Azamgarh,Palhani,Katghar Sadar,NA,NA
Azamgarh,Palhani,Jairampur,NA,NA
Azamgarh,Palhani,Hathiya,NA,NA
Azamgarh,Lalganj,Chandevra,NA,NA
Azamgarh,Lalganj,Rampur Bthona,NA,NA
Azamgarh,Lalganj,Akolhi,NA,NA
Azamgarh,Lalganj,Vyavhara,NA,NA
Azamgarh,Lalganj,Harni Dehrah,NA,NA
Azamgarh,Lalganj,Asaur Tikar,NA,NA
Azamgarh,Lalganj,Umrisri,NA,NA
Azamgarh,Lalganj,Baldih,NA,NA
Azamgarh,Lalganj,Rasulpur Jaydrathyati,NA,NA
Azamgarh,Lalganj,May Khargapur,NA,NA
Azamgarh,Lalganj,Ubarpur Lakshmippur,NA,NA
Azamgarh,Lalganj,Khaniara,NA,NA
Azamgarh,Lalganj,Masirpur,NA,NA
Azamgarh,Lalganj,Pakri Khurd,NA,NA
Azamgarh,Lalganj,Kaithi Shankarpur,NA,NA
Azamgarh,Lalganj,Mirza Adam Pur,NA,NA
Azamgarh,Lalganj,Sophipur,NA,NA
Azamgarh,Lalganj,Kahla Sikandarpur,NA,NA
Azamgarh,Lalganj,Gangapur Goghi,NA,NA
Azamgarh,Lalganj,Rewta Chandrabhanpur,NA,NA
Azamgarh,Lalganj,Charkihit,NA,NA
Azamgarh,Lalganj,Mehro Jagdishpur,NA,NA
Azamgarh,Lalganj,Rasulpur Dudhara,NA,NA
Azamgarh,Lalganj,Madhopur Dhang,NA,NA
Azamgarh,Lalganj,Narayanpur Nevada,NA,NA
Azamgarh,Lalganj,Badagaon,NA,NA
Azamgarh,Lalganj,Bahadurpur,NA,NA
Azamgarh,Lalganj,Barseva,NA,NA
Saharanpur,Nakud,Daulatpur Urf Chapar Chi,2077,Nakur
Azamgarh,Lalganj,Faizullahpur,NA,NA
Azamgarh,Lalganj,Srikantpur,NA,NA
Azamgarh,Lalganj,Tirauli,NA,NA
Azamgarh,Lalganj,Agehta,NA,NA
Azamgarh,Lalganj,Akbarpur Sehna,NA,NA
Azamgarh,Lalganj,Chowki Nasratpur,NA,NA
Azamgarh,Lalganj,Kasba Devgaon,NA,NA
Azamgarh,Lalganj,Ismailpur Barhati,NA,NA
Azamgarh,Lalganj,Ahiroli Khizirapur,NA,NA
Azamgarh,Lalganj,Mirzapur,NA,NA
Azamgarh,Lalganj,Tarafkaji,NA,NA
Azamgarh,Lalganj,Kariya Gopalpur,NA,NA
Azamgarh,Lalganj,Marhati,NA,NA
Azamgarh,Lalganj,Balipur,NA,NA
Azamgarh,Lalganj,Bhudki,NA,NA
Azamgarh,Lalganj,Domonpur,NA,NA
Azamgarh,Lalganj,Chewar Pashchim,NA,NA
Azamgarh,Lalganj,Sarangpur,NA,NA
Azamgarh,Lalganj,Kanjhit,NA,NA
Azamgarh,Lalganj,Govardhanpur,NA,NA
Azamgarh,Lalganj,Manikpur Kishunpur,NA,NA
Azamgarh,Lalganj,Chewarpurba,NA,NA
Azamgarh,Lalganj,Nandapur,NA,NA
Azamgarh,Lalganj,Gadoli,NA,NA
Azamgarh,Lalganj,Berma Vishwambharpur,NA,NA
Azamgarh,Lalganj,Revasa,NA,NA
Azamgarh,Lalganj,Bagarwa alias Molanpur,NA,NA
Azamgarh,Lalganj,Bashee Iqbalpur,NA,NA
Azamgarh,Lalganj,Banarpur Salhara,NA,NA
Azamgarh,Lalganj,Parsaura Jagdishpur,NA,NA
Azamgarh,Lalganj,Kapsetha,NA,NA
Azamgarh,Lalganj,Kalichabah,NA,NA
Azamgarh,Lalganj,Shekhpur Bachholi,NA,NA
Azamgarh,Lalganj,Beili,NA,NA
Azamgarh,Lalganj,Nonipur Naikot,NA,NA
Azamgarh,Lalganj,Rampur Katharwa,NA,NA
Azamgarh,Thekma,Thekma,NA,NA
Azamgarh,Thekma,Ahirauli,NA,NA
Azamgarh,Thekma,Shankarpur,NA,NA
Azamgarh,Thekma,Harishchandra pur,NA,NA
Azamgarh,Thekma,Ahiroli Kritampur,NA,NA
Azamgarh,Thekma,Kedlipur,NA,NA
Azamgarh,Thekma,Chandbhanpur,NA,NA
Azamgarh,Thekma,Tajpur,NA,NA
Azamgarh,Thekma,Khundanpur,NA,NA
Azamgarh,Thekma,Bhopalpur,NA,NA
Azamgarh,Thekma,Bhadsari,NA,NA
Azamgarh,Thekma,Bahadurpur Bada,NA,NA
Azamgarh,Thekma,Para,NA,NA
Azamgarh,Thekma,Bakesh,NA,NA
Azamgarh,Thekma,Barada,NA,NA
Azamgarh,Thekma,Udiyanwa,NA,NA
Azamgarh,Thekma,Pursoodi,NA,NA
Azamgarh,Thekma,Khania,NA,NA
Azamgarh,Thekma,Goharha,NA,NA
Azamgarh,Thekma,Aswaniya,NA,NA
Azamgarh,Thekma,Kurihar,NA,NA
Azamgarh,Thekma,Kharagipur,NA,NA
Azamgarh,Thekma,Hadisa Dayalpur,NA,NA
Azamgarh,Thekma,Avadh,NA,NA
Azamgarh,Thekma,Parsouli,NA,NA
Azamgarh,Thekma,Sisredi,NA,NA
Azamgarh,Thekma,Sarawa,NA,NA
Azamgarh,Thekma,Murdhar,NA,NA
Azamgarh,Thekma,Bhainskur,NA,NA
Azamgarh,Thekma,Haraairampur,NA,NA
Azamgarh,Thekma,Amethi,NA,NA
Azamgarh,Thekma,Sirwa,NA,NA
Azamgarh,Thekma,Mahanguppur,NA,NA
Azamgarh,Thekma,Tiyri Maniram,NA,NA
Azamgarh,Thekma,Belakhas,NA,NA
Azamgarh,Thekma,Irni,NA,NA
Azamgarh,Thekma,Bijoili,NA,NA
Azamgarh,Thekma,Tammarpur,NA,NA
Azamgarh,Thekma,Mirza Jagdishpur,NA,NA
Azamgarh,Thekma,Mainpur,NA,NA
Azamgarh,Thekma,Pasika,NA,NA
Azamgarh,Thekma,Kammarpur,NA,NA
Azamgarh,Thekma,Saraimo han,NA,NA
Azamgarh,Thekma,Senduri,NA,NA
Azamgarh,Thekma,Gomadih,NA,NA
Azamgarh,Thekma,Katghar,NA,NA
Azamgarh,Thekma,Barwa,NA,NA
Azamgarh,Thekma,Rasulpur Baz Bahadur,NA,NA
Azamgarh,Thekma,Bauvapar,NA,NA
Azamgarh,Thekma,Chivathi,NA,NA
Azamgarh,Thekma,Hazaremalpur,NA,NA
Azamgarh,Thekma,Welu,NA,NA
Azamgarh,Thekma,Mohammadpur Feti,NA,NA
Azamgarh,Thekma,Jivali,NA,NA
Azamgarh,Thekma,Bhuladih,NA,NA
Azamgarh,Thekma,Sakramu,NA,NA
Azamgarh,Thekma,Badgahan,NA,NA
Azamgarh,Thekma,Kharant,NA,NA
Azamgarh,Thekma,pilkhuwan,NA,NA
Azamgarh,Thekma,Jamuaanwa,NA,NA
Azamgarh,Thekma,Jindopur,NA,NA
Azamgarh,Thekma,Gayaspur,NA,NA
Azamgarh,Thekma,Mahuari,NA,NA
Azamgarh,Thekma,Bhagwanpur,NA,NA
Azamgarh,Thekma,Baksapur,NA,NA
Azamgarh,Thekma,Khamhauli,NA,NA
Azamgarh,Thekma,Bikapur,NA,NA
Azamgarh,Thekma,Ishakpur,NA,NA
Azamgarh,Thekma,Bhira,NA,NA
Azamgarh,Thekma,Chhatarpur,NA,NA
Azamgarh,Thekma,Chauki,NA,NA
Azamgarh,Thekma,Raajepur,NA,NA
Azamgarh,Thekma,Gidaur,NA,NA
Azamgarh,Thekma,Bhavatar Chak Bhavatar,NA,NA
Azamgarh,Thekma,Saddo Patti,NA,NA
Azamgarh,Thekma,Sarai Palttu,NA,NA
Azamgarh,Thekma,Kharaila,NA,NA
Azamgarh,Tarwan,Koodhapar,NA,NA
Azamgarh,Tarwan,sultanipur,NA,NA
Azamgarh,Tarwan,Rasepur,NA,NA
Azamgarh,Tarwan,Todarpur,NA,NA
Azamgarh,Tarwan,Hadaura,NA,NA
Azamgarh,Tarwan,Muswa,NA,NA
Azamgarh,Tarwan,Nadwa Sisri,NA,NA
Azamgarh,Tarwan,Jiapur Uttari,NA,NA
Azamgarh,Tarwan,Hasanpur UrfBharathipur,NA,NA
Azamgarh,Tarwan,Bhagwanpur,NA,NA
Azamgarh,Tarwan,Aira Khurd,NA,NA
Azamgarh,Tarwan,Aira Bujurg,NA,NA
Azamgarh,Tarwan,Bansgavan,NA,NA
Azamgarh,Tarwan,Sarai Trilochan,NA,NA
Azamgarh,Tarwan,Rastipur,NA,NA
Azamgarh,Tarwan,Sarai Bindrabn,NA,NA
Azamgarh,Tarwan,Juwaan,NA,NA
Azamgarh,Tarwan,PhaTToppur,NA,NA
Azamgarh,Tarwan,Uchhuwa,NA,NA
Azamgarh,Tarwan,Wiranaiyaa,NA,NA
Azamgarh,Tarwan,Titira,NA,NA
Azamgarh,Tarwan,Bibipur,NA,NA
Azamgarh,Tarwan,Bhuwalpur,NA,NA
Azamgarh,Tarwan,Rasra,NA,NA
Azamgarh,Tarwan,Bhinti,NA,NA
Azamgarh,Tarwan,Bahorikpur,NA,NA
Azamgarh,Tarwan,Asdhirpur,NA,NA
Azamgarh,Tarwan,Belhadih,NA,NA
Azamgarh,Tarwan,Tarwa,NA,NA
Azamgarh,Tarwan,Mokalpur,NA,NA
Azamgarh,Tarwan,Barehata,NA,NA
Azamgarh,Tarwan,Bhilihili,NA,NA
Azamgarh,Tarwan,Chauki Ganjor,NA,NA
Azamgarh,Tarwan,Maulanipur,NA,NA
Azamgarh,Tarwan,Navarsiya,NA,NA
Azamgarh,Tarwan,Bangaaon,NA,NA
Azamgarh,Tarwan,Kharaka,NA,NA
Azamgarh,Tarwan,Pattibhikari,NA,NA
Azamgarh,Tarwan,Bela,NA,NA
Azamgarh,Tarwan,Kujrawan,NA,NA
Azamgarh,Tarwan,Jamoodih,NA,NA
Bijnaur,Haldaur,Umri Kala,1573,Haldaur(Khari Jhalu)
Azamgarh,Tarwan,Jagdishpur Chaur,NA,NA
Azamgarh,Tarwan,Pandey Atarkusha,NA,NA
Azamgarh,Tarwan,Haridaspur,NA,NA
Azamgarh,Tarwan,Kubakhas,NA,NA
Azamgarh,Tarwan,Dhaka,NA,NA
Azamgarh,Tarwan,Tiyara,NA,NA
Azamgarh,Tarwan,Rampur Jameen Palhan,NA,NA
Azamgarh,Tarwan,Chauwah,NA,NA
Azamgarh,Tarwan,Sihuka Abirpur,NA,NA
Azamgarh,Tarwan,Bharpur Pichhwar,NA,NA
Azamgarh,Tarwan,Mahuaonpar,NA,NA
Azamgarh,Tarwan,Chillupur,NA,NA
Azamgarh,Tarwan,Dandwal,NA,NA
Azamgarh,Tarwan,Mau Parasain,NA,NA
Azamgarh,Tarwan,Jamukha,NA,NA
Azamgarh,Tarwan,Mehnajpur,NA,NA
Azamgarh,Tarwan,Lalmau,NA,NA
Azamgarh,Tarwan,Barwa,NA,NA
Azamgarh,Tarwan,Sakia Bakia,NA,NA
Azamgarh,Tarwan,Bahlolpur,NA,NA
Azamgarh,Tarwan,Jiapur Dakshini,NA,NA
Azamgarh,Tarwan,Zamin Sakkat,NA,NA
Azamgarh,Tarwan,Dariyapur Nevada,NA,NA
Azamgarh,Tarwan,Makbulpur Urf Ramanag,NA,NA
Azamgarh,Tarwan,Rowapar,NA,NA
Azamgarh,Tarwan,Tilkhara,NA,NA
Azamgarh,Tarwan,Ganipur Dagrah,NA,NA
Azamgarh,Tarwan,Kosara,NA,NA
Azamgarh,Tarwan,Kurehara Tejsingh,NA,NA
Bijnaur,Haldaur,Rauniya,1573,Haldaur(Khari Jhalu)
Azamgarh,Tarwan,Sundhi,NA,NA
Azamgarh,Mehnagar,Gahuni,NA,NA
Azamgarh,Mehnagar,Karauti,NA,NA
Azamgarh,Mehnagar,Daulatpur,NA,NA
Azamgarh,Mehnagar,Saray Bhadi,NA,NA
Azamgarh,Mehnagar,Vishunpur,NA,NA
Azamgarh,Mehnagar,Karenhuan,NA,NA
Azamgarh,Mehnagar,Devaria,NA,NA
Azamgarh,Mehnagar,Manpur,NA,NA
Azamgarh,Mehnagar,Shivrampur,NA,NA
Azamgarh,Mehnagar,Raipur Patti,NA,NA
Azamgarh,Mehnagar,Fulaich,NA,NA
Azamgarh,Mehnagar,Bhopalpur Bhadia,NA,NA
Azamgarh,Mehnagar,Gaura,NA,NA
Azamgarh,Mehnagar,Laudaha Imadpur,NA,NA
Azamgarh,Mehnagar,Katat Chak Katat,NA,NA
Azamgarh,Mehnagar,Nai,NA,NA
Azamgarh,Mehnagar,Bijayipur,NA,NA
Azamgarh,Mehnagar,Sapnahar Rudrapur,NA,NA
Azamgarh,Mehnagar,Devoit,NA,NA
Azamgarh,Mehnagar,Mustafabad,NA,NA
Azamgarh,Mehnagar,Palia Sofiganj,NA,NA
Azamgarh,Mehnagar,Deeha,NA,NA
Azamgarh,Mehnagar,Pakdiya Ranipur,NA,NA
Azamgarh,Mehnagar,Samasuddinpur,NA,NA
Azamgarh,Mehnagar,Chakbara,NA,NA
Azamgarh,Mehnagar,Rampur Kathhan,NA,NA
Azamgarh,Mehnagar,Mauli,NA,NA
Azamgarh,Mehnagar,Ummarpur,NA,NA
Azamgarh,Mehnagar,Ramgarh,NA,NA
Azamgarh,Mehnagar,Sardargunj,NA,NA
Azamgarh,Mehnagar,Rahila,NA,NA
Azamgarh,Mehnagar,Barwa Sgar,NA,NA
Azamgarh,Mehnagar,Kharagpur,NA,NA
Azamgarh,Mehnagar,Guretha,NA,NA
Azamgarh,Mehnagar,Kanjhri,NA,NA
Azamgarh,Mehnagar,Lohanpur,NA,NA
Azamgarh,Mehnagar,Ghatia,NA,NA
Azamgarh,Mehnagar,BACHCHWAL,NA,NA
Azamgarh,Mehnagar,Sisva,NA,NA
Azamgarh,Mehnagar,Inwal,NA,NA
Azamgarh,Mehnagar,Jamki,NA,NA
Azamgarh,Mehnagar,Kharihani,NA,NA
Azamgarh,Mehnagar,Amari,NA,NA
Azamgarh,Mehnagar,Serra,NA,NA
Azamgarh,Mehnagar,Pilkhuwa,NA,NA
Azamgarh,Mehnagar,Ghinapur,NA,NA
Azamgarh,Mehnagar,Gopalpur,NA,NA
Azamgarh,Mehnagar,Fatehpur Bhatnoli,NA,NA
Azamgarh,Mehnagar,Kamharia,NA,NA
Azamgarh,Mehnagar,Roshanpur,NA,NA
Azamgarh,Mehnagar,Dama,NA,NA
Azamgarh,Mehnagar,Ganjor,NA,NA
Azamgarh,Mehnagar,Thothia,NA,NA
Azamgarh,Mehnagar,Shekhudasspur,NA,NA
Azamgarh,Mehnagar,Hatwa Khalsa,NA,NA
Azamgarh,Mehnagar,Khutwa Chak Khutwa,NA,NA
Azamgarh,Mehnagar,Basila,NA,NA
Azamgarh,Mehnagar,Bhorampur Ahiyai,NA,NA
Azamgarh,Mehnagar,Birbhanpur,NA,NA
Azamgarh,Mehnagar,Hathodi,NA,NA
Azamgarh,Mehnagar,Mauliya,NA,NA
Azamgarh,Mehnagar,Jagdishpur,NA,NA
Azamgarh,Mehnagar,Phinihini,NA,NA
Azamgarh,Mehnagar,Devkali,NA,NA
Bijnaur,Haldaur,Islampur Lala Urf,1573,Haldaur(Khari Jhalu)
Azamgarh,Jahangirabad,Mittupur,NA,NA
Azamgarh,Jahangirabad,Kolhukhor,NA,NA
Azamgarh,Jahangirabad,AmaDDhee,NA,NA
Azamgarh,Jahangirabad,Sonapur,NA,NA
Azamgarh,Jahangirabad,Bhujhi,NA,NA
Azamgarh,Jahangirabad,Hathoota,NA,NA
Azamgarh,Jahangirabad,Lapsipur,NA,NA
Azamgarh,Jahangirabad,Birbhadrappur,NA,NA
Azamgarh,Jahangirabad,Parsupur,NA,NA
Azamgarh,Jahangirabad,Nawapura Khalsa,NA,NA
Azamgarh,Jahangirabad,Salempur,NA,NA
Azamgarh,Jahangirabad,Chattaur,NA,NA
Azamgarh,Jahangirabad,Molnapur,NA,NA
Azamgarh,Jahangirabad,Daulatabad,NA,NA
Azamgarh,Jahangirabad,Bhatgawa,NA,NA
Azamgarh,Jahangirabad,Pewtha,NA,NA
Azamgarh,Jahangirabad,Ghanarbandh,NA,NA
Azamgarh,Jahangirabad,Jigarsandi,NA,NA
Azamgarh,Jahangirabad,Anei,NA,NA
Bijnaur,Haldaur,Rampur Bakli,1573,Haldaur(Khari Jhalu)
Azamgarh,Jahangirabad,Dharwara,NA,NA
Azamgarh,Jahangirabad,Karisath,NA,NA
Azamgarh,Jahangirabad,Kishunpur,NA,NA
Azamgarh,Jahangirabad,Barauraa Bujurg,NA,NA
Azamgarh,Jahangirabad,Tadi,NA,NA
Azamgarh,Jahangirabad,Jalalpur,NA,NA
Azamgarh,Jahangirabad,Khudwal,NA,NA
Azamgarh,Jahangirabad,Chakpanpur,NA,NA
Azamgarh,Jahangirabad,Narehtha,NA,NA
Azamgarh,Jahangirabad,Kanaila,NA,NA
Bijnaur,Haldaur,Fatehpur Nauabad,1573,Haldaur(Khari Jhalu)
Azamgarh,Jahangirabad,Seota,NA,NA
Azamgarh,Jahangirabad,Patuwa,NA,NA
Azamgarh,Jahangirabad,Azambandh,NA,NA
Azamgarh,Jahangirabad,Gaudhora,NA,NA
Azamgarh,Jahangirabad,Atarari,NA,NA
Azamgarh,Jahangirabad,KUSARNA,NA,NA
Azamgarh,Jahangirabad,Parasi,NA,NA
Azamgarh,Jahangirabad,Basgit,NA,NA
Azamgarh,Jahangirabad,Sema,NA,NA
Azamgarh,Jahangirabad,Masua,NA,NA
Azamgarh,Jahangirabad,Bohna,NA,NA
Azamgarh,Jahangirabad,Mande,NA,NA
Azamgarh,Jahangirabad,Khanpur,NA,NA
Azamgarh,Jahangirabad,Semarol,NA,NA
Azamgarh,Jahangirabad,Bajhaan,NA,NA
Azamgarh,Jahangirabad,Idilpur,NA,NA
Azamgarh,Jahangirabad,Kunji,NA,NA
Azamgarh,Jahangirabad,Purnji,NA,NA
Azamgarh,Jahangirabad,Roshanpur,NA,NA
Bijnaur,Haldaur,Mukarpar Khena,1573,Haldaur(Khari Jhalu)
Azamgarh,Jahangirabad,Mustafabad,NA,NA
Azamgarh,Jahangirabad,Shahpur,NA,NA
Azamgarh,Jahangirabad,Karuat,NA,NA
Azamgarh,Jahangirabad,Dhanhuwā,NA,NA
Azamgarh,Jahangirabad,Bhopatpur,NA,NA
Azamgarh,Jahangirabad,Barhalganj,NA,NA
Azamgarh,Jahangirabad,Tisoura,NA,NA
Azamgarh,Jahangirabad,Netpur,NA,NA
Azamgarh,Jahangirabad,Manuddinpur,NA,NA
Azamgarh,Jahangirabad,Belakol,NA,NA
Azamgarh,Jahangirabad,Telhua,NA,NA
Azamgarh,Sathiyav,Muinabad,NA,NA
Azamgarh,Sathiyav,Gocha,NA,NA
Azamgarh,Sathiyav,Ibrapur,NA,NA
Azamgarh,Sathiyav,Pichari,NA,NA
Azamgarh,Sathiyav,Aujoli,NA,NA
Azamgarh,Sathiyav,Firozabad,NA,NA
Azamgarh,Sathiyav,Asaur,NA,NA
Azamgarh,Sathiyav,Naraaov,NA,NA
Azamgarh,Sathiyav,Kaudia,NA,NA
Azamgarh,Sathiyav,Amilo,NA,NA
Azamgarh,Sathiyav,Nurpur Sarayhaji,NA,NA
Azamgarh,Sathiyav,Chakia,NA,NA
Azamgarh,Sathiyav,Atardiha,NA,NA
Azamgarh,Sathiyav,Adampur,NA,NA
Azamgarh,Sathiyav,Dewli Khalsa,NA,NA
Azamgarh,Sathiyav,Kukur Sanada,NA,NA
Azamgarh,Sathiyav,Zaminpahi Zamin,NA,NA
Bijnaur,Haldaur,Jeetpura,1573,Haldaur(Khari Jhalu)
Azamgarh,Sathiyav,Gujarpar,NA,NA
Azamgarh,Sathiyav,Sikandarpur,NA,NA
Azamgarh,Sathiyav,Rasulpur Byohra,NA,NA
Azamgarh,Sathiyav,Udaybhanpur,NA,NA
Azamgarh,Sathiyav,Sikthi Shah Muhammadpur,NA,NA
Azamgarh,Sathiyav,Diliya,NA,NA
Azamgarh,Sathiyav,chak sikhthi,NA,NA
Azamgarh,Sathiyav,Naithi Ladpur,NA,NA
Azamgarh,Sathiyav,Bind Mathia,NA,NA
Azamgarh,Sathiyav,Sonpar,NA,NA
Azamgarh,Sathiyav,Mustafabad,NA,NA
Azamgarh,Sathiyav,Chivathi,NA,NA
Azamgarh,Sathiyav,Salarpur,NA,NA
Azamgarh,Sathiyav,Dawoodpur Kurmi,NA,NA
Azamgarh,Sathiyav,Piyaropur,NA,NA
Azamgarh,Sathiyav,Basaudha Bhitari,NA,NA
Azamgarh,Sathiyav,Hajipur,NA,NA
Azamgarh,Sathiyav,Neebee Bujurg,NA,NA
Azamgarh,Sathiyav,Lohra,NA,NA
Azamgarh,Sathiyav,Gajhda,NA,NA
Azamgarh,Sathiyav,Bhambhour,NA,NA
Azamgarh,Sathiyav,Sardarpur Babu,NA,NA
Azamgarh,Sathiyav,Muhabbatpur,NA,NA
Azamgarh,Sathiyav,Jamudi,NA,NA
Azamgarh,Sathiyav,Daulatpur,NA,NA
Azamgarh,Sathiyav,Baithauli,NA,NA
Azamgarh,Sathiyav,Biharozpur,NA,NA
Azamgarh,Sathiyav,Paicoli,NA,NA
Azamgarh,Sathiyav,Khemupur,NA,NA
Azamgarh,Sathiyav,Sameda,NA,NA
Azamgarh,Sathiyav,Rautamoo,NA,NA
Azamgarh,Sathiyav,Kasba Sarai,NA,NA
Azamgarh,Sathiyav,Maharupur,NA,NA
Azamgarh,Sathiyav,Seehi,NA,NA
Azamgarh,Sathiyav,Nazirpur,NA,NA
Azamgarh,Sathiyav,Mahua Murerpur,NA,NA
Azamgarh,Sathiyav,Korhwa,NA,NA
Azamgarh,Sathiyav,Pusra Aima,NA,NA
Azamgarh,Sathiyav,Pusra Khalsa,NA,NA
Azamgarh,Sathiyav,Asouna,NA,NA
Azamgarh,Sathiyav,Awanv,NA,NA
Azamgarh,Sathiyav,Vasti,NA,NA
Azamgarh,Sathiyav,Karpiya,NA,NA
Azamgarh,Sathiyav,Kerma,NA,NA
Azamgarh,Sathiyav,Ranipur,NA,NA
Azamgarh,Sathiyav,Sathianv,NA,NA
Azamgarh,Sathiyav,Deoria Khalsa,NA,NA
Azamgarh,Sathiyav,Awadi,NA,NA
Azamgarh,Sathiyav,Bhatoura,NA,NA
Azamgarh,Sathiyav,Fakruddinpur,NA,NA
Azamgarh,Sathiyav,Jameen Manjhariya,NA,NA
Azamgarh,Bilriaganj,Chalakpur,NA,NA
Azamgarh,Bilriaganj,Maha Karmanathpatti,NA,NA
Azamgarh,Bilriaganj,Natthupatti,NA,NA
Azamgarh,Bilriaganj,Zameen Rasulpur,NA,NA
Azamgarh,Bilriaganj,Hiranhi Gulligarh,NA,NA
Azamgarh,Bilriaganj,Barohi Fattepur,NA,NA
Bijnaur,Haldaur,Kadapur Urf Ladapura,1573,Haldaur(Khari Jhalu)
Azamgarh,Bilriaganj,Baranapur Jagdishpur,NA,NA
Azamgarh,Bilriaganj,Para,NA,NA
Azamgarh,Bilriaganj,Kakarhi Dular,NA,NA
Azamgarh,Bilriaganj,Rasulpur Nandlal,NA,NA
Azamgarh,Bilriaganj,Uchadih Salempur,NA,NA
Azamgarh,Bilriaganj,Piparha,NA,NA
Azamgarh,Bilriaganj,Deria Mafi Japt,NA,NA
Azamgarh,Bilriaganj,Akbarpur,NA,NA
Azamgarh,Bilriaganj,Tenduwa,NA,NA
Azamgarh,Bilriaganj,Padri Paranpur,NA,NA
Azamgarh,Bilriaganj,Bhaluhi,NA,NA
Azamgarh,Bilriaganj,Haripur,NA,NA
Azamgarh,Bilriaganj,Jagmalpur,NA,NA
Azamgarh,Bilriaganj,Khanpur Bhagatpatti,NA,NA
Azamgarh,Bilriaganj,Patila Gaonpur,NA,NA
Azamgarh,Bilriaganj,Barauli Diwakaar PaTTi,NA,NA
Azamgarh,Bilriaganj,Palia,NA,NA
Azamgarh,Bilriaganj,Bibipur,NA,NA
Azamgarh,Bilriaganj,Turk Padri,NA,NA
Azamgarh,Bilriaganj,Srinagar,NA,NA
Azamgarh,Bilriaganj,Bhesaudi sethari,NA,NA
Azamgarh,Bilriaganj,Langadpur,NA,NA
Azamgarh,Bilriaganj,Tenduwa Tejpur,NA,NA
Azamgarh,Bilriaganj,TohfaPur,NA,NA
Azamgarh,Bilriaganj,Pahelwanpur,NA,NA
Azamgarh,Bilriaganj,Madhanapar,NA,NA
Azamgarh,Bilriaganj,Patwad Kauluk,NA,NA
Azamgarh,Bilriaganj,Dorji Dhaurahra,NA,NA
Azamgarh,Bilriaganj,Andakhor,NA,NA
Azamgarh,Bilriaganj,Mohammadpur,NA,NA
Azamgarh,Bilriaganj,Chhihee,NA,NA
Azamgarh,Bilriaganj,Bankat,NA,NA
Azamgarh,Bilriaganj,Lado,NA,NA
Azamgarh,Bilriaganj,Amaraula Deh,NA,NA
Azamgarh,Bilriaganj,Baghidaad,NA,NA
Azamgarh,Bilriaganj,Nuruddinpur,NA,NA
Azamgarh,Bilriaganj,Gadwal,NA,NA
Azamgarh,Bilriaganj,Ashrafpur,NA,NA
Azamgarh,Bilriaganj,Baliya Kalyanpur,NA,NA
Azamgarh,Bilriaganj,Harkhpur,NA,NA
Azamgarh,Bilriaganj,Patikhoord,NA,NA
Azamgarh,Bilriaganj,Bindaval,NA,NA
Azamgarh,Bilriaganj,Jayarajpur,NA,NA
Azamgarh,Bilriaganj,Badihari,NA,NA
Azamgarh,Bilriaganj,Bhagatpur,NA,NA
Azamgarh,Bilriaganj,Gad dopur,NA,NA
Azamgarh,Bilriaganj,Shanti Waseerpur,NA,NA
Azamgarh,Bilriaganj,Jalalpur,NA,NA
Azamgarh,Bilriaganj,Ismailpur Goriya,NA,NA
Azamgarh,Bilriaganj,Akhapur,NA,NA
Azamgarh,Bilriaganj,Madhuban,NA,NA
Azamgarh,Bilriaganj,Kuan Devchandrapatti,NA,NA
Azamgarh,Bilriaganj,Shahpur Maolani,NA,NA
Azamgarh,Bilriaganj,Jolaha Begpur,NA,NA
Azamgarh,Bilriaganj,Khandrapur,NA,NA
Azamgarh,Bilriaganj,Barji,NA,NA
Azamgarh,Bilriaganj,Devai Rasulpur,NA,NA
Azamgarh,Bilriaganj,Manduri,NA,NA
Azamgarh,Bilriaganj,Bilariyaganj Dehat,NA,NA
Azamgarh,Bilriaganj,Nasirpur,NA,NA
Azamgarh,Bilriaganj,Gulwa Gauri,NA,NA
Azamgarh,Bilriaganj,Alauddin Patti,NA,NA
Azamgarh,Bilriaganj,Khalispur,NA,NA
Azamgarh,Bilriaganj,Chhichodi,NA,NA
Azamgarh,Bilriaganj,Bhawaraipur Patti Tand,NA,NA
Azamgarh,Bilriaganj,Devda Damodar Pur,NA,NA
Azamgarh,Bilriaganj,Gharsan Sohari,NA,NA
Azamgarh,Bilriaganj,Mallupur Kohdi,NA,NA
Azamgarh,Bilriaganj,Kapsa,NA,NA
Azamgarh,Bilriaganj,Miria,NA,NA
Azamgarh,Bilriaganj,Basti Ujgarpatti,NA,NA
Azamgarh,Bilriaganj,Tadva,NA,NA
Azamgarh,Bilriaganj,Dulhpar,NA,NA
Azamgarh,Bilriaganj,Gaddipura,NA,NA
Azamgarh,Bilriaganj,Dubharan Bujurg,NA,NA
Azamgarh,Bilriaganj,Zameen Pharenda,NA,NA
Azamgarh,Bilriaganj,Pachkhora,NA,NA
Azamgarh,Bilriaganj,Jehra Pipri,NA,NA
Azamgarh,Bilriaganj,Jigana Karmanpur,NA,NA
Azamgarh,Bilriaganj,Jamuan Hareeram,NA,NA
Azamgarh,Bilriaganj,Bagwaar,NA,NA
Azamgarh,Bilriaganj,Manpur,NA,NA
Azamgarh,Bilriaganj,Sheikhupur,NA,NA
Azamgarh,Bilriaganj,Hengayipur,NA,NA
Azamgarh,Ajmatgarah,Rasulpur,NA,NA
Azamgarh,Ajmatgarah,Kanjara Dilshadpur,NA,NA
Azamgarh,Ajmatgarah,Belsar Zamin Belsar,NA,NA
Azamgarh,Ajmatgarah,Sukhmadatt Nagar,NA,NA
Azamgarh,Ajmatgarah,Narhan Khaas,NA,NA
Azamgarh,Ajmatgarah,Bharoli,NA,NA
Azamgarh,Ajmatgarah,Allipur,NA,NA
Azamgarh,Ajmatgarah,Basupar Bankat,NA,NA
Azamgarh,Ajmatgarah,Jogiyabir,NA,NA
Azamgarh,Ajmatgarah,Mishrapur,NA,NA
Azamgarh,Ajmatgarah,Latghat,NA,NA
Azamgarh,Ajmatgarah,Jamser,NA,NA
Azamgarh,Ajmatgarah,Luchui,NA,NA
Azamgarh,Ajmatgarah,Khand,NA,NA
Azamgarh,Ajmatgarah,Suraina,NA,NA
Azamgarh,Ajmatgarah,Bairidad,NA,NA
Azamgarh,Ajmatgarah,Baluwa,NA,NA
Azamgarh,Ajmatgarah,Masouna,NA,NA
Azamgarh,Ajmatgarah,Jamin Meghai,NA,NA
Azamgarh,Ajmatgarah,Meghai Khas,NA,NA
Azamgarh,Ajmatgarah,Katai Alimmuddinpur,NA,NA
Azamgarh,Ajmatgarah,Khalispur,NA,NA
Azamgarh,Ajmatgarah,Chunugarh,NA,NA
Azamgarh,Ajmatgarah,Chandbhaar,NA,NA
Azamgarh,Ajmatgarah,Kasda Aima,NA,NA
Azamgarh,Ajmatgarah,Rauza Saifanpatti,NA,NA
Azamgarh,Ajmatgarah,Bhuwana Khurd,NA,NA
Azamgarh,Ajmatgarah,Sikaurora,NA,NA
Azamgarh,Ajmatgarah,Aliyabad Katai,NA,NA
Azamgarh,Ajmatgarah,Bishunpur,NA,NA
Azamgarh,Ajmatgarah,Bhuwana Bujurg,NA,NA
Azamgarh,Ajmatgarah,Kankh Bhar,NA,NA
Azamgarh,Ajmatgarah,Tekanpur,NA,NA
Azamgarh,Ajmatgarah,DamMahula,NA,NA
Azamgarh,Ajmatgarah,Bankatia,NA,NA
Azamgarh,Ajmatgarah,Mahula,NA,NA
Azamgarh,Ajmatgarah,Kasaba Sagdi,NA,NA
Azamgarh,Ajmatgarah,Naththupur,NA,NA
Azamgarh,Ajmatgarah,Chhatarpur Khushhal,NA,NA
Azamgarh,Ajmatgarah,Dawoodpur,NA,NA
Azamgarh,Ajmatgarah,Dhaurhara,NA,NA
Azamgarh,Ajmatgarah,Zamin Muhammadpur,NA,NA
Azamgarh,Ajmatgarah,Mirzapur,NA,NA
Azamgarh,Ajmatgarah,Kudaran Tiwari,NA,NA
Azamgarh,Ajmatgarah,Bhadau,NA,NA
Azamgarh,Ajmatgarah,Zameen Chhihi,NA,NA
Azamgarh,Ajmatgarah,Parpatti,NA,NA
Azamgarh,Ajmatgarah,Mahuliya,NA,NA
Azamgarh,Ajmatgarah,Kathaicha,NA,NA
Azamgarh,Ajmatgarah,Muhammedpur,NA,NA
Azamgarh,Ajmatgarah,Kodra,NA,NA
Azamgarh,Ajmatgarah,Digwania Khaaji,NA,NA
Azamgarh,Ajmatgarah,Chauko Bujurg,NA,NA
Azamgarh,Ajmatgarah,Chauko Khurd,NA,NA
Azamgarh,Ajmatgarah,Tarauka,NA,NA
Azamgarh,Ajmatgarah,Chhapra Sultanpur,NA,NA
Azamgarh,Ajmatgarah,Bhatoulee Ibrahimur,NA,NA
Azamgarh,Ajmatgarah,Imilia,NA,NA
Azamgarh,Ajmatgarah,Salhepur,NA,NA
Azamgarh,Ajmatgarah,Harai Ismailpur,NA,NA
Azamgarh,Ajmatgarah,Atarkachha,NA,NA
Azamgarh,Ajmatgarah,Digwania Mazhua,NA,NA
Azamgarh,Ajmatgarah,Paran Kunda,NA,NA
Azamgarh,Ajmatgarah,Brahmauli Beni,NA,NA
Azamgarh,Ajmatgarah,Ajgara,NA,NA
Bijnaur,Jalilpur,Naipura urf Jujharpur,1574,Jalilpur
Azamgarh,Ajmatgarah,Banaura Mainathatpatti,NA,NA
Azamgarh,Ajmatgarah,Sokhana Khalsa,NA,NA
Azamgarh,Ajmatgarah,Amuari Nayanpur,NA,NA
Azamgarh,Ajmatgarah,Mahawatgarh,NA,NA
Azamgarh,Ajmatgarah,Zameen Harkhori,NA,NA
Azamgarh,Ajmatgarah,Purushottampur Kaitholi,NA,NA
Azamgarh,Ajmatgarah,Punapar,NA,NA
Azamgarh,Ajmatgarah,Kadipur,NA,NA
Azamgarh,Ajmatgarah,Anjaanshaheed,NA,NA
Azamgarh,Ajmatgarah,Sundar Sarai Ballo,NA,NA
Azamgarh,Ajmatgarah,Kokilpar,NA,NA
Azamgarh,Ajmatgarah,Devapar,NA,NA
Azamgarh,Ajmatgarah,Turkholi,NA,NA
Azamgarh,Ajmatgarah,Olmapur,NA,NA
Azamgarh,Ajmatgarah,Sanwarpur,NA,NA
Azamgarh,Ajmatgarah,Berma,NA,NA
Azamgarh,Ajmatgarah,Changipur,NA,NA
Azamgarh,Ajmatgarah,Dholipur,NA,NA
Azamgarh,Ajmatgarah,Shahpur Newada,NA,NA
Azamgarh,Ajmatgarah,Khatibpur,NA,NA
Azamgarh,Maharajganj,KuDhi,NA,NA
Azamgarh,Maharajganj,Badiyanchak,NA,NA
Azamgarh,Maharajganj,Saidpur,NA,NA
Azamgarh,Maharajganj,Devra Harkhpura,NA,NA
Azamgarh,Maharajganj,Mahajidewara Jadeed,NA,NA
Azamgarh,Maharajganj,Chaknayak,NA,NA
Azamgarh,Maharajganj,Mudilpur,NA,NA
Azamgarh,Maharajganj,Sugoi,NA,NA
Azamgarh,Maharajganj,badharDih,NA,NA
Azamgarh,Maharajganj,Jamalpur,NA,NA
Azamgarh,Maharajganj,Harkhpur Khas,NA,NA
Azamgarh,Maharajganj,Jhotipur,NA,NA
Azamgarh,Maharajganj,Raghunathpur,NA,NA
Azamgarh,Maharajganj,Pratapur,NA,NA
Azamgarh,Maharajganj,Gorakhpur,NA,NA
Azamgarh,Maharajganj,Gopalpur,NA,NA
Azamgarh,Maharajganj,Judooram pur,NA,NA
Azamgarh,Maharajganj,Bhagwanpur,NA,NA
Azamgarh,Maharajganj,Gobardhanpur,NA,NA
Azamgarh,Maharajganj,Singhawarakhas,NA,NA
Azamgarh,Maharajganj,Rudarpur,NA,NA
Azamgarh,Maharajganj,Mahavi Sherpur,NA,NA
Azamgarh,Maharajganj,Bhatauli,NA,NA
Azamgarh,Maharajganj,Parashurampur,NA,NA
Azamgarh,Maharajganj,Jamilpur,NA,NA
Azamgarh,Maharajganj,Sheetalpur,NA,NA
Azamgarh,Maharajganj,Bansthan,NA,NA
Azamgarh,Maharajganj,Itora Dayal,NA,NA
Azamgarh,Maharajganj,Nagwa Maida,NA,NA
Azamgarh,Maharajganj,Baijuapur,NA,NA
Azamgarh,Maharajganj,Chandpur Bbatore,NA,NA
Azamgarh,Maharajganj,Ibrapur,NA,NA
Azamgarh,Maharajganj,Hathagarh,NA,NA
Azamgarh,Maharajganj,Kumhawat,NA,NA
Azamgarh,Maharajganj,NEWADA,NA,NA
Azamgarh,Maharajganj,Devnpur,NA,NA
Azamgarh,Maharajganj,Chourasi,NA,NA
Azamgarh,Maharajganj,Narottampur,NA,NA
Azamgarh,Maharajganj,Sardaha,NA,NA
Azamgarh,Maharajganj,Budhave Hisamuddinpur,NA,NA
Azamgarh,Maharajganj,Sikandarpur Ima,NA,NA
Azamgarh,Maharajganj,Avsanpur,NA,NA
Azamgarh,Maharajganj,Maudia,NA,NA
Azamgarh,Maharajganj,Bhilumpur,NA,NA
Azamgarh,Maharajganj,Maharupur,NA,NA
Azamgarh,Maharajganj,Godapur,NA,NA
Azamgarh,Maharajganj,Kaptaiganj,NA,NA
Azamgarh,Maharajganj,Khiridiha,NA,NA
Azamgarh,Maharajganj,Bhitehra,NA,NA
Azamgarh,Maharajganj,Terhi,NA,NA
Bijnaur,Jalilpur,Mahmudpur,1574,Jalilpur
Azamgarh,Maharajganj,Bachhuwapar,NA,NA
Azamgarh,Maharajganj,Chewta,NA,NA
Azamgarh,Maharajganj,Gosaiypur,NA,NA
Azamgarh,Maharajganj,KashiPur CharaUva,NA,NA
Azamgarh,Maharajganj,Ledoopar,NA,NA
Azamgarh,Maharajganj,Bhatini,NA,NA
Azamgarh,Maharajganj,Pratap pur,NA,NA
Azamgarh,Hareya,Purabal Narayan,NA,NA
Azamgarh,Hareya,Jamua Sagar,NA,NA
Azamgarh,Hareya,Bahabanpur,NA,NA
Azamgarh,Hareya,Mau Kutubpur,NA,NA
Azamgarh,Hareya,Hareya,NA,NA
Azamgarh,Hareya,Banawe,NA,NA
Azamgarh,Hareya,Bankata,NA,NA
Azamgarh,Hareya,Gaderua,NA,NA
Azamgarh,Hareya,Isarpar,NA,NA
Azamgarh,Hareya,Ramgarh,NA,NA
Azamgarh,Hareya,Itali,NA,NA
Azamgarh,Hareya,Sargaha Sagar,NA,NA
Azamgarh,Hareya,Pihaar,NA,NA
Azamgarh,Hareya,Hasanpur,NA,NA
Azamgarh,Hareya,Rasulpur,NA,NA
Azamgarh,Hareya,Bardiha,NA,NA
Azamgarh,Hareya,Siwaaan,NA,NA
Azamgarh,Hareya,Setha Kvoli,NA,NA
Azamgarh,Hareya,Baniyapara,NA,NA
Bijnaur,Jalilpur,Kakarala,1574,Jalilpur
Azamgarh,Hareya,Pahadpur,NA,NA
Azamgarh,Hareya,Ajgara Mashki,NA,NA
Azamgarh,Hareya,Masuriapur,NA,NA
Azamgarh,Hareya,Shahdih,NA,NA
Azamgarh,Hareya,Baghavar,NA,NA
Azamgarh,Hareya,Baijabari,NA,NA
Azamgarh,Hareya,Bhadaura Makarand,NA,NA
Azamgarh,Hareya,Ronapa,NA,NA
Azamgarh,Hareya,Karmani,NA,NA
Azamgarh,Hareya,Turkholi,NA,NA
Azamgarh,Hareya,Manikpur,NA,NA
Azamgarh,Hareya,Sonaura,NA,NA
Azamgarh,Hareya,Usari,NA,NA
Azamgarh,Hareya,Son Bujurg,NA,NA
Azamgarh,Hareya,Sapaha Pathak,NA,NA
Azamgarh,Hareya,Araji Dewara Nainijor,NA,NA
Azamgarh,Hareya,Banahara,NA,NA
Azamgarh,Hareya,Bagai Kapoor,NA,NA
Azamgarh,Hareya,Ajgara Magarvi,NA,NA
Azamgarh,Hareya,Chaand Patti,NA,NA
Azamgarh,Hareya,Hajipur,NA,NA
Azamgarh,Hareya,Khetapur,NA,NA
Azamgarh,Hareya,Suradapaar,NA,NA
Azamgarh,Hareya,Raichandpatti,NA,NA
Azamgarh,Hareya,Bhaisad,NA,NA
Azamgarh,Hareya,Sirahi,NA,NA
Azamgarh,Hareya,Khairghat,NA,NA
Azamgarh,Hareya,Belkuṇḍā,NA,NA
Azamgarh,Hareya,Chakalalchand,NA,NA
Azamgarh,Hareya,Gadaura Majhaura,NA,NA
Azamgarh,Hareya,Savarakund,NA,NA
Azamgarh,Hareya,Manikadih,NA,NA
Azamgarh,Hareya,Barjala Gangapur,NA,NA
Azamgarh,Hareya,Jokhara,NA,NA
Azamgarh,Hareya,Parsia,NA,NA
Azamgarh,Hareya,Sahnupur,NA,NA
Azamgarh,Hareya,Gangepur,NA,NA
Azamgarh,Hareya,Karkhia Rustampur S,NA,NA
Azamgarh,Hareya,Mahaji Sindhwara,NA,NA
Azamgarh,Hareya,Roshanaganj,NA,NA
Azamgarh,Hareya,Hyderabad,NA,NA
Azamgarh,Hareya,Urdiha,NA,NA
Azamgarh,Hareya,Achalnagar,NA,NA
Azamgarh,Phoolpur,Sadarpur Barauli,NA,NA
Azamgarh,Phoolpur,Sudinipur,NA,NA
Azamgarh,Phoolpur,Phoolpur Dehat,NA,NA
Azamgarh,Phoolpur,shekhwalia,NA,NA
Azamgarh,Phoolpur,Sahjerpur,NA,NA
Azamgarh,Phoolpur,Teuga,NA,NA
Azamgarh,Phoolpur,Jouma,NA,NA
Azamgarh,Phoolpur,Udpur,NA,NA
Bijnaur,Jalilpur,Pahadpur Kala Urf M,1574,Jalilpur
Azamgarh,Phoolpur,Noniandih,NA,NA
Azamgarh,Phoolpur,Manpur,NA,NA
Azamgarh,Phoolpur,Khanpur Belhma,NA,NA
Azamgarh,Phoolpur,NEWADA,NA,NA
Azamgarh,Phoolpur,Makkhapur,NA,NA
Azamgarh,Phoolpur,hatnaura kala,NA,NA
Azamgarh,Phoolpur,Jhakha,NA,NA
Azamgarh,Phoolpur,Katar,NA,NA
Azamgarh,Phoolpur,Khairuddinpur,NA,NA
Azamgarh,Phoolpur,Khanjahanpur,NA,NA
Azamgarh,Phoolpur,Saidpur,NA,NA
Azamgarh,Phoolpur,Bilarmau,NA,NA
Azamgarh,Phoolpur,Bhadasar,NA,NA
Azamgarh,Phoolpur,Sajaii,NA,NA
Azamgarh,Phoolpur,Bibiganj,NA,NA
Azamgarh,Phoolpur,Sarawa,NA,NA
Azamgarh,Phoolpur,Nauahra,NA,NA
Azamgarh,Phoolpur,Rammoopur,NA,NA
Azamgarh,Phoolpur,Rajapur,NA,NA
Azamgarh,Phoolpur,Bairkadih,NA,NA
Azamgarh,Phoolpur,Guwai,NA,NA
Azamgarh,Phoolpur,Samaspur,NA,NA
Azamgarh,Phoolpur,Kaitholi,NA,NA
Azamgarh,Phoolpur,Palti,NA,NA
Azamgarh,Phoolpur,Harwa,NA,NA
Azamgarh,Phoolpur,Charauna,NA,NA
Azamgarh,Phoolpur,Dariapur,NA,NA
Bijnaur,Jalilpur,Jogioundha,1574,Jalilpur
Azamgarh,Phoolpur,Dihpur,NA,NA
Azamgarh,Phoolpur,Meer Ahmadpur Shah,NA,NA
Azamgarh,Phoolpur,Khar Sahani Kala,NA,NA
Azamgarh,Phoolpur,Kharsahan Khurd,NA,NA
Azamgarh,Phoolpur,Kushagaon,NA,NA
Azamgarh,Phoolpur,Fattehpur,NA,NA
Azamgarh,Phoolpur,Dih Kaitholi,NA,NA
Azamgarh,Phoolpur,Khetapatti,NA,NA
Azamgarh,Phoolpur,Mahuawara khurd,NA,NA
Azamgarh,Phoolpur,Rasanwa,NA,NA
Azamgarh,Phoolpur,Gadaippur,NA,NA
Azamgarh,Phoolpur,Dubawan,NA,NA
Azamgarh,Phoolpur,Salauddinpur,NA,NA
Azamgarh,Phoolpur,Noorpur,NA,NA
Azamgarh,Phoolpur,Adammau,NA,NA
Azamgarh,Phoolpur,Puk (Pushpnagar),NA,NA
Azamgarh,Phoolpur,Bakra,NA,NA
Azamgarh,Phoolpur,Gobarha,NA,NA
Azamgarh,Phoolpur,Gandhi,NA,NA
Azamgarh,Phoolpur,Baisdih,NA,NA
Azamgarh,Phoolpur,Katranoor Pur,NA,NA
Azamgarh,Phoolpur,Bhor Mau,NA,NA
Azamgarh,Phoolpur,Gad dopur,NA,NA
Azamgarh,Phoolpur,Sigarpur,NA,NA
Azamgarh,Phoolpur,Bihta,NA,NA
Azamgarh,Phoolpur,Bhedia,NA,NA
Azamgarh,Phoolpur,Budhapur Kutubali,NA,NA
Azamgarh,Phoolpur,Ishapur,NA,NA
Azamgarh,Phoolpur,Malgaon,NA,NA
Azamgarh,Phoolpur,Sadaruddinpur,NA,NA
Azamgarh,Phoolpur,Baksapur,NA,NA
Azamgarh,Phoolpur,Shekhpur Pipri,NA,NA
Azamgarh,Phoolpur,Buddapur Badal,NA,NA
Azamgarh,Phoolpur,Dariya,NA,NA
Azamgarh,Phoolpur,Chamawan,NA,NA
Azamgarh,Phoolpur,Mudwar,NA,NA
Azamgarh,Pawai,Mittupur,NA,NA
Azamgarh,Pawai,Balaipur,NA,NA
Azamgarh,Pawai,Nandeser,NA,NA
Azamgarh,Pawai,Hardia,NA,NA
Azamgarh,Pawai,Bharahiya,NA,NA
Azamgarh,Pawai,Bhitaura,NA,NA
Azamgarh,Pawai,Saudma,NA,NA
Azamgarh,Pawai,Khandoura,NA,NA
Azamgarh,Pawai,Hamirpur,NA,NA
Azamgarh,Pawai,Datapur,NA,NA
Azamgarh,Pawai,Kalafatpur,NA,NA
Azamgarh,Pawai,Muhammedpur,NA,NA
Azamgarh,Pawai,Sultanpur,NA,NA
Azamgarh,Pawai,Milkipur,NA,NA
Azamgarh,Pawai,Nassopur,NA,NA
Azamgarh,Pawai,Laggu Pur,NA,NA
Azamgarh,Pawai,Pratapur,NA,NA
Azamgarh,Pawai,Bhimpur,NA,NA
Azamgarh,Pawai,Ramnagar,NA,NA
Azamgarh,Pawai,Bakhariya,NA,NA
Azamgarh,Pawai,Kachhra,NA,NA
Bijnaur,Jalilpur,Tungri,1574,Jalilpur
Azamgarh,Pawai,Khurchanda,NA,NA
Azamgarh,Pawai,Manuddinpur,NA,NA
Azamgarh,Pawai,Gad dopur,NA,NA
Azamgarh,Pawai,Sulamapur,NA,NA
Azamgarh,Pawai,Mutakkallipur,NA,NA
Azamgarh,Pawai,Shah Mardandpur,NA,NA
Azamgarh,Pawai,Alinagar,NA,NA
Azamgarh,Pawai,Bilwai,NA,NA
Azamgarh,Pawai,Kadipur,NA,NA
Azamgarh,Pawai,Bastichakgulira,NA,NA
Azamgarh,Pawai,Jaldeepur,NA,NA
Azamgarh,Pawai,Khemipur,NA,NA
Azamgarh,Pawai,Larppur Gauhar,NA,NA
Azamgarh,Pawai,Khairuddinpur,NA,NA
Azamgarh,Pawai,Saraypur,NA,NA
Azamgarh,Pawai,Ibrapur,NA,NA
Azamgarh,Pawai,Bag Bahar,NA,NA
Azamgarh,Pawai,Kohd,NA,NA
Azamgarh,Pawai,Jafar pur Kathakan,NA,NA
Azamgarh,Pawai,Sherjahanpur,NA,NA
Azamgarh,Pawai,Pachrukhwa,NA,NA
Azamgarh,Pawai,Godhna,NA,NA
Azamgarh,Pawai,Hajipur  Kudrat,NA,NA
Azamgarh,Pawai,Karauja,NA,NA
Azamgarh,Pawai,Ambari,NA,NA
Azamgarh,Pawai,Maksudiyaa,NA,NA
Azamgarh,Pawai,Belsiya,NA,NA
Azamgarh,Pawai,Paliya Mafi,NA,NA
Azamgarh,Pawai,Jamalpur,NA,NA
Azamgarh,Pawai,Uphri,NA,NA
Azamgarh,Pawai,Andhipur,NA,NA
Azamgarh,Pawai,Basai AsarFpur,NA,NA
Azamgarh,Pawai,Bahauuddinpur,NA,NA
Azamgarh,Pawai,Itkohiya,NA,NA
Azamgarh,Pawai,Aleampur,NA,NA
Azamgarh,Pawai,Mustafabad,NA,NA
Azamgarh,Pawai,Saraiya Khurd,NA,NA
Bijnaur,Jalilpur,Aharauli,1574,Jalilpur
Azamgarh,Pawai,Shahraja,NA,NA
Azamgarh,Pawai,Gumkothi,NA,NA
Azamgarh,Pawai,Fattehpur Sherali,NA,NA
Azamgarh,Pawai,Naharpur,NA,NA
Azamgarh,Pawai,Naati,NA,NA
Azamgarh,Pawai,Dhadiya,NA,NA
Azamgarh,Pawai,Fattanpur,NA,NA
Azamgarh,Pawai,Raamaapur,NA,NA
Azamgarh,Pawai,Chajjopatati,NA,NA
Azamgarh,Pawai,Imli Mahuwa,NA,NA
Bijnaur,Jalilpur,Bahataula,1574,Jalilpur
Azamgarh,Pawai,Raida,NA,NA
Azamgarh,Pawai,Makhdumpur,NA,NA
Azamgarh,Pawai,Nizampur,NA,NA
Azamgarh,Pawai,Pooraramji,NA,NA
Azamgarh,Pawai,Dehri,NA,NA
Azamgarh,Pawai,Daniyalpur,NA,NA
Azamgarh,Pawai,Bahadurdinpur,NA,NA
Azamgarh,Pawai,Mahua,NA,NA
Azamgarh,Pawai,Hewati,NA,NA
Azamgarh,Pawai,Majhaura,NA,NA
Azamgarh,Pawai,Andika,NA,NA
Azamgarh,Pawai,Sumhadih,NA,NA
Azamgarh,Martinganj,Puranpur,NA,NA
Azamgarh,Martinganj,Asai Molnapur,NA,NA
Azamgarh,Martinganj,Sikraur Sahbari,NA,NA
Azamgarh,Martinganj,Yusufpur Khanpur,NA,NA
Azamgarh,Martinganj,Sahijnah,NA,NA
Azamgarh,Martinganj,Bhatinpara,NA,NA
Azamgarh,Martinganj,Aamgaon,NA,NA
Azamgarh,Martinganj,Sudharpur,NA,NA
Azamgarh,Martinganj,Phoolesh Ahmed Wax,NA,NA
Azamgarh,Martinganj,Piperaula,NA,NA
Azamgarh,Martinganj,Karui,NA,NA
Azamgarh,Martinganj,Larpur Baksu,NA,NA
Azamgarh,Martinganj,Pakraul,NA,NA
Azamgarh,Martinganj,Kuswa,NA,NA
Azamgarh,Martinganj,Kalepur Katherwa,NA,NA
Azamgarh,Martinganj,Chitara Mahmoodpur,NA,NA
Azamgarh,Martinganj,Nikasipur,NA,NA
Azamgarh,Martinganj,Bangaaon,NA,NA
Azamgarh,Martinganj,Belwana,NA,NA
Azamgarh,Martinganj,Syed Bahauddinpur,NA,NA
Azamgarh,Martinganj,Kurhubwa,NA,NA
Azamgarh,Martinganj,Barrā,NA,NA
Azamgarh,Martinganj,Baichand,NA,NA
Azamgarh,Martinganj,Barounapatti,NA,NA
Azamgarh,Martinganj,Kodhara,NA,NA
Azamgarh,Martinganj,Dasmada,NA,NA
Azamgarh,Martinganj,Sateni,NA,NA
Azamgarh,Martinganj,Lilai,NA,NA
Azamgarh,Martinganj,Dubra Sheikhpura,NA,NA
Azamgarh,Martinganj,Rasulpur Tungi,NA,NA
Azamgarh,Martinganj,Chakchorra,NA,NA
Azamgarh,Martinganj,Sohauli,NA,NA
Azamgarh,Martinganj,Jagdishpur,NA,NA
Azamgarh,Martinganj,Mahuja Nevada,NA,NA
Azamgarh,Martinganj,Denhduwar,NA,NA
Azamgarh,Martinganj,Fatuhi,NA,NA
Azamgarh,Martinganj,Kumbh,NA,NA
Azamgarh,Martinganj,Kohrauli,NA,NA
Azamgarh,Martinganj,Pichaura,NA,NA
Azamgarh,Martinganj,lasDa khurd,NA,NA
Azamgarh,Martinganj,Lasra Kala,NA,NA
Azamgarh,Martinganj,Jethhari,NA,NA
Azamgarh,Martinganj,Narve,NA,NA
Azamgarh,Martinganj,Siswara,NA,NA
Azamgarh,Martinganj,Basti Kapuri,NA,NA
Azamgarh,Martinganj,Irna Gokulpur,NA,NA
Azamgarh,Martinganj,Surhan,NA,NA
Azamgarh,Martinganj,Leduwawar,NA,NA
Azamgarh,Martinganj,Kaura Gahni,NA,NA
Azamgarh,Martinganj,Khasdih,NA,NA
Azamgarh,Martinganj,Para,NA,NA
Azamgarh,Martinganj,Rangdiha,NA,NA
Azamgarh,Martinganj,Nonari,NA,NA
Azamgarh,Martinganj,Chittepur,NA,NA
Azamgarh,Martinganj,Belhari Imamali,NA,NA
Azamgarh,Martinganj,Narai Sultan,NA,NA
Azamgarh,Martinganj,Kasba Fatehpur,NA,NA
Azamgarh,Koyalsa,Usurkudwa,NA,NA
Azamgarh,Koyalsa,Bhairodaspur,NA,NA
Azamgarh,Koyalsa,Rampur Dasrajpatti,NA,NA
Azamgarh,Koyalsa,BhimaKol,NA,NA
Azamgarh,Koyalsa,Majhwa,NA,NA
Azamgarh,Koyalsa,Husepur Ramjiyawan,NA,NA
Azamgarh,Koyalsa,Karmahan Dingerpur,NA,NA
Azamgarh,Koyalsa,Madha Harivallbh,NA,NA
Azamgarh,Koyalsa,Bhaupur,NA,NA
Azamgarh,Koyalsa,Pipiri,NA,NA
Azamgarh,Koyalsa,Husepur Sanup,NA,NA
Azamgarh,Koyalsa,Bankat Jagdish,NA,NA
Azamgarh,Koyalsa,Bauriha,NA,NA
Azamgarh,Koyalsa,Madeypur,NA,NA
Azamgarh,Koyalsa,Patadhan,NA,NA
Azamgarh,Koyalsa,Makhanha,NA,NA
Azamgarh,Koyalsa,Nebua Dih,NA,NA
Azamgarh,Koyalsa,Baheliapur,NA,NA
Azamgarh,Koyalsa,Saraiya,NA,NA
Azamgarh,Koyalsa,Amari,NA,NA
Azamgarh,Koyalsa,Atareth,NA,NA
Azamgarh,Koyalsa,Raipur Khurasin,NA,NA
Azamgarh,Koyalsa,Deurar Sara,NA,NA
Bijnaur,Jalilpur,Manauta,1574,Jalilpur
Azamgarh,Koyalsa,Budhanpur,NA,NA
Azamgarh,Koyalsa,Ishwarpur Pawni,NA,NA
Azamgarh,Koyalsa,Koyalsa,NA,NA
Azamgarh,Koyalsa,Kakrahee,NA,NA
Azamgarh,Koyalsa,Sherwa,NA,NA
Azamgarh,Koyalsa,Bhimalpur Chhapra,NA,NA
Azamgarh,Koyalsa,Keshavpur,NA,NA
Azamgarh,Koyalsa,Badagaon,NA,NA
Azamgarh,Koyalsa,Domonpur,NA,NA
Bijnaur,Jalilpur,Akbarpur Urf Sabdal,1574,Jalilpur
Azamgarh,Koyalsa,Kabiruddeenpur,NA,NA
Azamgarh,Koyalsa,Lalapatti,NA,NA
Azamgarh,Koyalsa,Gaurahardo,NA,NA
Azamgarh,Koyalsa,Itaura Khalispur,NA,NA
Azamgarh,Koyalsa,Madiapar,NA,NA
Azamgarh,Koyalsa,Saghanpatti,NA,NA
Azamgarh,Koyalsa,Bemoodih Kishundeopatt,NA,NA
Azamgarh,Koyalsa,Sihora,NA,NA
Azamgarh,Koyalsa,Hisamuddinpur,NA,NA
Azamgarh,Koyalsa,EKDangi Biharpur,NA,NA
Azamgarh,Koyalsa,Shikhuli,NA,NA
Azamgarh,Koyalsa,Piyaria,NA,NA
Azamgarh,Koyalsa,Nagwa,NA,NA
Azamgarh,Koyalsa,Jalalpur,NA,NA
Azamgarh,Koyalsa,Ratnawe,NA,NA
Azamgarh,Koyalsa,Vistara,NA,NA
Azamgarh,Koyalsa,Wajidpur,NA,NA
Azamgarh,Koyalsa,Dingur Nizam,NA,NA
Azamgarh,Koyalsa,Ghazipur,NA,NA
Azamgarh,Koyalsa,Thahar Kishuundevaapur,NA,NA
Azamgarh,Koyalsa,Devaria,NA,NA
Azamgarh,Koyalsa,Bhaisapur Chak Rajai,NA,NA
Azamgarh,Koyalsa,Bhedaura Molanapur,NA,NA
Azamgarh,Koyalsa,Dhanesh Pandey,NA,NA
Azamgarh,Koyalsa,Tamrua,NA,NA
Azamgarh,Koyalsa,Kaudia,NA,NA
Azamgarh,Koyalsa,JalalpurJaganandannagar,NA,NA
Azamgarh,Koyalsa,Dhandhari,NA,NA
Azamgarh,Koyalsa,Math Govind,NA,NA
Azamgarh,Koyalsa,Raipur Kaji,NA,NA
Azamgarh,Koyalsa,Lahrapaar,NA,NA
Azamgarh,Koyalsa,Rasulpur Urf Pasipur,NA,NA
Azamgarh,Koyalsa,Mukhlispur,NA,NA
Azamgarh,Koyalsa,Aranv Gulzar,NA,NA
Azamgarh,Koyalsa,Molnapur Nathnapatti,NA,NA
Azamgarh,Koyalsa,Bhawani Patti,NA,NA
Azamgarh,Atrauliya,Nandna,NA,NA
Azamgarh,Atrauliya,Reetia,NA,NA
Azamgarh,Atrauliya,Pratapur Chhataura,NA,NA
Azamgarh,Atrauliya,Bodhipatti,NA,NA
Azamgarh,Atrauliya,Tadva,NA,NA
Azamgarh,Atrauliya,Mangitpur,NA,NA
Azamgarh,Atrauliya,Jammi Nandana,NA,NA
Azamgarh,Atrauliya,Bhikhpur,NA,NA
Azamgarh,Atrauliya,Govindpur,NA,NA
Azamgarh,Atrauliya,Bhagatpur,NA,NA
Azamgarh,Atrauliya,Pachri,NA,NA
Azamgarh,Atrauliya,Pakardiha,NA,NA
Azamgarh,Atrauliya,Mirpur,NA,NA
Azamgarh,Atrauliya,Rukmalpur,NA,NA
Azamgarh,Atrauliya,Rampur Khas,NA,NA
Azamgarh,Atrauliya,Ratuapaar,NA,NA
Azamgarh,Atrauliya,Badaura Lachhirampur,NA,NA
Azamgarh,Atrauliya,Makraha,NA,NA
Azamgarh,Atrauliya,Dhanyipur,NA,NA
Azamgarh,Atrauliya,Sikandarpur,NA,NA
Azamgarh,Atrauliya,Tejapur,NA,NA
Azamgarh,Atrauliya,Lohra Pratham,NA,NA
Azamgarh,Atrauliya,Atrauliya,NA,NA
Azamgarh,Atrauliya,Ganpatpur,NA,NA
Azamgarh,Atrauliya,Chistipur,NA,NA
Azamgarh,Atrauliya,Selhrapatti,NA,NA
Azamgarh,Atrauliya,Bhiura,NA,NA
Azamgarh,Atrauliya,Kantalpur,NA,NA
Azamgarh,Atrauliya,Haiderpur Khas,NA,NA
Azamgarh,Atrauliya,Dehula Saltanat,NA,NA
Azamgarh,Atrauliya,Chitaunikhas,NA,NA
Azamgarh,Atrauliya,Thireipatti,NA,NA
Azamgarh,Atrauliya,Chaturpur Khas,NA,NA
Azamgarh,Atrauliya,Jogipur,NA,NA
Azamgarh,Atrauliya,Vaishpur,NA,NA
Azamgarh,Atrauliya,Mudera,NA,NA
Azamgarh,Atrauliya,Chaturpur Magaipatti,NA,NA
Azamgarh,Atrauliya,Mahngupur Dhahar,NA,NA
Azamgarh,Atrauliya,Sheinpur,NA,NA
Azamgarh,Atrauliya,Sipar Patti,NA,NA
Azamgarh,Atrauliya,Badhya,NA,NA
Azamgarh,Atrauliya,Anantpur,NA,NA
Bijnaur,Jalilpur,Mahu,1574,Jalilpur
Azamgarh,Atrauliya,Madanpatti,NA,NA
Azamgarh,Atrauliya,Peera,NA,NA
Azamgarh,Atrauliya,Marohee,NA,NA
Azamgarh,Atrauliya,Edilpur,NA,NA
Azamgarh,Atrauliya,Bansepur,NA,NA
Azamgarh,Atrauliya,Kadsara,NA,NA
Azamgarh,Atrauliya,Khoreediha,NA,NA
Azamgarh,Atrauliya,Bhedwa Majhauli,NA,NA
Bijnaur,Jalilpur,Akabarpur Manjara Send,1574,Jalilpur
Azamgarh,Atrauliya,Sukhipur,NA,NA
Azamgarh,Atrauliya,Upatapar Bansgaon,NA,NA
Azamgarh,Atrauliya,Gorathani,NA,NA
Azamgarh,Atrauliya,Amepur,NA,NA
Azamgarh,Atrauliya,zameen Dasaanv,NA,NA
Azamgarh,Atrauliya,Dhaurhara,NA,NA
Azamgarh,Ahiraula,Pithapur,NA,NA
Azamgarh,Ahiraula,Basaipur,NA,NA
Azamgarh,Ahiraula,Kotwalippur,NA,NA
Azamgarh,Ahiraula,Khajuri,NA,NA
Azamgarh,Ahiraula,Pakadee,NA,NA
Azamgarh,Ahiraula,Bhogaicha,NA,NA
Azamgarh,Ahiraula,Gauri,NA,NA
Azamgarh,Ahiraula,Bakarkol,NA,NA
Azamgarh,Ahiraula,Chhitouna,NA,NA
Azamgarh,Ahiraula,Madna,NA,NA
Azamgarh,Ahiraula,Ahiraula,NA,NA
Azamgarh,Ahiraula,Matlabpur,NA,NA
Azamgarh,Ahiraula,Khemkaranpur,NA,NA
Azamgarh,Ahiraula,Arusha,NA,NA
Saharanpur,Nakud,Sahajavi,2077,Nakur
Azamgarh,Ahiraula,Chatona Aacchepur,NA,NA
Azamgarh,Ahiraula,Bhatauli,NA,NA
Azamgarh,Ahiraula,sultanipur,NA,NA
Azamgarh,Ahiraula,Sarain,NA,NA
Azamgarh,Ahiraula,Benduai,NA,NA
Azamgarh,Ahiraula,Hameed Pur,NA,NA
Azamgarh,Ahiraula,Yudhishtirpatti,NA,NA
Azamgarh,Ahiraula,Basti Bhujwal,NA,NA
Azamgarh,Ahiraula,Aleampur,NA,NA
Azamgarh,Ahiraula,Karanpur,NA,NA
Azamgarh,Ahiraula,Hasan Dih,NA,NA
Azamgarh,Ahiraula,Bahraa KoThee,NA,NA
Azamgarh,Ahiraula,Ishakpur,NA,NA
Azamgarh,Ahiraula,Kishunpur Graha,NA,NA
Azamgarh,Ahiraula,Sarkokola,NA,NA
Azamgarh,Ahiraula,Sipah,NA,NA
Azamgarh,Ahiraula,Hasapur Kala,NA,NA
Azamgarh,Ahiraula,Sahuval,NA,NA
Azamgarh,Ahiraula,Bihara Bujurg,NA,NA
Azamgarh,Ahiraula,Baraippur,NA,NA
Azamgarh,Ahiraula,Gajandharpatti Bhataura,NA,NA
Azamgarh,Ahiraula,Bhairoopur Dargah,NA,NA
Azamgarh,Ahiraula,Gopalipatty,NA,NA
Azamgarh,Ahiraula,Jagdeeshpur HarivanshDhar,NA,NA
Azamgarh,Ahiraula,Samdi,NA,NA
Bijnaur,Jalilpur,Bahmanshaura,1574,Jalilpur
Azamgarh,Ahiraula,Kothra,NA,NA
Azamgarh,Ahiraula,Gahaji,NA,NA
Azamgarh,Ahiraula,Dharouli,NA,NA
Azamgarh,Ahiraula,Khalispur,NA,NA
Azamgarh,Ahiraula,Ledaura,NA,NA
Azamgarh,Ahiraula,Kushmahara,NA,NA
Azamgarh,Ahiraula,Bilari,NA,NA
Azamgarh,Ahiraula,Asrafpur,NA,NA
Azamgarh,Ahiraula,Kalyanpur,NA,NA
Bijnaur,Jalilpur,Jahanagipur manjara gyan,1574,Jalilpur
Azamgarh,Ahiraula,Narfora,NA,NA
Azamgarh,Ahiraula,Rajapatti,NA,NA
Azamgarh,Ahiraula,Satuwahia,NA,NA
Azamgarh,Ahiraula,Bhawarupur,NA,NA
Azamgarh,Ahiraula,Ganwara,NA,NA
Azamgarh,Ahiraula,Molnapur,NA,NA
Azamgarh,Ahiraula,Saktapur,NA,NA
Azamgarh,Ahiraula,Sukhipur,NA,NA
Azamgarh,Ahiraula,Barampur,NA,NA
Azamgarh,Ahiraula,Faridpur,NA,NA
Azamgarh,Ahiraula,Oral,NA,NA
Azamgarh,Ahiraula,Maahul,NA,NA
Azamgarh,Ahiraula,Atardih,NA,NA
Azamgarh,Ahiraula,Sasallipur,NA,NA
Azamgarh,Ahiraula,Kandara,NA,NA
Azamgarh,Ahiraula,Kandari,NA,NA
Azamgarh,Ahiraula,Dakhin Gaon,NA,NA
Azamgarh,Ahiraula,Kors Ghatampur,NA,NA
Azamgarh,Ahiraula,Banarhiya,NA,NA
Azamgarh,Ahiraula,Pura Kodai,NA,NA
Azamgarh,Ahiraula,Bibipur Pakhanpur,NA,NA
Azamgarh,Ahiraula,Pura Dube,NA,NA
Azamgarh,Ahiraula,Sajni,NA,NA
Azamgarh,Ahiraula,Balharmay Chak Gajdi,NA,NA
Azamgarh,Ahiraula,Bidharmmay Chak Khajura,NA,NA
Azamgarh,Ahiraula,Khuraso,NA,NA
Azamgarh,Ahiraula,Samashabhad,NA,NA
Mau,Baragaon,Kailvar,1961,Badraon
Mau,Baragaon,Karpiya Malik,1961,Badraon
Mau,Baragaon,Hemai Pipiri,1961,Badraon
Mau,Baragaon,Amila,1961,Badraon
Mau,Baragaon,Chummanaar,1961,Badraon
Mau,Baragaon,Nadvasarai,1961,Badraon
Mau,Baragaon,Aatarsaawa,1961,Badraon
Mau,Baragaon,Vijpura,1961,Badraon
Mau,Baragaon,Rampur Chakjagarnath,1961,Badraon
Mau,Baragaon,Sarhad Birecha,1961,Badraon
Mau,Baragaon,Mu 0 Sipah,1961,Badraon
Mau,Baragaon,Hardoli,1961,Badraon
Mau,Ghosi,Tadiyanv,1964,Ghosi
Mau,Ghosi,Sarahara Zamin Sarhara,1964,Ghosi
Mau,Ghosi,Barauli,1964,Ghosi
Mau,Ghosi,Murarpur,1964,Ghosi
Mau,Ghosi,Khanpur Bujurg,1964,Ghosi
Mau,Ratanpura,Itali,1969,Ratanpura
Mau,Ratanpura,Bilozha,1969,Ratanpura
Mau,Ratanpura,Pahsa,1969,Ratanpura
Mau,Ratanpura,Datoda,1969,Ratanpura
Bijnaur,Syohara,Meevanvada,1571,Budhanpur Seohara
Mau,Ratanpura,Zameen Sahru,1969,Ratanpura
Mau,Ratanpura,Bhusuri,1969,Ratanpura
Mau,Ratanpura,Kurwa,1969,Ratanpura
Bijnaur,Syohara,Shahpur,1571,Budhanpur Seohara
Mau,Dohrighat,Rasulpur,1962,Dohri Ghat
Mau,Dohrighat,Kasaila,1962,Dohri Ghat
Mau,Dohrighat,Pidsaui Ahiladpur,1962,Dohri Ghat
Mau,Dohrighat,Gofa,1962,Dohri Ghat
Bijnaur,Syohara,Mubarakpur Madhu,1571,Budhanpur Seohara
Mau,Dohrighat,Khajooha,1962,Dohri Ghat
Mau,Dohrighat,Ahirauli,1962,Dohri Ghat
Mau,Dohrighat,Bhairaupur,1962,Dohri Ghat
Mau,Dohrighat,Kishunpur,1962,Dohri Ghat
Mau,Dohrighat,Sierhi Barjala,1962,Dohri Ghat
Bijnaur,Syohara,Daulatabad,1571,Budhanpur Seohara
Mau,Ranipur,Badagaon,1968,Ranipur
Mau,Ranipur,Bhusuwaan,1968,Ranipur
Mau,Ranipur,kasa khurd,1968,Ranipur
Mau,Ranipur,Kazha,1968,Ranipur
Mau,Ranipur,Assi Bhawan,1968,Ranipur
Mau,Ranipur,Mandusara,1968,Ranipur
Mau,Ranipur,Amrihan,1968,Ranipur
Mau,Ranipur,Mirzapur Alipur,1968,Ranipur
Mau,Ranipur,Chiraiyakot,1968,Ranipur
Mau,Ranipur,Katghara Sanjar,1968,Ranipur
Mau,Ranipur,Yusufabad,1968,Ranipur
Mau,Ranipur,Jamin Budhan,1968,Ranipur
Mau,Kopaganj,Adari Dehat,1965,Kopaganj
Mau,Kopaganj,Darp Narayanpur,1965,Kopaganj
Mau,Kopaganj,Wara,1965,Kopaganj
Mau,Kopaganj,Raisa Piparauta,1965,Kopaganj
Mau,Kopaganj,Kopaganj Dehat,1965,Kopaganj
Mau,Kopaganj,Bhadhasa Manoharpur,1965,Kopaganj
Mau,Kopaganj,Bharathiya Kadipur,1965,Kopaganj
Mau,Kopaganj,Faizullahpur,1965,Kopaganj
Mau,Kopaganj,Hikmagaadha,1965,Kopaganj
Mau,Kopaganj,Kurthijafarpur,1965,Kopaganj
Mau,Kopaganj,Para,1965,Kopaganj
Mau,Kopaganj,Dhaadhachabar,1965,Kopaganj
Mau,Muhammadabad,Itaurachaubepur,1966,Mohammadabad Gohana
Mau,Muhammadabad,Bardiha,1966,Mohammadabad Gohana
Mau,Muhammadabad,Malav,1966,Mohammadabad Gohana
Mau,Muhammadabad,Sauusarvā,1966,Mohammadabad Gohana
Mau,Muhammadabad,Bhāṇṭīkalā,1966,Mohammadabad Gohana
Bijnaur,Syohara,Maghpur Udaychand,1571,Budhanpur Seohara
Mau,Muhammadabad,Validpur,1966,Mohammadabad Gohana
Mau,Muhammadabad,Chakabarbojhi,1966,Mohammadabad Gohana
Mau,Pardha,Thakurmanpur,1967,Pardaha
Mau,Pardha,Salahabad,1967,Pardaha
Mau,Pardha,Achar,1967,Pardaha
Mau,Pardha,Belchaura,1967,Pardaha
Mau,Pardha,Parsapura,1967,Pardaha
Mau,Pardha,Nasopur,1967,Pardaha
Mau,Pardha,Manpur,1967,Pardaha
Mau,Pardha,Umapar,1967,Pardaha
Mau,Pardha,Reni,1967,Pardaha
Mau,Pardha,Barlai,1967,Pardaha
Mau,Pardha,Sanegpur,1967,Pardaha
Mau,Pardha,Bahripur,1967,Pardaha
Mau,Pardha,Hardaspur,1967,Pardaha
Mau,Pardha,Tajpur Patila,1967,Pardaha
Mau,Pardha,Badhua Godam,1967,Pardaha
Mau,Pardha,Sarayan Raghunathpur,1967,Pardaha
Mau,Pardha,Khandehraipur,1967,Pardaha
Saharanpur,Nakud,Mohideenpur,2077,Nakur
Mau,Pardha,Pizjda,1967,Pardaha
Mau,Pardha,Pardha,1967,Pardaha
Baliya,Sier,Patanri,1506,Siar
Baliya,Sier,Ubahaw,1506,Siar
Baliya,Sier,Vigaha Zaminvigaha,1506,Siar
Bijnaur,Syohara,Kiway,1571,Budhanpur Seohara
Baliya,Sier,Khootha,1506,Siar
Baliya,Sier,Khira Khas,1506,Siar
Baliya,Sier,Kidiharapuri,1506,Siar
Bijnaur,Syohara,Rahatauli,1571,Budhanpur Seohara
Baliya,Sier,Zameen Sisaind,1506,Siar
Baliya,Bairiya,Coi Chapṛā,1491,Bairia
Baliya,Bairiya,Bairiya,1491,Bairia
Baliya,Pandah,Bhooradih,1503,Pandah
Baliya,Pandah,Raksaidaiyā,1503,Pandah
Baliya,Pandah,Pakadee,1503,Pandah
Baliya,Pandah,Ekail,1503,Pandah
Baliya,Baasadeeh,Pura,1492,Bansdih
Baliya,Baasadeeh,Kharoli,1492,Bansdih
Baliya,Baasadeeh,Khewassar,1492,Bansdih
Baliya,Baasadeeh,Skarpura,1492,Bansdih
Baliya,Baasadeeh,Chitvisau Khurd,1492,Bansdih
Baliya,Baasadeeh,Jaitpura,1492,Bansdih
Baliya,Berua Bari,Sultanpur,1494,Beruarbari
Bijnaur,Syohara,Maksudpur,1571,Budhanpur Seohara
Baliya,Berua Bari,Mishravaliya,1494,Beruarbari
Baliya,Gadwar,Sinhachvarkala,1497,Garwar
Baliya,Gadwar,Raursigpur,1497,Garwar
Baliya,Gadwar,Dhnautidhura,1497,Garwar
Baliya,Gadwar,Bisoo Kiya,1497,Garwar
Baliya,Gadwar,JigneeJiganhara,1497,Garwar
Baliya,Gadwar,Chatwan,1497,Garwar
Baliya,Gadwar,Kotwan,1497,Garwar
Baliya,Gadwar,Ratsadkala,1497,Garwar
Baliya,Gadwar,Padvaar,1497,Garwar
Baliya,Gadwar,Ratsadkhurd,1497,Garwar
Baliya,Sohaon,Sarvanapur,1507,Sohanv
Baliya,Sohaon,Vivvipur,1507,Sohanv
Baliya,Sohaon,Nagwagai,1507,Sohanv
Baliya,Sohaon,Mahrev,1507,Sohanv
Baliya,Nawanagar,Jajauli,1502,Navanagar
Baliya,Nawanagar,Harsar,1502,Navanagar
Baliya,Nawanagar,Chakravan,1502,Navanagar
Baliya,Nawanagar,Araz i Kariyapar,1502,Navanagar
Baliya,Nawanagar,Isara Pithapatti,1502,Navanagar
Baliya,Nawanagar,Sariaon Manoveer,1502,Navanagar
Baliya,Nawanagar,Tilauli,1502,Navanagar
Baliya,Nawanagar,Kathauda,1502,Navanagar
Baliya,Nawanagar,Katghara Zamin,1502,Navanagar
Baliya,Nawanagar,Doohaanbihira,1502,Navanagar
Baliya,Nawanagar,Chakprema alias Bhatwachhav,1502,Navanagar
Baliya,Nawanagar,Seesotaar,1502,Navanagar
Baliya,Nagra,Hajiya Rampur,1501,Nagra
Baliya,Nagra,Habaspur,1501,Nagra
Baliya,Nagra,Gauvaar,1501,Nagra
Baliya,Nagra,Visroof,1501,Nagra
Baliya,Nagra,Abbaspur,1501,Nagra
Baliya,Nagra,Tiranai Molaraay,1501,Nagra
Baliya,Nagra,Nagra,1501,Nagra
Baliya,Nagra,Chachyaan,1501,Nagra
Baliya,Nagra,Devaria,1501,Nagra
Baliya,Chilakhar,Naraaov,1495,Chilkahar
Baliya,Chilakhar,Pahadpur,1495,Chilkahar
Baliya,Chilakhar,J 0 N 0 Margupur,1495,Chilkahar
Baliya,Chilakhar,Saryan Vagadora,1495,Chilkahar
Baliya,Chilakhar,Gaura,1495,Chilkahar
Baliya,Chilakhar,Majhwa,1495,Chilkahar
Baliya,Chilakhar,Chivvi,1495,Chilkahar
Baliya,Chilakhar,Asnawar,1495,Chilkahar
Baliya,Chilakhar,Birpur,1495,Chilkahar
Baliya,Rasra,Nadauli,1504,Rasra
Baliya,Rasra,Khadara Azizpur,1504,Rasra
Baliya,Rasra,Sanwarpur,1504,Rasra
Baliya,Rasra,Raora Chhavar,1504,Rasra
Baliya,Rasra,Atsuan Kala,1504,Rasra
Baliya,Belhari,Dhudhela,1493,Belhari
Baliya,Belhari,Deeghaarr,1493,Belhari
Baliya,Belhari,Jvahin,1493,Belhari
Baliya,Hanumanganj,Baheri Urf Premchak,1498,Hanumanganj
Baliya,Hanumanganj,Paramunda Pur,1498,Hanumanganj
Baliya,Hanumanganj,A 0 Ma 0 Sagarpaali,1498,Hanumanganj
Baliya,Hanumanganj,Barvao,1498,Hanumanganj
Baliya,Hanumanganj,Deoria Kala,1498,Hanumanganj
Baliya,Maniyar,Chakkidiyar Sultanpur,1499,Maniar
Baliya,Maniyar,Sultanpur,1499,Maniar
Baliya,Maniyar,Patkholi Purb,1499,Maniar
Baliya,Maniyar,Dear Manier Tukra No.,1499,Maniar
Baliya,Maniyar,Bhekariya,1499,Maniar
Baliya,Maniyar,Nipaniya,1499,Maniar
Baliya,Maniyar,Ahirouli Tiwari,1499,Maniar
Baliya,Maniyar,Jigid sar,1499,Maniar
Baliya,Maniyar,Rampur,1499,Maniar
Baliya,Murli Chappa,IbrahimآبادNaubarar,1500,Murlichhapra
Baliya,Revti,Vishishtnagar,1505,Reoti
Baliya,Revti,NavkaaGaanv,1505,Reoti
Baliya,Revti,Shivpur,1505,Reoti
Baliya,Revti,Aasmanpur,1505,Reoti
Baliya,Revti,Revati Dathaan,1505,Reoti
Baliya,Revti,Haderhan,1505,Reoti
Baliya,Revti,Udhan,1505,Reoti
Baliya,Revti,Hussainabad,1505,Reoti
Baliya,Revti,Dumariya,1505,Reoti
Baliya,Revti,Asmanthotha,1505,Reoti
Baliya,Revti,Munchhapara,1505,Reoti
Baliya,Revti,Rampur Magriv,1505,Reoti
Ghazipur,Kasimabad,Nuanv,1725,Kasimabad
Ghazipur,Kasimabad,Mubarakpur,1725,Kasimabad
Ghazipur,Kasimabad,Survat,1725,Kasimabad
Ghazipur,Kasimabad,Ranga,1725,Kasimabad
Ghazipur,Kasimabad,Sonawarsa,1725,Kasimabad
Ghazipur,Kasimabad,Vadaagaon,1725,Kasimabad
Ghazipur,Kasimabad,Shekhnupur,1725,Kasimabad
Ghazipur,Kasimabad,Bahrar,1725,Kasimabad
Ghazipur,Kasimabad,Parshapur,1725,Kasimabad
Ghazipur,Kasimabad,Kadipur,1725,Kasimabad
Ghazipur,Muhammadabad,Daulatabad,1728,Mohammadabad
Ghazipur,Muhammadabad,Paigambarpur Urf Chalak,1728,Mohammadabad
Ghazipur,Muhammadabad,Sarauli,1728,Mohammadabad
Ghazipur,Muhammadabad,Paranpur,1728,Mohammadabad
Ghazipur,Muhammadabad,Hariballamupur,1728,Mohammadabad
Ghazipur,Revatipur,Pakadee,1729,Revatipur
Ghazipur,Revatipur,Badaura,1729,Revatipur
Ghazipur,Revatipur,Mahna Kala,1729,Revatipur
Ghazipur,Revatipur,Medinipur,1729,Revatipur
Ghazipur,Revatipur,Kalupur,1729,Revatipur
Ghazipur,Revatipur,Mikkhichaura,1729,Revatipur
Ghazipur,Revatipur,Aasaanv,1729,Revatipur
Ghazipur,Manihari,Chapree,1726,Manihari
Ghazipur,Manihari,Madhuban,1726,Manihari
Ghazipur,Manihari,Gumma,1726,Manihari
Ghazipur,Manihari,Saraoli alias Pahetiyan,1726,Manihari
Ghazipur,Manihari,Para,1726,Manihari
Ghazipur,Manihari,Lalpur Hari,1726,Manihari
Ghazipur,Manihari,Khadwadih,1726,Manihari
Ghazipur,Manihari,Jagmaljyo,1726,Manihari
Ghazipur,Manihari,Chaukdi,1726,Manihari
Ghazipur,Manihari,Adila,1726,Manihari
Jyotiba Phule Nagar,Amroha,Umari Sadat,1834,Amroha
Ghazipur,Jamaniya,Chakmedni No .,1734,Zamania
Ghazipur,Jamaniya,Bhuachalchak,1734,Zamania
Jyotiba Phule Nagar,Amroha,Ahroi,1834,Amroha
Ghazipur,Jamaniya,Devaria,1734,Zamania
Jyotiba Phule Nagar,Amroha,Raipur Kalan,1834,Amroha
Ghazipur,Jamaniya,Muhammedpur,1734,Zamania
Jyotiba Phule Nagar,Amroha,Nazar pur Khurd,1834,Amroha
Ghazipur,Jamaniya,Budhadeh,1734,Zamania
Ghazipur,Jamaniya,Khadicha,1734,Zamania
Ghazipur,Jamaniya,Rohuna,1734,Zamania
Ghazipur,Saidpur,Nizampur,1731,Saidpur
Jyotiba Phule Nagar,Amroha,Munawwarpur Urf Munim,1834,Amroha
Ghazipur,Saidpur,Laulehra,1731,Saidpur
Ghazipur,Saidpur,Gauri,1731,Saidpur
Ghazipur,Saidpur,Bahaediyaa,1731,Saidpur
Ghazipur,Saidpur,Sharifpur,1731,Saidpur
Ghazipur,Saidpur,Lohjara,1731,Saidpur
Jyotiba Phule Nagar,Amroha,Ebjabad,1834,Amroha
Ghazipur,Saidpur,Vishunpur Mathura,1731,Saidpur
Ghazipur,Saidpur,Dharampur,1731,Saidpur
Ghazipur,Saidpur,AmaDDhee,1731,Saidpur
Ghazipur,Saidpur,Jaldeepur,1731,Saidpur
Ghazipur,Saidpur,Taraye,1731,Saidpur
Ghazipur,Saidpur,Rajhati,1731,Saidpur
Ghazipur,Saidpur,Gajadharpur,1731,Saidpur
Ghazipur,Saidpur,Sidhona,1731,Saidpur
Ghazipur,Saidpur,Bhabhaunoli Kala,1731,Saidpur
Ghazipur,Saidpur,Mauda,1731,Saidpur
Ghazipur,Saidpur,Jabranpur,1731,Saidpur
Jyotiba Phule Nagar,Amroha,Beevada Kalaan,1834,Amroha
Ghazipur,Sadaat,Saadaat Saraiya,1730,Sadat
Ghazipur,Sadaat,Wudhanpur,1730,Sadat
Ghazipur,Sadaat,Shishuaapaar,1730,Sadat
Ghazipur,Sadaat,Daharmauva,1730,Sadat
Ghazipur,Sadaat,Ibrapur,1730,Sadat
Ghazipur,Sadaat,Vijrahi,1730,Sadat
Ghazipur,Sadaat,Arazi Kasba Swad,1730,Sadat
Ghazipur,Sadaat,Patti Gareeb Urf May,1730,Sadat
Ghazipur,Sadaat,Semarol,1730,Sadat
Jyotiba Phule Nagar,Amroha,Dahakbada,1834,Amroha
Ghazipur,Sadaat,Bijrawa,1730,Sadat
Ghazipur,Sadaat,Barwan Kala,1730,Sadat
Ghazipur,Sadaat,Gaura,1730,Sadat
Ghazipur,Sadaat,Kaithwaliya,1730,Sadat
Ghazipur,Jakhniya,Dullahpuru Shankar Singh,1723,Jakhania
Ghazipur,Jakhniya,Deva,1723,Jakhania
Ghazipur,Jakhniya,Tadwattappa,1723,Jakhania
Ghazipur,Jakhniya,Parumpur Maigaray,1723,Jakhania
Ghazipur,Jakhniya,Jauharpur,1723,Jakhania
Ghazipur,Jakhniya,Chakfatma Alias ​​Bairkh,1723,Jakhania
Ghazipur,Jakhniya,Manjhanpur Kalan,1723,Jakhania
Ghazipur,Jakhniya,Odrai,1723,Jakhania
Ghazipur,Sadar,Vishnupur Datta,1722,Ghazipur
Ghazipur,Sadar,NEWADA,1722,Ghazipur
Ghazipur,Sadar,Vanjaripur,1722,Ghazipur
Ghazipur,Sadar,Sukhdevpur,1722,Ghazipur
Ghazipur,Sadar,Vindavaliya,1722,Ghazipur
Ghazipur,Sadar,KhidiraBad,1722,Ghazipur
Ghazipur,Sadar,Ranipur,1722,Ghazipur
Ghazipur,Sadar,Weekapur,1722,Ghazipur
Ghazipur,Sadar,Sonhvalia Urf Varka,1722,Ghazipur
Ghazipur,Sadar,Vavedi,1722,Ghazipur
Ghazipur,Sadar,Pahadpur urf Langgarpur,1722,Ghazipur
Ghazipur,Sadar,Chaukia,1722,Ghazipur
Jyotiba Phule Nagar,Amroha,Jabdi,1834,Amroha
Ghazipur,Sadar,Cantonment Lane,1722,Ghazipur
Ghazipur,Barachwar,Khadhra,1732,Varachakwar
Ghazipur,Barachwar,Siuri,1732,Varachakwar
Ghazipur,Barachwar,Bandhai,1732,Varachakwar
Ghazipur,Barachwar,Benipur Khas,1732,Varachakwar
Ghazipur,Barachwar,Katriya,1732,Varachakwar
Ghazipur,Barachwar,Bareji,1732,Varachakwar
Jyotiba Phule Nagar,Amroha,Baanskhedee,1834,Amroha
Ghazipur,Barachwar,Karakpur,1732,Varachakwar
Ghazipur,Barachwar,Pater,1732,Varachakwar
Ghazipur,Bhadaura,Sevarai,1719,Bhadaura
Ghazipur,Bhadaura,Devkali,1719,Bhadaura
Ghazipur,Bhadaura,Saraila,1719,Bhadaura
Jyotiba Phule Nagar,Amroha,Akbarpur Patti,1834,Amroha
Ghazipur,Mardan,Haiderganj,1727,Mardah
Ghazipur,Mardan,Indore,1727,Mardah
Ghazipur,Mardan,Wauri,1727,Mardah
Ghazipur,Karanda,Dharampur,1724,Karanda
Jyotiba Phule Nagar,Amroha,Pajoon Sarai,1834,Amroha
Ghazipur,Karanda,Sisauda,1724,Karanda
Ghazipur,Karanda,Sitapatti,1724,Karanda
Ghazipur,Karanda,Jamuanv,1724,Karanda
Ghazipur,Karanda,Pahadpur,1724,Karanda
Ghazipur,Karanda,Goshundepur,1724,Karanda
Ghazipur,Karanda,Kuchaura,1724,Karanda
Ghazipur,Karanda,Baxa,1724,Karanda
Jyotiba Phule Nagar,Amroha,Jalalpur Narayan,1834,Amroha
Ghazipur,Virano,Chaubepur,1733,Virno
Ghazipur,Virano,Baddupura,1733,Virno
Ghazipur,Virano,Araji Orasan,1733,Virno
Jyotiba Phule Nagar,Amroha,Bhaira Bharatpur,1834,Amroha
Ghazipur,Virano,Afzalpur,1733,Virno
Jyotiba Phule Nagar,Amroha,Zeerkhi,1834,Amroha
Chandauli,Naugadh,Jaymohnipost,1620,Naugarh
Chandauli,Naugadh,dewari kalan,1620,Naugarh
Chandauli,Sakaldeeha,Dedhgawa,1623,Sakaldiha
Chandauli,Sakaldeeha,Dudoli,1623,Sakaldiha
Chandauli,Sakaldeeha,Dedhaval,1623,Sakaldiha
Jyotiba Phule Nagar,Amroha,Moondha Kheda,1834,Amroha
Chandauli,Sakaldeeha,Itwan,1623,Sakaldiha
Chandauli,Sakaldeeha,Revsawo Dhus,1623,Sakaldiha
Chandauli,Sakaldeeha,Amda,1623,Sakaldiha
Chandauli,Sakaldeeha,Ibrapur,1623,Sakaldiha
Chandauli,Sakaldeeha,Badhal Khas,1623,Sakaldiha
Chandauli,Sakaldeeha,Pipiri,1623,Sakaldiha
Chandauli,Sakaldeeha,Phesuda,1623,Sakaldiha
Chandauli,Sakaldeeha,Pora,1623,Sakaldiha
Jyotiba Phule Nagar,Amroha,Jajaru,1834,Amroha
Jyotiba Phule Nagar,Amroha,Nongawan Tagga,1834,Amroha
Jyotiba Phule Nagar,Amroha,Bijda,1834,Amroha
Chandauli,Barhani,Kavarua,1615,Berahani
Jyotiba Phule Nagar,Gajraula,Aharaula Tezwan,1836,Gajraula
Chandauli,Barhani,Amda,1615,Berahani
Chandauli,Barhani,Imilia,1615,Berahani
Chandauli,Barhani,Manrajpur,1615,Berahani
Chandauli,Barhani,Barthi Kamaror,1615,Berahani
Chandauli,Barhani,Jevariabad,1615,Berahani
Chandauli,Barhani,Revasa,1615,Berahani
Chandauli,Barhani,Uruwa urf Udaipur,1615,Berahani
Chandauli,Barhani,Bhadakhari,1615,Berahani
Chandauli,Barhani,Adsod,1615,Berahani
Chandauli,Niyamatabad,Leduwa,1621,Niyamatabad
Chandauli,Niyamatabad,Bakra,1621,Niyamatabad
Chandauli,Niyamatabad,Parowa,1621,Niyamatabad
Chandauli,Niyamatabad,Ekoni,1621,Niyamatabad
Chandauli,Niyamatabad,Gauri,1621,Niyamatabad
Chandauli,Chakia,Biaasad,1617,Chakiya
Chandauli,Chakia,Pachfediya,1617,Chakiya
Chandauli,Chakia,Bhavpur,1617,Chakiya
Chandauli,Chakia,Kodochak,1617,Chakiya
Chandauli,Chakia,Bhalua Bilori,1617,Chakiya
Chandauli,Chakia,Hinouti Uttari,1617,Chakiya
Chandauli,Chakia,Kushee,1617,Chakiya
Chandauli,Chakia,Chuchhad,1617,Chakiya
Chandauli,Chahniya,Utdi,1616,Chahniya
Chandauli,Chahniya,Majidha,1616,Chahniya
Chandauli,Chahniya,Pakadee,1616,Chahniya
Chandauli,Chahniya,Papora,1616,Chahniya
Chandauli,Chahniya,Sevdi,1616,Chahniya
Chandauli,Chahniya,Laxmangarh,1616,Chahniya
Chandauli,Dhanapur,Atouli,1619,Dhanapur
Chandauli,Dhanapur,Bebda,1619,Dhanapur
Chandauli,Dhanapur,Awah,1619,Dhanapur
Chandauli,Dhanapur,Kavai Pahadpur,1619,Dhanapur
Chandauli,Dhanapur,Bhabhaniya Raipur,1619,Dhanapur
Chandauli,Dhanapur,Birna,1619,Dhanapur
Chandauli,Shahababganj,Hadaura,1622,Sahabganj
Jyotiba Phule Nagar,Gajraula,Hausangpur Gujar,1836,Gajraula
Chandauli,Shahababganj,Ghodsaarii,1622,Sahabganj
Chandauli,Shahababganj,Amaw,1622,Sahabganj
Chandauli,Shahababganj,Wadgaon,1622,Sahabganj
Chandauli,Shahababganj,Padriya,1622,Sahabganj
Chandauli,Shahababganj,Ramshala,1622,Sahabganj
Chandauli,Shahababganj,Vadaura,1622,Sahabganj
Chandauli,Shahababganj,Waraw,1622,Sahabganj
Chandauli,Shahababganj,kavalpurwa,1622,Sahabganj
Varanasi,Sewapuri,Oderha,2205,Sevapuri
Varanasi,Sewapuri,Isarwar,2205,Sevapuri
Varanasi,Sewapuri,Lethuvai,2205,Sevapuri
Varanasi,Sewapuri,Nevadiha,2205,Sevapuri
Varanasi,Sewapuri,Lohradiha,2205,Sevapuri
Varanasi,Sewapuri,Damela,2205,Sevapuri
Varanasi,Sewapuri,Puranpur,2205,Sevapuri
Jyotiba Phule Nagar,Gajraula,Bilda Aint,1836,Gajraula
Jyotiba Phule Nagar,Gajraula,Manauta,1836,Gajraula
Varanasi,Chiraigaon,Dinaapur,2200,Chiraigaon
Varanasi,Chiraigaon,Rasulgarh,2200,Chiraigaon
Varanasi,Chiraigaon,Raghunathpur,2200,Chiraigaon
Varanasi,Chiraigaon,Khalispur,2200,Chiraigaon
Varanasi,Chiraigaon,Salarpur,2200,Chiraigaon
Varanasi,Chiraigaon,Ashapur,2200,Chiraigaon
Varanasi,Chiraigaon,Vyaspur,2200,Chiraigaon
Varanasi,Chiraigaon,Parnapur,2200,Chiraigaon
Varanasi,Chiraigaon,Ledupur,2200,Chiraigaon
Varanasi,Chiraigaon,Tilmapur,2200,Chiraigaon
Varanasi,Chiraigaon,Sandaha,2200,Chiraigaon
Varanasi,Chiraigaon,Rustampur,2200,Chiraigaon
Jyotiba Phule Nagar,Gajraula,Sihaali Jagir,1836,Gajraula
Varanasi,Chiraigaon,Loodhakalaan,2200,Chiraigaon
Varanasi,Chiraigaon,Singhpur,2200,Chiraigaon
Varanasi,Chiraigaon,Faridpur,2200,Chiraigaon
Jyotiba Phule Nagar,Gajraula,Sultantheher Muhammadpur,1836,Gajraula
Varanasi,Chiraigaon,Hridaypur,2200,Chiraigaon
Varanasi,Chiraigaon,Rajaniyan,2200,Chiraigaon
Varanasi,Chiraigaon,Goithaa,2200,Chiraigaon
Varanasi,Chiraigaon,Chhitouna,2200,Chiraigaon
Varanasi,Chiraigaon,Pachraon,2200,Chiraigaon
Varanasi,Chiraigaon,Saraian Vishunpura,2200,Chiraigaon
Varanasi,Chiraigaon,Aili,2200,Chiraigaon
Varanasi,Chiraigaon,Kotwan,2200,Chiraigaon
Jyotiba Phule Nagar,Gajraula,Faridpur Garhi,1836,Gajraula
Varanasi,Araji Lines,Sihova (),2198,Arajiline
Jyotiba Phule Nagar,Gajraula,Bhagwanpur Bhoond,1836,Gajraula
Varanasi,Araji Lines,Monglaviir,2198,Arajiline
Varanasi,Araji Lines,Sihori D 0,2198,Arajiline
Varanasi,Araji Lines,Gajaapur,2198,Arajiline
Varanasi,Araji Lines,Boodhapur,2198,Arajiline
Varanasi,Pindra,Dharsona,2204,Pindra
Varanasi,Pindra,Devarai,2204,Pindra
Varanasi,Pindra,Ramanagar ( Namaapur ),2204,Pindra
Jyotiba Phule Nagar,Gangeshwari,Sitla Sarai,1837,Gangeshwari
Varanasi,Pindra,Gadkhara,2204,Pindra
Jyotiba Phule Nagar,Gangeshwari,Shahjahanpur Dhola,1837,Gangeshwari
Varanasi,Pindra,Katona,2204,Pindra
Varanasi,Pindra,Waar,2204,Pindra
Varanasi,Cholapur,Rajla,2201,Cholapur
Varanasi,Kashividyapeeth,Maudoli,2203,Kashi Vidyapeeth
Varanasi,Kashividyapeeth,Lohtaa,2203,Kashi Vidyapeeth
Varanasi,Kashividyapeeth,Bhitari,2203,Kashi Vidyapeeth
Varanasi,Kashividyapeeth,Phulwariyā,2203,Kashi Vidyapeeth
Varanasi,Kashividyapeeth,Maheshpur,2203,Kashi Vidyapeeth
Varanasi,Kashividyapeeth,Lahratara,2203,Kashi Vidyapeeth
Varanasi,Kashividyapeeth,Shiva Daspur,2203,Kashi Vidyapeeth
Varanasi,Kashividyapeeth,Manduwadih,2203,Kashi Vidyapeeth
Varanasi,Kashividyapeeth,Kakermatta,2203,Kashi Vidyapeeth
Varanasi,Kashividyapeeth,Jafrabad,2203,Kashi Vidyapeeth
Varanasi,Kashividyapeeth,Bikharipur,2203,Kashi Vidyapeeth
Varanasi,Kashividyapeeth,Pahadi,2203,Kashi Vidyapeeth
Varanasi,Kashividyapeeth,Jalalipatti,2203,Kashi Vidyapeeth
Varanasi,Kashividyapeeth,Nathupur,2203,Kashi Vidyapeeth
Varanasi,Kashividyapeeth,Madaanv,2203,Kashi Vidyapeeth
Varanasi,Kashividyapeeth,Kandwa,2203,Kashi Vidyapeeth
Varanasi,Kashividyapeeth,Kanchanpur,2203,Kashi Vidyapeeth
Varanasi,Kashividyapeeth,Chitai Pur,2203,Kashi Vidyapeeth
Varanasi,Kashividyapeeth,Karaudi,2203,Kashi Vidyapeeth
Varanasi,Kashividyapeeth,Nassirpur,2203,Kashi Vidyapeeth
Varanasi,Kashividyapeeth,Sasuvahi,2203,Kashi Vidyapeeth
Jyotiba Phule Nagar,Gangeshwari,Jewara Mu.,1837,Gangeshwari
Varanasi,Kashividyapeeth,Nuanv,2203,Kashi Vidyapeeth
Varanasi,Kashividyapeeth,Sirgovardhanpur,2203,Kashi Vidyapeeth
Varanasi,Kashividyapeeth,Chittpur,2203,Kashi Vidyapeeth
Varanasi,Kashividyapeeth,Bhagwanpur,2203,Kashi Vidyapeeth
Varanasi,Kashividyapeeth,Aveleshpur,2203,Kashi Vidyapeeth
Varanasi,Kashividyapeeth,Sujabd,2203,Kashi Vidyapeeth
Varanasi,Kashividyapeeth,Domri,2203,Kashi Vidyapeeth
Varanasi,Badagaon,Tadsada,2199,Baragaon
Varanasi,Badagaon,Khrawan,2199,Baragaon
Varanasi,Badagaon,Barji,2199,Baragaon
Varanasi,Badagaon,Siswan ( Anei ),2199,Baragaon
Varanasi,Badagaon,Icipur,2199,Baragaon
Varanasi,Badagaon,Sierhan,2199,Baragaon
Varanasi,Badagaon,Koodi,2199,Baragaon
Varanasi,Harhua,Ganeshpur,2202,Harahua
Varanasi,Harhua,Chuppepur,2202,Harahua
Varanasi,Harhua,Hatia,2202,Harahua
Varanasi,Harhua,Lamhi,2202,Harahua
Varanasi,Harhua,Aidhe,2202,Harahua
Varanasi,Harhua,Soyepur,2202,Harahua
Varanasi,Harhua,Madhwa,2202,Harahua
Varanasi,Harhua,Ramadutpur,2202,Harahua
Varanasi,Harhua,Rasulpur,2202,Harahua
Varanasi,Harhua,Hariballabhpur,2202,Harahua
Jyotiba Phule Nagar,Gangeshwari,Puthra Mu,1837,Gangeshwari
Varanasi,Harhua,Dandupur,2202,Harahua
Varanasi,Harhua,Parmananandpur,2202,Harahua
Varanasi,Harhua,Lodhan,2202,Harahua
Varanasi,Harhua,Kanudih,2202,Harahua
Jyotiba Phule Nagar,Gangeshwari,pathra et O,1837,Gangeshwari
Varanasi,Harhua,Pisour,2202,Harahua
Varanasi,Harhua,Danialpur,2202,Harahua
Jyotiba Phule Nagar,Gangeshwari,Pauraara Mu 0,1837,Gangeshwari
Varanasi,Harhua,Saraykaji,2202,Harahua
Varanasi,Harhua,Brawan,2202,Harahua
Jyotiba Phule Nagar,Gangeshwari,Khailia Khalsa,1837,Gangeshwari
Varanasi,Harhua,Sarawan,2202,Harahua
Varanasi,Harhua,Ayer,2202,Harahua
Varanasi,Harhua,Venipur,2202,Harahua
Varanasi,Harhua,Puarikala,2202,Harahua
Jyotiba Phule Nagar,Gangeshwari,Kai Mu 0,1837,Gangeshwari
Jyotiba Phule Nagar,Gangeshwari,Guraitha,1837,Gangeshwari
Jaunpur,Badlapur,Bhalu vahi,1805,Badla Pur
Jaunpur,Badlapur,Purani Bazar,1805,Badla Pur
Jyotiba Phule Nagar,Gangeshwari,Bhoora,1837,Gangeshwari
Jaunpur,Badlapur,Sarokhanpur,1805,Badla Pur
Jaunpur,Rampur,Fazulhan,1820,Ram Pur
Jaunpur,Rampur,Dhanuhan,1820,Ram Pur
Jaunpur,Rampur,May,1820,Ram Pur
Jyotiba Phule Nagar,Gangeshwari,Damgadda,1837,Gangeshwari
Jaunpur,Rampur,Sahijini,1820,Ram Pur
Jaunpur,Rampur,Jamdihan,1820,Ram Pur
Jaunpur,Rampur,Patela,1820,Ram Pur
Jaunpur,Rampur,Saraidihan,1820,Ram Pur
Jaunpur,Rampur,Nonra,1820,Ram Pur
Jaunpur,Muftiganj,Surela,1817,Mufti Ganj
Jaunpur,Muftiganj,Dhoorhupur,1817,Mufti Ganj
Jyotiba Phule Nagar,Dhanaura,Daurala,1835,Dhanaura
Jaunpur,Jalalpur,Purav,1810,Jalal Pur
Jyotiba Phule Nagar,Dhanaura,Peeltga,1835,Dhanaura
Jyotiba Phule Nagar,Dhanaura,Kaurara,1835,Dhanaura
Jaunpur,Dobhi,Ailiyan,1809,Dobhi
Jaunpur,Dobhi,Lebrwa,1809,Dobhi
Jaunpur,Dobhi,Karne Hua,1809,Dobhi
Jaunpur,Dobhi,Aмилия,1809,Dobhi
Jaunpur,Sikarara,Saidnapur,1822,Sikrara
Jaunpur,Sikarara,Firozpur Pratham,1822,Sikrara
Jaunpur,Sikarara,Firojpur Dwitiya,1822,Sikrara
Jaunpur,Sikarara,Ritthi,1822,Sikrara
Jaunpur,Maharajganj,Pooraghambhir Shah,1815,Maharaj Ganj
Jaunpur,Maharajganj,Lagan,1815,Maharaj Ganj
Jyotiba Phule Nagar,Dhanaura,Fanuadi,1835,Dhanaura
Jaunpur,Maharajganj,Behari,1815,Maharaj Ganj
Jyotiba Phule Nagar,Dhanaura,Paaraakhaalasaa,1835,Dhanaura
Jaunpur,Madiyahu,Dashrathpur,1816,Mariyahu
Jaunpur,Madiyahu,Puan,1816,Mariyahu
Jyotiba Phule Nagar,Dhanaura,Malkpur Bhood Shu 0,1835,Dhanaura
Jaunpur,Madiyahu,Badowan,1816,Mariyahu
Jaunpur,Sujangang,Tarsau,1825,Sujan Ganj
Jaunpur,Sujangang,Shivriha,1825,Sujan Ganj
Jaunpur,Sujangang,Padua,1825,Sujan Ganj
Jaunpur,Sujangang,Viloee,1825,Sujan Ganj
Jaunpur,Sujangang,Aruao,1825,Sujan Ganj
Jaunpur,Sujangang,Vara,1825,Sujan Ganj
Jaunpur,Kerakat,Bansbari,1812,Kerakat
Jaunpur,Kerakat,Nuaunv,1812,Kerakat
Jaunpur,Kerakat,Bairaichvir,1812,Kerakat
Jaunpur,Kerakat,Devarai,1812,Kerakat
Jaunpur,Suitha Kala,Dehri,1824,Suitha Kala
Jaunpur,Suitha Kala,Gudwadi,1824,Suitha Kala
Jaunpur,Srikoni,Dalpatpatti,1823,Sirkoni
Jaunpur,Srikoni,Bhuwalapatti,1823,Sirkoni
Jaunpur,Srikoni,Chandpur,1823,Sirkoni
Jaunpur,Srikoni,Sultanpur,1823,Sirkoni
Jaunpur,Srikoni,Madhopatti,1823,Sirkoni
Jaunpur,Srikoni,Saadatmasauda,1823,Sirkoni
Jaunpur,Srikoni,Rajepur Pratham,1823,Sirkoni
Jaunpur,Srikoni,Sadipur,1823,Sirkoni
Jaunpur,Srikoni,Gaddipura,1823,Sirkoni
Jaunpur,Srikoni,Shahbarepur,1823,Sirkoni
Jaunpur,Khutahan,Bhikhanapur,1813,Khuthan
Jaunpur,Khutahan,Bhiwara Kala,1813,Khuthan
Jaunpur,Khutahan,Chakquti,1813,Khuthan
Jaunpur,Khutahan,Patela,1813,Khuthan
Jyotiba Phule Nagar,Dhanaura,Chaknawala E O,1835,Dhanaura
Jyotiba Phule Nagar,Dhanaura,Vishwali Mu 0,1835,Dhanaura
Jaunpur,Khutahan,Chakbessudas Mafi,1813,Khuthan
Jaunpur,Khutahan,Veesamssauddinpur,1813,Khuthan
Jaunpur,Khutahan,Mirapur,1813,Khuthan
Jaunpur,Barsathi,Khuavaaann,1807,Barasathi
Jaunpur,Barsathi,Dataanv,1807,Barasathi
Jaunpur,Barsathi,Bailona Kalan,1807,Barasathi
Jaunpur,Barsathi,Barethi,1807,Barasathi
Jaunpur,Ramnagar,Chadhai Kaha,1819,Ram Nagar
Jaunpur,Buxa,May,1806,Baksha
Jaunpur,Buxa,Devaria,1806,Baksha
Jaunpur,Buxa,Velavan,1806,Baksha
Jaunpur,Buxa,Buxa,1806,Baksha
Jaunpur,Karanja Kala,Sultannagar Gaur,1811,Karanja Kala
Jaunpur,Karanja Kala,DARAUSUF,1811,Karanja Kala
Jaunpur,Karanja Kala,Bagmiyan,1811,Karanja Kala
Jaunpur,Karanja Kala,Karsawan,1811,Karanja Kala
Jaunpur,Karanja Kala,Dewaishi,1811,Karanja Kala
Jaunpur,Karanja Kala,Dugora,1811,Karanja Kala
Jaunpur,Karanja Kala,Ara,1811,Karanja Kala
Jaunpur,Karanja Kala,Darbanipur,1811,Karanja Kala
Jaunpur,Karanja Kala,Muradganj,1811,Karanja Kala
Jaunpur,Karanja Kala,Kalichabah,1811,Karanja Kala
Jaunpur,Karanja Kala,Khan Patti,1811,Karanja Kala
Jaunpur,Karanja Kala,Korra Patti,1811,Karanja Kala
Jaunpur,Karanja Kala,Bhaкура,1811,Karanja Kala
Jaunpur,Machhalishahr,Saraibeeka,1814,Machchali Shahar
Jaunpur,Machhalishahr,Kormarpur,1814,Machchali Shahar
Jaunpur,Machhalishahr,Rajapur Pakdi,1814,Machchali Shahar
Jaunpur,Machhalishahr,Devaria,1814,Machchali Shahar
Jaunpur,Machhalishahr,Puraa faguui,1814,Machchali Shahar
Jaunpur,Machhalishahr,Tilora,1814,Machchali Shahar
Jaunpur,Machhalishahr,Jagdishpur ( Mu ० ),1814,Machchali Shahar
Jaunpur,Machhalishahr,Sarayadewa,1814,Machchali Shahar
Jaunpur,Mugrabadshahapur,Sajaiakala,1818,Mungra Badshah Pur
Jaunpur,Mugrabadshahapur,Kudiria,1818,Mungra Badshah Pur
Jaunpur,Mugrabadshahapur,Dhaurhara,1818,Mungra Badshah Pur
Jaunpur,Mugrabadshahapur,Satharia,1818,Mungra Badshah Pur
Jaunpur,Mugrabadshahapur,Aswan,1818,Mungra Badshah Pur
Jaunpur,Mugrabadshahapur,Gaurayaadih,1818,Mungra Badshah Pur
Jaunpur,Mugrabadshahapur,Ahmadpur Kaithali,1818,Mungra Badshah Pur
Jaunpur,Mugrabadshahapur,Loh,1818,Mungra Badshah Pur
Jaunpur,Mugrabadshahapur,Muradao,1818,Mungra Badshah Pur
Jaunpur,Shahganj Sodhi,Arjupur Khurd,1821,Shah Ganj
Jaunpur,Shahganj Sodhi,Asrafpur Usrahta,1821,Shah Ganj
Jaunpur,Shahganj Sodhi,Bhudkurha,1821,Shah Ganj
Sant Ravidas Nagar,Gyanpur,Puragaderiya,2096,Gyanpur
Sant Ravidas Nagar,Gyanpur,Gajdхара,2096,Gyanpur
Sant Ravidas Nagar,Gyanpur,Samhair Rajputani,2096,Gyanpur
Sant Ravidas Nagar,Gyanpur,Ramaipur,2096,Gyanpur
Sant Ravidas Nagar,Gyanpur,Puregosaiydas,2096,Gyanpur
Sant Ravidas Nagar,Gyanpur,Jauharpur,2096,Gyanpur
Sant Ravidas Nagar,Gyanpur,Saripur alias Umerpur,2096,Gyanpur
Sant Ravidas Nagar,Gyanpur,Pakrikla,2096,Gyanpur
Sant Ravidas Nagar,Gyanpur,Sovuri,2096,Gyanpur
Sant Ravidas Nagar,Gyanpur,Bhidaura,2096,Gyanpur
Sant Ravidas Nagar,Gyanpur,Purereja,2096,Gyanpur
Sant Ravidas Nagar,Gyanpur,Garanv,2096,Gyanpur
Sant Ravidas Nagar,Gyanpur,Laxmanpatti,2096,Gyanpur
Sant Ravidas Nagar,Aurain,SaraiBabu,2093,Aurai
Jyotiba Phule Nagar,Joya,Dyodhi Urf Hadipur,1839,Joya
Jyotiba Phule Nagar,Joya,Paayatee Kalan,1839,Joya
Sant Ravidas Nagar,Aurain,Bargikala,2093,Aurai
Sant Ravidas Nagar,Aurain,Itwan,2093,Aurai
Sant Ravidas Nagar,Aurain,Lasmana,2093,Aurai
Sant Ravidas Nagar,Aurain,Kansapur,2093,Aurai
Sant Ravidas Nagar,Aurain,Bhaktapur,2093,Aurai
Sant Ravidas Nagar,Aurain,Chakora,2093,Aurai
Sant Ravidas Nagar,Aurain,Sarauli,2093,Aurai
Sant Ravidas Nagar,Aurain,Ghatampur,2093,Aurai
Sant Ravidas Nagar,Aurain,Raamaapur,2093,Aurai
Sant Ravidas Nagar,Aurain,Sahaspur,2093,Aurai
Jyotiba Phule Nagar,Joya,Umarpur,1839,Joya
Sant Ravidas Nagar,Deegh,Baliyapur,2095,Deegh
Jyotiba Phule Nagar,Joya,Pachakara Meharban Ali,1839,Joya
Sant Ravidas Nagar,Deegh,Checkmandhata,2095,Deegh
Sant Ravidas Nagar,Deegh,Bharatpur,2095,Deegh
Sant Ravidas Nagar,Deegh,Tribhuvanpur,2095,Deegh
Sant Ravidas Nagar,Deegh,Sikinchopra,2095,Deegh
Sant Ravidas Nagar,Deegh,Bhawapur,2095,Deegh
Sant Ravidas Nagar,Deegh,Chattami,2095,Deegh
Sant Ravidas Nagar,Deegh,Amilor,2095,Deegh
Sant Ravidas Nagar,Deegh,Gulouri,2095,Deegh
Sant Ravidas Nagar,Deegh,Biharozpur,2095,Deegh
Jyotiba Phule Nagar,Joya,Mazhauli,1839,Joya
Sant Ravidas Nagar,Deegh,Berkhapahadpur,2095,Deegh
Sant Ravidas Nagar,Deegh,Baripur,2095,Deegh
Sant Ravidas Nagar,Deegh,Naarep,2095,Deegh
Sant Ravidas Nagar,Deegh,Khemapur,2095,Deegh
Sant Ravidas Nagar,Deegh,Arai,2095,Deegh
Sant Ravidas Nagar,Deegh,Itara,2095,Deegh
Sant Ravidas Nagar,Deegh,Kudikhard,2095,Deegh
Sant Ravidas Nagar,Deegh,Bahpura,2095,Deegh
Sant Ravidas Nagar,Deegh,Maweiyathan Singh,2095,Deegh
Sant Ravidas Nagar,Deegh,Dhanatulsi,2095,Deegh
Sant Ravidas Nagar,Deegh,Kalikamavaiya,2095,Deegh
Sant Ravidas Nagar,Deegh,Bairivissa,2095,Deegh
Sant Ravidas Nagar,Deegh,Ibrapur,2095,Deegh
Sant Ravidas Nagar,Deegh,Purwa,2095,Deegh
Sant Ravidas Nagar,Deegh,Badri,2095,Deegh
Sant Ravidas Nagar,Suriyawan,Sarai Bhavsingh,2097,Suriyavan
Sant Ravidas Nagar,Suriyawan,Kusauda,2097,Suriyavan
Sant Ravidas Nagar,Suriyawan,Manapur,2097,Suriyavan
Sant Ravidas Nagar,Suriyawan,Avarna,2097,Suriyavan
Sant Ravidas Nagar,Suriyawan,Sara,2097,Suriyavan
Sant Ravidas Nagar,Suriyawan,Chhatripur,2097,Suriyavan
Sant Ravidas Nagar,Suriyawan,Bhoori,2097,Suriyavan
Sant Ravidas Nagar,Suriyawan,Haripatti,2097,Suriyavan
Sant Ravidas Nagar,Suriyawan,Sierha,2097,Suriyavan
Sant Ravidas Nagar,Suriyawan,Narottampur,2097,Suriyavan
Jyotiba Phule Nagar,Joya,Shaunaali,1839,Joya
Sant Ravidas Nagar,Bhadohi,Aneppur,2094,Bhadohi
Sant Ravidas Nagar,Bhadohi,Ryan,2094,Bhadohi
Sant Ravidas Nagar,Bhadohi,Pipiri,2094,Bhadohi
Sant Ravidas Nagar,Bhadohi,Jaddoopr,2094,Bhadohi
Sant Ravidas Nagar,Bhadohi,Kukrothi,2094,Bhadohi
Sant Ravidas Nagar,Bhadohi,Mahboobpur,2094,Bhadohi
Sant Ravidas Nagar,Bhadohi,Sewapur,2094,Bhadohi
Sant Ravidas Nagar,Bhadohi,Raimalpur,2094,Bhadohi
Sant Ravidas Nagar,Bhadohi,Noorpur,2094,Bhadohi
Jyotiba Phule Nagar,Joya,Dhanauri Ahir,1839,Joya
Jyotiba Phule Nagar,Joya,Pandki,1839,Joya
Sant Ravidas Nagar,Bhadohi,Jhingurpur,2094,Bhadohi
Sant Ravidas Nagar,Bhadohi,Puramoriya,2094,Bhadohi
Sant Ravidas Nagar,Bhadohi,Mallupur,2094,Bhadohi
Sant Ravidas Nagar,Abholi,Vishouli Krishnapur,2092,Abhauli
Jyotiba Phule Nagar,Joya,Masudpur Nawad,1839,Joya
Sant Ravidas Nagar,Abholi,Maumiram,2092,Abhauli
Sant Ravidas Nagar,Abholi,Bawan,2092,Abhauli
Jyotiba Phule Nagar,Joya,Rampur Dhana,1839,Joya
Sant Ravidas Nagar,Abholi,Neebee,2092,Abhauli
Jyotiba Phule Nagar,Joya,Raipur Khurd,1839,Joya
Sant Ravidas Nagar,Abholi,Saraykansarai,2092,Abhauli
Sant Ravidas Nagar,Abholi,Gadora,2092,Abhauli
Sant Ravidas Nagar,Abholi,Guvaali,2092,Abhauli
Mirzapur,Seeti,Bedodi,1993,Shikhar
Mirzapur,Seeti,Anantrampatti,1993,Shikhar
Mirzapur,Seeti,Arjunpur,1993,Shikhar
Mirzapur,Seeti,Kirtar Tara,1993,Shikhar
Mirzapur,Seeti,LacchPatti,1993,Shikhar
Mirzapur,Seeti,Kurkuthey Pandey,1993,Shikhar
Mirzapur,Seeti,Raipur Pakhta,1993,Shikhar
Mirzapur,Seeti,Huruwa,1993,Shikhar
Mirzapur,Seeti,Mahewa,1993,Shikhar
Mirzapur,Seeti,Bhenwar Karmanpur,1993,Shikhar
Jyotiba Phule Nagar,Joya,Meera Sarai,1839,Joya
Mirzapur,Seeti,Warji Mukundpur,1993,Shikhar
Mirzapur,Seeti,Arjunpur Pathak,1993,Shikhar
Mirzapur,Seeti,Devari,1993,Shikhar
Mirzapur,Seeti,Tengarahi,1993,Shikhar
Mirzapur,Seeti,Amoi,1993,Shikhar
Mirzapur,Seeti,Todd,1993,Shikhar
Mirzapur,Seeti,Vikna,1993,Shikhar
Mirzapur,Seeti,Bhodsar,1993,Shikhar
Jyotiba Phule Nagar,Joya,Nareina Kala,1839,Joya
Mirzapur,Seeti,Barkhachalalan,1993,Shikhar
Mirzapur,Seeti,Barkachha Khurd,1993,Shikhar
Mirzapur,Seeti,Pahadi,1993,Shikhar
Mirzapur,Seeti,Bhiskhuri,1993,Shikhar
Mirzapur,Seeti,Jasowar,1993,Shikhar
Mirzapur,Seeti,Shahpur Chausa,1993,Shikhar
Mirzapur,Seeti,Katran,1993,Shikhar
Mirzapur,Seeti,Nuanv,1993,Shikhar
Mirzapur,Seeti,Sinhara Kala,1993,Shikhar
Jyotiba Phule Nagar,Joya,Foudapur,1839,Joya
Mirzapur,Seeti,Mewli,1993,Shikhar
Mirzapur,Seeti,Ledu,1993,Shikhar
Mirzapur,Seeti,Parwa Rajdhar,1993,Shikhar
Mirzapur,Seeti,Gursandi,1993,Shikhar
Mirzapur,Seeti,Nevadiya Ghat,1993,Shikhar
Mirzapur,Seeti,Pipra Dad,1993,Shikhar
Mirzapur,Seeti,Nauha,1993,Shikhar
Mirzapur,Seeti,Gangaut,1993,Shikhar
Mirzapur,Seeti,Bihari,1993,Shikhar
Mirzapur,Seeti,Jignaudi,1993,Shikhar
Mirzapur,Seeti,Semara Belauhaan,1993,Shikhar
Mirzapur,Seeti,Badhauli,1993,Shikhar
Mirzapur,Seeti,Pathara Dasaudhi,1993,Shikhar
Mirzapur,Seeti,Jiuti,1993,Shikhar
Mirzapur,Seeti,Dilman Deoria,1993,Shikhar
Mirzapur,Seeti,Lohdi Kalan,1993,Shikhar
Mirzapur,Seeti,Sirsi Gaharvaar,1993,Shikhar
Mirzapur,Seeti,Sirsi Baghel,1993,Shikhar
Mirzapur,Seeti,Nakhahra,1993,Shikhar
Mirzapur,Seeti,Kantit,1993,Shikhar
Mirzapur,Seeti,Gopalpur,1993,Shikhar
Mirzapur,Seeti,Rajapur,1993,Shikhar
Mirzapur,Seeti,Chandaipur,1993,Shikhar
Mirzapur,Seeti,Padra Hanuman,1993,Shikhar
Mirzapur,Seeti,Chitaunpur,1993,Shikhar
Mirzapur,Seeti,Duhauwa,1993,Shikhar
Mirzapur,Seeti,Doobarapahaadi,1993,Shikhar
Mirzapur,Seeti,Magardakala,1993,Shikhar
Mirzapur,Seeti,Aragaja Pandaypur,1993,Shikhar
Mirzapur,Seeti,Samogra,1993,Shikhar
Mirzapur,Seeti,Ahamalpur,1993,Shikhar
Mirzapur,Seeti,Raj Pur,1993,Shikhar
Mirzapur,Seeti,Mishra Lauli,1993,Shikhar
Mirzapur,Seeti,Bharuhna,1993,Shikhar
Mirzapur,Seeti,Tarkapur,1993,Shikhar
Mirzapur,Seeti,Cheruiram,1993,Shikhar
Mirzapur,Seeti,Dewapur Pachwal,1993,Shikhar
Jyotiba Phule Nagar,Joya,Durgpur,1839,Joya
Mirzapur,Kon (Cheelha),Manova,1985,Kon
Mirzapur,Kon (Cheelha),Kholwa,1985,Kon
Mirzapur,Kon (Cheelha),Anurupapur Pachimpat,1985,Kon
Jyotiba Phule Nagar,Joya,Wadunia,1839,Joya
Mirzapur,Seekhar,Govindpur Urf Dhannoppur,1993,Shikhar
Mirzapur,Seekhar,Sonvarsha,1993,Shikhar
Mirzapur,Lalganj,Tenduak Hurd,1986,Lalganj
Mirzapur,Lalganj,Basheekala,1986,Lalganj
Mirzapur,Lalganj,Madwa Nevada,1986,Lalganj
Jyotiba Phule Nagar,Joya,Guldia,1839,Joya
Jyotiba Phule Nagar,Joya,Amroha Dehat,1839,Joya
Jyotiba Phule Nagar,Joya,Hakampur,1839,Joya
Mirzapur,Majhwan,Danaai,1987,Majhawa
Jyotiba Phule Nagar,Joya,Ikauda,1839,Joya
Mirzapur,Majhwan,Baraini,1987,Majhawa
Jyotiba Phule Nagar,Joya,Nizam Nagla,1839,Joya
Mirzapur,Halia,Lohrau,1983,Hallia
Mirzapur,Halia,Lion,1983,Hallia
Mirzapur,Halia,Bhaisod Balaap Pahad,1983,Hallia
Mirzapur,Pahadi,Manojpur,1990,Pahari
Mirzapur,Pahadi,Aamrit,1990,Pahari
Mirzapur,Pahadi,Bhojpur Pahadi,1990,Pahari
Mirzapur,Pahadi,Dadhiram,1990,Pahari
Mirzapur,Pahadi,Sagar Semar,1990,Pahari
Mirzapur,Pahadi,Umariya Ayodhyaprasad,1990,Pahari
Mirzapur,Narayanpur,Neebee,1989,Narainpur
Mirzapur,Narayanpur,Shripur,1989,Narainpur
Mirzapur,Narayanpur,Rajupur,1989,Narainpur
Mirzapur,Narayanpur,Ibrapur,1989,Narainpur
Mirzapur,Narayanpur,Shahpur,1989,Narainpur
Mirzapur,Narayanpur,Dayalpur Urf Muhammad,1989,Narainpur
Mirzapur,Narayanpur,Rupotha,1989,Narainpur
Jyotiba Phule Nagar,Joya,Chakpoytee,1839,Joya
Mirzapur,Chhaanbe,Karni Bhanwa,1982,Chhanvey
Mirzapur,Chhaanbe,Bhillaura,1982,Chhanvey
Mirzapur,Chhaanbe,Bauri,1982,Chhanvey
Mirzapur,Chhaanbe,Bihsara Kala,1982,Chhanvey
Mirzapur,Chhaanbe,Gonaoura,1982,Chhanvey
Mirzapur,Chhaanbe,Babhani Mu 0 Parwa,1982,Chhanvey
Mirzapur,Chhaanbe,Piyari Bheet,1982,Chhanvey
Mirzapur,Rajgarh,Koodi,1992,Rajgarh
Mirzapur,Rajgarh,Rampur,1992,Rajgarh
Mirzapur,Rajgarh,Bargawan,1992,Rajgarh
Mirzapur,Rajgarh,Jogarh,1992,Rajgarh
Mirzapur,Rajgarh,Saria,1992,Rajgarh
Muradabad,Bilari,Beni,1998,Bilari
Muradabad,Bilari,Bhagatpur Mirza,1998,Bilari
Muradabad,Bilari,Lakhneta,1998,Bilari
Sonbhadra,Nagwan,Devarimyadevra,2157,Nagwa
Muradabad,Bilari,Rajthal Mainthra,1998,Bilari
Sonbhadra,Nagwan,Doobepur,2157,Nagwa
Sonbhadra,Nagwan,Sohadaval,2157,Nagwa
Sonbhadra,Nagwan,Nagaon,2157,Nagwa
Sonbhadra,Nagwan,Barhmori,2157,Nagwa
Sonbhadra,Nagwan,Pindari,2157,Nagwa
Sonbhadra,Nagwan,Chanani,2157,Nagwa
Muradabad,Bilari,Sarai Jwalapuri,1998,Bilari
Sonbhadra,Nagwan,Kevatam,2157,Nagwa
Muradabad,Bilari,Mithanpur Mahesh,1998,Bilari
Sonbhadra,Vabhni,Randah,2151,Babhani
Sonbhadra,Vabhni,Ghaghra,2151,Babhani
Muradabad,Bilari,Kurh Fatehgarh,1998,Bilari
Sonbhadra,Vabhni,Arjhat,2151,Babhani
Sonbhadra,Duddhi,Teda,2154,Dudhi
Muradabad,Bilari,Atwa Chencheri,1998,Bilari
Sonbhadra,Duddhi,Beedar,2154,Dudhi
Sonbhadra,Duddhi,Rajkhad,2154,Dudhi
Sonbhadra,Duddhi,Baheradol,2154,Dudhi
Sonbhadra,Duddhi,Katauli,2154,Dudhi
Sonbhadra,Duddhi,Mazhauli,2154,Dudhi
Muradabad,Bilari,Bichaiata Kaji,1998,Bilari
Sonbhadra,Duddhi,Butbeedhwa,2154,Dudhi
Sonbhadra,Duddhi,Moodisemar,2154,Dudhi
Muradabad,Bilari,Diyaura Khas,1998,Bilari
Sonbhadra,Duddhi,Badhmandva,2154,Dudhi
Muradabad,Bilari,Bhagatpoor Paheleee,1998,Bilari
Sonbhadra,Duddhi,Karahiya,2154,Dudhi
Sonbhadra,Duddhi,Phulwar,2154,Dudhi
Muradabad,Bilari,Faizullapur,1998,Bilari
Sonbhadra,Chopan,Badgavan,2153,Chopan
Sonbhadra,Chopan,Jugail,2153,Chopan
Sonbhadra,Chopan,Tapu,2153,Chopan
Muradabad,Bilari,Dharampur Kuniya,1998,Bilari
Muradabad,Bilari,Mithanpur Mauza,1998,Bilari
Sonbhadra,Chopan,Mitihinian,2153,Chopan
Sonbhadra,Chopan,Kharondhi,2153,Chopan
Sonbhadra,Chopan,Mishri,2153,Chopan
Sonbhadra,Chopan,Devatan,2153,Chopan
Sonbhadra,Chopan,Kon,2153,Chopan
Sonbhadra,Chopan,Rokha,2153,Chopan
Muradabad,Bilari,Chawada,1998,Bilari
Sonbhadra,Chopan,Khetkatwa,2153,Chopan
Sonbhadra,Chopan,Kudwa,2153,Chopan
Sonbhadra,Chopan,Piparkhad,2153,Chopan
Sonbhadra,Chopan,Kishunpurwa,2153,Chopan
Sonbhadra,Chopan,Gidiya,2153,Chopan
Sonbhadra,Chopan,Bagasoti,2153,Chopan
Sonbhadra,Chopan,Ramgarh,2153,Chopan
Sonbhadra,Chopan,Naudiha,2153,Chopan
Muradabad,Bilari,Balkaranpoor,1998,Bilari
Sonbhadra,Chopan,Chanchikala,2153,Chopan
Sonbhadra,Chopan,Naktawar,2153,Chopan
Sonbhadra,Chopan,Barwadih,2153,Chopan
Sonbhadra,Chopan,Kheampur,2153,Chopan
Sonbhadra,Chopan,Nigai,2153,Chopan
Sonbhadra,Robertsganj,Badhuwari,2158,Robertsganj
Muradabad,Bilari,Khabaria Hulas Nagar,1998,Bilari
Sonbhadra,Robertsganj,Badhauli,2158,Robertsganj
Sonbhadra,Robertsganj,Lodhi,2158,Robertsganj
Sonbhadra,Robertsganj,Ormoura,2158,Robertsganj
Sonbhadra,Robertsganj,Sirpaalpur,2158,Robertsganj
Sonbhadra,Robertsganj,Kamhari,2158,Robertsganj
Muradabad,Bilari,Mudiya Kheda,1998,Bilari
Sonbhadra,Robertsganj,Babhanouli,2158,Robertsganj
Muradabad,Bilari,Dhanupura Chandoa,1998,Bilari
Sonbhadra,Robertsganj,Papi,2158,Robertsganj
Sonbhadra,Robertsganj,Patehra,2158,Robertsganj
Sonbhadra,Robertsganj,Karaki,2158,Robertsganj
Muradabad,Bilari,Malhpur Bhavani,1998,Bilari
Sonbhadra,Robertsganj,Bharuha,2158,Robertsganj
Sonbhadra,Robertsganj,Khairi,2158,Robertsganj
Sonbhadra,Robertsganj,Baswanishf,2158,Robertsganj
Sonbhadra,Robertsganj,Kekrahi,2158,Robertsganj
Sonbhadra,Robertsganj,Bhabhnaulikala,2158,Robertsganj
Sonbhadra,Robertsganj,Bahua,2158,Robertsganj
Sonbhadra,Robertsganj,Budharkhurdh,2158,Robertsganj
Sonbhadra,Robertsganj,Budharkala,2158,Robertsganj
Muradabad,Bilari,Dharmupur Ratta,1998,Bilari
Sonbhadra,Robertsganj,Banaora Pratham,2158,Robertsganj
Sonbhadra,Robertsganj,Arauli,2158,Robertsganj
Sonbhadra,Robertsganj,Koora,2158,Robertsganj
Muradabad,Bilari,Reeth,1998,Bilari
Sonbhadra,Robertsganj,Roup,2158,Robertsganj
Sonbhadra,Robertsganj,Tirayanaik,2158,Robertsganj
Muradabad,Bilari,Gursari,1998,Bilari
Sonbhadra,Robertsganj,Belkap,2158,Robertsganj
Sonbhadra,Robertsganj,Devari,2158,Robertsganj
Sonbhadra,Robertsganj,Badgaon,2158,Robertsganj
Muradabad,Bilari,Bahoranpur Todakpur,1998,Bilari
Sonbhadra,Robertsganj,Bat,2158,Robertsganj
Sonbhadra,Robertsganj,Gaurahi,2158,Robertsganj
Sonbhadra,Robertsganj,Mubarakpur,2158,Robertsganj
Sonbhadra,Robertsganj,Takia,2158,Robertsganj
Sonbhadra,Robertsganj,Sukrit,2158,Robertsganj
Sonbhadra,Robertsganj,Lohra,2158,Robertsganj
Sonbhadra,Robertsganj,Bhawanipur,2158,Robertsganj
Sonbhadra,Robertsganj,Madhupur,2158,Robertsganj
Sonbhadra,Robertsganj,Parhi,2158,Robertsganj
Sonbhadra,Robertsganj,Aamdih,2158,Robertsganj
Sonbhadra,Robertsganj,Nagnaraharaiya,2158,Robertsganj
Sonbhadra,Ghorawal,Gardegaad,2155,Ghorawal
Muradabad,Bilari,Pegarfatpur,1998,Bilari
Sonbhadra,Ghorawal,Sirsiya Thakurain,2155,Ghorawal
Sonbhadra,Ghorawal,Bhataulia,2155,Ghorawal
Sonbhadra,Ghorawal,Bakahee,2155,Ghorawal
Sonbhadra,Ghorawal,Sirsia,2155,Ghorawal
Sonbhadra,Ghorawal,Jadera,2155,Ghorawal
Sonbhadra,Ghorawal,Tikuria,2155,Ghorawal
Sonbhadra,Ghorawal,Karma,2155,Ghorawal
Sonbhadra,Ghorawal,Pagiya,2155,Ghorawal
Sonbhadra,Ghorawal,Sirvit,2155,Ghorawal
Muradabad,Bilari,Tanda Dambunagala,1998,Bilari
Sonbhadra,Ghorawal,Karkoali,2155,Ghorawal
Sonbhadra,Ghorawal,Ju dvariya,2155,Ghorawal
Sonbhadra,Ghorawal,Sirsia Jethi,2155,Ghorawal
Sonbhadra,Ghorawal,Saranga,2155,Ghorawal
Sonbhadra,Ghorawal,Pandey Pokhar,2155,Ghorawal
Sonbhadra,Ghorawal,Sahdeiya Baidar,2155,Ghorawal
Sonbhadra,Ghorawal,Silhata,2155,Ghorawal
Sonbhadra,Ghorawal,Bari Mahewa,2155,Ghorawal
Sonbhadra,Ghorawal,Rani Tara,2155,Ghorawal
Sonbhadra,Ghorawal,Phulwari,2155,Ghorawal
Sonbhadra,Ghorawal,Dhowaan,2155,Ghorawal
Sonbhadra,Ghorawal,Khutanian,2155,Ghorawal
Sonbhadra,Ghorawal,Jogni,2155,Ghorawal
Sonbhadra,Ghorawal,Bagpokhar,2155,Ghorawal
Sonbhadra,Ghorawal,Bishar,2155,Ghorawal
Sonbhadra,Ghorawal,Magardah,2155,Ghorawal
Sonbhadra,Ghorawal,Purkhas,2155,Ghorawal
Sonbhadra,Ghorawal,Innam,2155,Ghorawal
Sonbhadra,Ghorawal,Kingari,2155,Ghorawal
Sonbhadra,Ghorawal,Mahuanv Pandey,2155,Ghorawal
Sonbhadra,Ghorawal,Diber,2155,Ghorawal
Sonbhadra,Ghorawal,Koldiha,2155,Ghorawal
Sonbhadra,Ghorawal,Vardia,2155,Ghorawal
Sonbhadra,Ghorawal,Mizhoon,2155,Ghorawal
Sonbhadra,Ghorawal,ShivDwar,2155,Ghorawal
Muradabad,Bilari,Sisouna Tarapur,1998,Bilari
Sonbhadra,Ghorawal,Tiloolikala,2155,Ghorawal
Sonbhadra,Ghorawal,Kadiya,2155,Ghorawal
Muradabad,Bilari,Naushana Syondara,1998,Bilari
Sonbhadra,Chatra,UnchiKhurd ( Majhidha ),2152,Chatra
Sonbhadra,Chatra,Gullidand,2152,Chatra
Sonbhadra,Chatra,Karwaniyan,2152,Chatra
Sonbhadra,Chatra,Pannooganj,2152,Chatra
Muradabad,Bilari,Bakainiyan Chandpur,1998,Bilari
Sonbhadra,Chatra,Khadooi,2152,Chatra
Sonbhadra,Chatra,Banoli,2152,Chatra
Sonbhadra,Chatra,Raki,2152,Chatra
Sonbhadra,Chatra,Padrikala,2152,Chatra
Sonbhadra,Chatra,Sodha,2152,Chatra
Sonbhadra,Myorpur,Murdhwa,2156,Myorpur
Sonbhadra,Myorpur,Sendoor ( Makra ),2156,Myorpur
Sonbhadra,Myorpur,Auri,2156,Myorpur
Sonbhadra,Myorpur,Anapara,2156,Myorpur
Sonbhadra,Myorpur,Parasi,2156,Myorpur
Sonbhadra,Myorpur,Garbandha,2156,Myorpur
Sonbhadra,Myorpur,Kakri,2156,Myorpur
Sonbhadra,Myorpur,Rehta,2156,Myorpur
Sonbhadra,Myorpur,Doodhar,2156,Myorpur
Sonbhadra,Myorpur,Padri,2156,Myorpur
Muradabad,Bilari,Guar Kheda,1998,Bilari
Sonbhadra,Myorpur,Dadhihra,2156,Myorpur
Muradabad,Bilari,Bagrau,1998,Bilari
Muradabad,Bilari,Haraura,1998,Bilari
Muradabad,Bilari,Khata Hamzapur,1998,Bilari
Muradabad,Bilari,Udanpur Chak alias V,1998,Bilari
Muradabad,Thakurdwara,Manpurdattaram,2006,Thakurdwara
Muradabad,Thakurdwara,KalaJhanda,2006,Thakurdwara
Muradabad,Thakurdwara,Wowda wala,2006,Thakurdwara
Muradabad,Thakurdwara,Bakawala,2006,Thakurdwara
Muradabad,Thakurdwara,Sarakda Param,2006,Thakurdwara
Muradabad,Thakurdwara,Maisuwala,2006,Thakurdwara
Muradabad,Thakurdwara,Shahabazpur Kala,2006,Thakurdwara
Muradabad,Thakurdwara,Pipli Ahir,2006,Thakurdwara
Muradabad,Thakurdwara,Raibhud,2006,Thakurdwara
Muradabad,Thakurdwara,Dulhapur Patti Chauhan,2006,Thakurdwara
Muradabad,Thakurdwara,Kundasara,2006,Thakurdwara
Muradabad,Sambhal,Milkasiri,2005,Sambhal
Muradabad,Sambhal,Mithauli,2005,Sambhal
Muradabad,Sambhal,Pauta,2005,Sambhal
Muradabad,Sambhal,Batowa,2005,Sambhal
Muradabad,Sambhal,Sisauta,2005,Sambhal
Muradabad,Sambhal,Waripur Bhamarauwa,2005,Sambhal
Muradabad,Sambhal,Maumanpur Kadhera,2005,Sambhal
Muradabad,Sambhal,Pariyavali,2005,Sambhal
Muradabad,Sambhal,Mahmudpur Immahah,2005,Sambhal
Muradabad,Sambhal,Chaukani,2005,Sambhal
Muradabad,Sambhal,Bhadwada,2005,Sambhal
Muradabad,Sambhal,Aichwada Deengar,2005,Sambhal
Muradabad,Sambhal,Mojjamipur Urf Bishan,2005,Sambhal
Muradabad,Sambhal,Mahmudpur Kunj,2005,Sambhal
Muradabad,Sambhal,Ghughavali,2005,Sambhal
Muradabad,Muradabad,Sihaali,2002,Moradabad
Muradabad,Muradabad,Gauharpur Sultanpur,2002,Moradabad
Muradabad,Muradabad,Islamnagar,2002,Moradabad
Muradabad,Muradabad,Mauhabbatpoor Bhagavantpoor,2002,Moradabad
Muradabad,Muradabad,Maura Mustakam,2002,Moradabad
Muradabad,Muradabad,Agwanpur,2002,Moradabad
Muradabad,Muradabad,Manojpur,2002,Moradabad
Muradabad,Muradabad,Bhaisiya,2002,Moradabad
Saharanpur,Gangoh,Rasulpur Ballamajra,2074,Gangoh
Muradabad,Muradabad,Gauta,2002,Moradabad
Muradabad,Muradabad,Gindauda,2002,Moradabad
Muradabad,Muradabad,Vakainiya Mafi,2002,Moradabad
Muradabad,Muradabad,Pakwada,2002,Moradabad
Muradabad,Dilari,Ilar,2000,Dilari
Muradabad,Dilari,Sodaspur,2000,Dilari
Saharanpur,Gangoh,Halwana,2074,Gangoh
Muradabad,Dilari,Dhakiya piru,2000,Dilari
Muradabad,Dilari,Dhakia jat,2000,Dilari
Muradabad,Dilari,Sajni,2000,Dilari
Muradabad,Dilari,Dhigarpur Mulawan,2000,Dilari
Muradabad,Dilari,Dharuupur Fazalpur,2000,Dilari
Muradabad,Dilari,Aliyabad,2000,Dilari
Muradabad,Dilari,Chavadh,2000,Dilari
Muradabad,Dilari,Kumariajubla,2000,Dilari
Muradabad,Dilari,Sidlau Najar pur,2000,Dilari
Muradabad,Dilari,Kaajipura,2000,Dilari
Muradabad,Dingarpur (Kundarki),Peetpur Naiya Kheda,2001,Kundarki
Muradabad,Dingarpur (Kundarki),Malhipur Mahmuudaa Nagal,2001,Kundarki
Muradabad,Dingarpur (Kundarki),Ahmad Nagar Jaitbaadaa,2001,Kundarki
Muradabad,Dingarpur (Kundarki),Tewer Patti Urf Kaji,2001,Kundarki
Muradabad,Dingarpur (Kundarki),Takhtpur allaah,2001,Kundarki
Muradabad,Dingarpur (Kundarki),Nausana Shekupur,2001,Kundarki
Muradabad,Dingarpur (Kundarki),Gurair Milk,2001,Kundarki
Muradabad,Dingarpur (Kundarki),Chutupura Raywangla,2001,Kundarki
Muradabad,Dingarpur (Kundarki),Hussain Pur Paster,2001,Kundarki
Muradabad,Dingarpur (Kundarki),Sundarpur Kalyāṇ,2001,Kundarki
Muradabad,Dingarpur (Kundarki),Ladpura Bhiknapur,2001,Kundarki
Muradabad,Dingarpur (Kundarki),Alinagar,2001,Kundarki
Muradabad,Dingarpur (Kundarki),Ajmanagar Chaupda,2001,Kundarki
Muradabad,Dingarpur (Kundarki),NagaliaMashkula,2001,Kundarki
Muradabad,Dingarpur (Kundarki),Mahmudpur Mafi,2001,Kundarki
Muradabad,Bahjoi,Baihata Jaisingh,1995,Bahjoi
Muradabad,Bahjoi,Pagona,1995,Bahjoi
Muradabad,Bahjoi,Shyaurajpur,1995,Bahjoi
Muradabad,Bahjoi,Dhakari,1995,Bahjoi
Muradabad,Bahjoi,Mirzapur,1995,Bahjoi
Muradabad,Bahjoi,Vahnpur Patti,1995,Bahjoi
Muradabad,Bahjoi,Kaisopur Raseta,1995,Bahjoi
Muradabad,Panwasa,Mau 0 Pur Vawai,2004,Panwasa
Muradabad,Panwasa,aichhauli,2004,Panwasa
Muradabad,Panwasa,Qazi Wahata,2004,Panwasa
Muradabad,Panwasa,Adhaula Mafi,2004,Panwasa
Muradabad,Panwasa,Nurio Sarai,2004,Panwasa
Muradabad,Panwasa,Mau 0 Pur Tanda,2004,Panwasa
Muradabad,Panwasa,ShahbazpurSuranagala,2004,Panwasa
Muradabad,Panwasa,Saudhan Mau0 Pur,2004,Panwasa
Muradabad,Panwasa,Gauhat,2004,Panwasa
Muradabad,Panwasa,Gagnaita,2004,Panwasa
Muradabad,Panwasa,Dhaati,2004,Panwasa
Muradabad,Panwasa,Saijna,2004,Panwasa
Muradabad,Panwasa,Sa 0 Shou 0 Khalsa,2004,Panwasa
Muradabad,Panwasa,Sa 0 Sho 0 Munzabta,2004,Panwasa
Muradabad,Panwasa,Isapur Musapur,2004,Panwasa
Muradabad,Panwasa,Sahariya Urf Sainda,2004,Panwasa
Muradabad,Mudhaa Pandey,Barbara Khas,2003,Munda Pandey
Muradabad,Mudhaa Pandey,Mudia Malukpur,2003,Munda Pandey
Muradabad,Mudhaa Pandey,Ganesha Ghat,2003,Munda Pandey
Muradabad,Mudhaa Pandey,Khabadia Bhud,2003,Munda Pandey
Muradabad,Mudhaa Pandey,Sihor Waje,2003,Munda Pandey
Muradabad,Mudhaa Pandey,Jaitpur visahhat,2003,Munda Pandey
Muradabad,Mudhaa Pandey,Dupaida,2003,Munda Pandey
Muradabad,Mudhaa Pandey,Bheetkheda,2003,Munda Pandey
Muradabad,Mudhaa Pandey,Ghonda,2003,Munda Pandey
Muradabad,Mudhaa Pandey,Ronda,2003,Munda Pandey
Muradabad,Mudhaa Pandey,Lala Tikar,2003,Munda Pandey
Muradabad,Mudhaa Pandey,Virpur Variyar,2003,Munda Pandey
Muradabad,Mudhaa Pandey,AkkaDilari,2003,Munda Pandey
Muradabad,Mudhaa Pandey,Govardhanpur,2003,Munda Pandey
Muradabad,Mudhaa Pandey,Eler Rusulawad,2003,Munda Pandey
Muradabad,Mudhaa Pandey,Dolara,2003,Munda Pandey
Muradabad,Mudhaa Pandey,Samadi ShivPuri,2003,Munda Pandey
Muradabad,Mudhaa Pandey,Parashupuravjae,2003,Munda Pandey
Muradabad,Asamoli,Bhaisoda,1994,Asmauli
Muradabad,Asamoli,Itayala Mafi,1994,Asmauli
Muradabad,Asamoli,Naretha Mau 0 Pur,1994,Asmauli
Muradabad,Asamoli,Raja Galavpur,1994,Asmauli
Muradabad,Asamoli,Dulhapurkhand Alias Dar,1994,Asmauli
Muradabad,Asamoli,nekpur akhtyarapur,1994,Asmauli
Muradabad,Asamoli,vAvukheDA,1994,Asmauli
Muradabad,Asamoli,Echauḍā Kambhoh,1994,Asmauli
Saharanpur,Gangoh,Dhalavali,2074,Gangoh
Muradabad,Asamoli,Bhatpura,1994,Asmauli
Muradabad,Asamoli,Gozni Milk,1994,Asmauli
Muradabad,Asamoli,Nahrauli,1994,Asmauli
Muradabad,Chhajlait,Mahmudpur Mafi,1999,Chhajlet
Muradabad,Chhajlait,Dhahra,1999,Chhajlet
Muradabad,Chhajlait,Fulpur Mithanpur,1999,Chhajlet
Muradabad,Chhajlait,Kuri Khana,1999,Chhajlet
Saharanpur,Gangoh,Mau 0 Pu 0 Gurjar,2074,Gangoh
Muradabad,Chhajlait,Kudameerpur,1999,Chhajlet
Saharanpur,Gangoh,Dummar Kishnupur,2074,Gangoh
Saharanpur,Gangoh,Kendal,2074,Gangoh
Rampur,Bilaaspur,Pahadpur,2066,Bilaspur
Rampur,Bilaaspur,Hasanpur,2066,Bilaspur
Rampur,Bilaaspur,Haria Kala,2066,Bilaspur
Rampur,Bilaaspur,Mudiya Manakra,2066,Bilaspur
Rampur,Bilaaspur,Verkheda,2066,Bilaspur
Rampur,Bilaaspur,Vausena,2066,Bilaspur
Rampur,Bilaaspur,Sitaura,2066,Bilaspur
Saharanpur,Gangoh,Dabkola,2074,Gangoh
Saharanpur,Gangoh,Lakhnauti,2074,Gangoh
Saharanpur,Baliyakhedi,Firahedi,2072,Ballia Kheri
Rampur,Saidnagar,Vichipuri,2069,Saidnagar
Rampur,Saidnagar,Mankapur,2069,Saidnagar
Rampur,Saidnagar,Khod,2069,Saidnagar
Rampur,Saidnagar,Aligarh Benazir,2069,Saidnagar
Rampur,Saidnagar,Khanna,2069,Saidnagar
Saharanpur,Baliyakhedi,Kaulki Kalalan,2072,Ballia Kheri
Rampur,Saidnagar,Hareta,2069,Saidnagar
Rampur,Milk,Kramacha,2068,Milak
Rampur,Milk,rahsaina,2068,Milak
Rampur,Milk,Lakhanakheda,2068,Milak
Rampur,Milk,Chakpur,2068,Milak
Saharanpur,Baliyakhedi,Kapasa,2072,Ballia Kheri
Rampur,Milk,Rahapura,2068,Milak
Rampur,Milk,Jyhora,2068,Milak
Rampur,Milk,Pegampur,2068,Milak
Saharanpur,Baliyakhedi,Beri Ta ga,2072,Ballia Kheri
Saharanpur,Baliyakhedi,Behadeki,2072,Ballia Kheri
Rampur,Milk,Kotara,2068,Milak
Rampur,Milk,Milk Mo 0 Baksh,2068,Milak
Saharanpur,Baliyakhedi,Eghri,2072,Ballia Kheri
Bareilly,Kyara,Dharupur Thakur,1550,Kyara
Bareilly,Kyara,Naveenagar,1550,Kyara
Bareilly,Kyara,Chanehti,1550,Kyara
Bareilly,Kyara,Itoua Sukhdevpur,1550,Kyara
Bareilly,Bhojipura,Kuaarada Dhimni,1544,Bhojipura
Bareilly,Bhojipura,Choupara Shubhali,1544,Bhojipura
Bareilly,Bhojipura,Jatoua JafarPur,1544,Bhojipura
Bareilly,Bhojipura,Noua Nagla,1544,Bhojipura
Bareilly,Bhojipura,Kasampur,1544,Bhojipura
Bareilly,Bhojipura,Virpur Makruka,1544,Bhojipura
Bareilly,Bhojipura,Milk Imamganj,1544,Bhojipura
Bareilly,Bhojipura,Maimor,1544,Bhojipura
Bareilly,Bhojipura,Sгалpur,1544,Bhojipura
Bareilly,Bhojipura,Harvanshpur Urf Lakshmiy,1544,Bhojipura
Saharanpur,Baliyakhedi,Nayagaon Urf Nayabans,2072,Ballia Kheri
Bareilly,Bahedi,Ret Wada,1542,Baheri
Bareilly,Bahedi,Vishnupur Guldiya,1542,Baheri
Saharanpur,Baliyakhedi,Langdaura Gurjar,2072,Ballia Kheri
Saharanpur,Baliyakhedi,Ghoghreki,2072,Ballia Kheri
Bareilly,Bahedi,Vuzhiya,1542,Baheri
Bareilly,Shergarh,Sihor,1555,Shergarh
Bareilly,Shergarh,Myuri Bujurg,1555,Shergarh
Bareilly,Damkhoda,Gulriya Mo 0 Hussain,1547,Damkhauda
Bareilly,Damkhoda,Ghatgwan,1547,Damkhauda
Bareilly,Damkhoda,Mudiya Navewakhsh,1547,Damkhauda
Bareilly,Faridpur,Khemungala,1548,Faridpur
Saharanpur,Baliyakhedi,Belda Junardard,2072,Ballia Kheri
Bareilly,Faridpur,Laun gpur,1548,Faridpur
Bareilly,Faridpur,Navdia E 0 Sahoda,1548,Faridpur
Bareilly,Faridpur,Nagaria Kalan,1548,Faridpur
Bareilly,Faridpur,Itoriya I o. Shivpur,1548,Faridpur
Bareilly,Faridpur,Amrita Etc. Shivpuri,1548,Faridpur
Bareilly,Bhuta,Vilaua,1545,Bhuta
Bareilly,Bhuta,Manakapur,1545,Bhuta
Bareilly,Bhuta,Wakriganj,1545,Bhuta
Saharanpur,Nagal,Rasulpurkhedi,2076,Nagal
Bareilly,Nawabganj,Labakhera taliv Husay •,1553,Nawabganj
Bareilly,Nawabganj,Divanapur,1553,Nawabganj
Bareilly,Nawabganj,Noua Nagla,1553,Nawabganj
Bareilly,Nawabganj,Prem Nagar Murarpur,1553,Nawabganj
Bareilly,Nawabganj,Vahor nagla,1553,Nawabganj
Bareilly,Bhadpura,Menthi Nadiya,1543,Bhadpura
Bareilly,Bhadpura,Panwariya Partitpur,1543,Bhadpura
Bareilly,Bhadpura,Madhopur,1543,Bhadpura
Saharanpur,Nagal,Flauda Rahamatpur,2076,Nagal
Bareilly,Mirganj,Diyauria Abdullaganj,1552,Mirganj
Bareilly,Mirganj,Paigangari,1552,Mirganj
Bareilly,Mirganj,Guldia,1552,Mirganj
Bareilly,Mirganj,divana,1552,Mirganj
Bareilly,Fatehganj ( P O ),Gauhana,1549,Fatehganj West
Bareilly,Fatehganj ( P O ),Oudh,1549,Fatehganj West
Bareilly,Fatehganj ( P O ),Panwariya,1549,Fatehganj West
Bareilly,Fatehganj ( P O ),Rukampur Madhopur,1549,Fatehganj West
Bareilly,Alampur Jafrabaad,Naugawa Thakurana,1541,Aalampur Jafarabad
Bareilly,Alampur Jafrabaad,Manjanpur,1541,Aalampur Jafarabad
Bareilly,Majhgawan,patparaganj,1551,Majhgawan
Bareilly,Majhgawan,Vivani,1551,Majhgawan
Bareilly,Majhgawan,Gidaoli,1551,Majhgawan
Bareilly,Majhgawan,Nagaria Sattan,1551,Majhgawan
Bareilly,Majhgawan,Rahagavan,1551,Majhgawan
Bareilly,Majhgawan,Wehta Janu,1551,Majhgawan
Bareilly,Majhgawan,Kachuradadi,1551,Majhgawan
Bareilly,Majhgawan,Valei Bhagwantpur,1551,Majhgawan
Bareilly,Majhgawan,Musharrafpur,1551,Majhgawan
Pilibhit,Bisalpur,Chaura,2024,Bisalpur
Pilibhit,Bisalpur,Sujani,2024,Bisalpur
Pilibhit,Bisalpur,Saphora,2024,Bisalpur
Pilibhit,Bisalpur,Varsiwal Urf Varsiyay,2024,Bisalpur
Pilibhit,Bisalpur,radhaita,2024,Bisalpur
Pilibhit,Bisalpur,Museli,2024,Bisalpur
Saharanpur,Nagal,Amkidipchandpur,2076,Nagal
Pilibhit,Bilsanda,Marorikhas,2023,Bilsanda
Pilibhit,Bilsanda,Rautapur,2023,Bilsanda
Pilibhit,Bilsanda,Pastaur kuiyan,2023,Bilsanda
Pilibhit,Bilsanda,Chaparwa Kuyan,2023,Bilsanda
Pilibhit,Bilsanda,Mareena,2023,Bilsanda
Pilibhit,Bilsanda,Gohania,2023,Bilsanda
Pilibhit,Bilsanda,Phirsā Churrāh,2023,Bilsanda
Pilibhit,Bilsanda,Pakriya Ta 0 Diyoriy,2023,Bilsanda
Pilibhit,Bilsanda,Itaon,2023,Bilsanda
Saharanpur,Nagal,Sheetlakheda,2076,Nagal
Pilibhit,Bilsanda,Khajuriyaa Naweeraam,2023,Bilsanda
Pilibhit,Bilsanda,Odazhar,2023,Bilsanda
Pilibhit,Bilsanda,Harungla Urf Naoua,2023,Bilsanda
Pilibhit,Bilsanda,Elabas Simra,2023,Bilsanda
Pilibhit,Marauri,Kالیا,2026,Marori
Pilibhit,Marauri,Har Krishnanpur,2026,Marori
Pilibhit,Marauri,Behri,2026,Marori
Pilibhit,Marauri,Naavkund,2026,Marori
Pilibhit,Marauri,Himmatnagar,2026,Marori
Pilibhit,Marauri,Tahpoota,2026,Marori
Pilibhit,Marauri,Marauri,2026,Marori
Muzzafarnagar,Baghra,Noonakheda,2007,Baghara
Pilibhit,Marauri,Diyuri,2026,Marori
Pilibhit,Marauri,Ajitpur Patapaara,2026,Marori
Pilibhit,Marauri,Bhuda Sareda,2026,Marori
Pilibhit,Marauri,Mudaila Kalan,2026,Marori
Pilibhit,Barkheda,Kuraima Ta 0 Foota Kaan,2022,Barkhera
Pilibhit,Barkheda,Gulda Machwapur,2022,Barkhera
Pilibhit,Barkheda,Mudiya Kundri,2022,Barkhera
Pilibhit,Barkheda,Nagara Phiza,2022,Barkhera
Pilibhit,Barkheda,Bkainiya Ta O Mahd,2022,Barkhera
Pilibhit,Amariya,Bisen,2021,Amariya
Pilibhit,Amariya,Nagaria Colony,2021,Amariya
Pilibhit,Amariya,Majhliya,2021,Amariya
Muzzafarnagar,Baghra,Sohanjani Jatan,2007,Baghara
Pilibhit,Amariya,Murliya Gosu,2021,Amariya
Pilibhit,Amariya,Haraypur,2021,Amariya
Pilibhit,Amariya,Tanda Vjsi,2021,Amariya
Pilibhit,Amariya,Niwad Eanthpur,2021,Amariya
Pilibhit,Amariya,Kurri,2021,Amariya
Pilibhit,Amariya,Bhaaga Mohammadganj,2021,Amariya
Pilibhit,Amariya,Rohaniya,2021,Amariya
Pilibhit,Lalauri Kheda,Umarsad,2025,Lalaurikhera
Pilibhit,Lalauri Kheda,Mirpur,2025,Lalaurikhera
Pilibhit,Lalauri Kheda,Shaahi,2025,Lalaurikhera
Pilibhit,Lalauri Kheda,Gonerwadi,2025,Lalaurikhera
Pilibhit,Lalauri Kheda,Khajuraha,2025,Lalaurikhera
Pilibhit,Lalauri Kheda,Pakdia Naugawan,2025,Lalaurikhera
Pilibhit,Lalauri Kheda,Lalauri,2025,Lalaurikhera
Pilibhit,Lalauri Kheda,Saijna,2025,Lalaurikhera
Pilibhit,Lalauri Kheda,Raipur,2025,Lalaurikhera
Pilibhit,Purnanpur,Naharousa,2027,Puranpur
Pilibhit,Purnanpur,Murena Gandhinagar,2027,Puranpur
Pilibhit,Purnanpur,Srinagar,2027,Puranpur
Pilibhit,Purnanpur,Maghautanda,2027,Puranpur
Muzzafarnagar,Baghra,Dhrala,2007,Baghara
Pilibhit,Purnanpur,Nagarra,2027,Puranpur
Pilibhit,Purnanpur,Nagariya Khurdkalan,2027,Puranpur
Pilibhit,Purnanpur,Gamiya Saharai,2027,Puranpur
Pilibhit,Purnanpur,Mallupur Khajuriya,2027,Puranpur
Pilibhit,Purnanpur,Nadha Ta 0 Madhaudanda,2027,Puranpur
Pilibhit,Purnanpur,Piparia Karam,2027,Puranpur
Pilibhit,Purnanpur,Budhiya J 0 Itoriya,2027,Puranpur
Pilibhit,Purnanpur,Biharpur j ० Itoriya,2027,Puranpur
Muzzafarnagar,Baghra,Chatailaa,2007,Baghara
Pilibhit,Purnanpur,Simariya Ta 0 A 0 Vi,2027,Puranpur
Muzzafarnagar,Baghra,Haidernagar Jalalpur,2007,Baghara
Pilibhit,Purnanpur,Patna,2027,Puranpur
Pilibhit,Purnanpur,Fatehpur Khurd,2027,Puranpur
Pilibhit,Purnanpur,Balrampur,2027,Puranpur
Muzzafarnagar,Baghra,Chiroli Niwada,2007,Baghara
Muzzafarnagar,Purkaji,Falauda,2016,Purkaji
Shahjahnapur,Madaanaapur,Nayagaon Mahasulpur,2107,Madnapur
Shahjahnapur,Madaanaapur,Viriykalan,2107,Madnapur
Shahjahnapur,Madaanaapur,Harchaura Urf Mohni,2107,Madnapur
Shahjahnapur,Daderol,Niwari,2100,Dadrol
Shahjahnapur,Daderol,Dhanyora,2100,Dadrol
Shahjahnapur,Daderol,Gover Sanda,2100,Dadrol
Shahjahnapur,Daderol,Parwezpur,2100,Dadrol
Shahjahnapur,Daderol,Rehman Nagar Urf Raair,2100,Dadrol
Shahjahnapur,Daderol,Akhtar Nagar Urfi I,2100,Dadrol
Shahjahnapur,Daderol,Lalpur,2100,Dadrol
Shahjahnapur,Daderol,Wakyan,2100,Dadrol
Muzzafarnagar,Purkaji,Hareti Salempur,2016,Purkaji
Shahjahnapur,Kant,Vans Kheda,2104,Kanth
Shahjahnapur,Kant,Vahlolpoor,2104,Kanth
Shahjahnapur,Kant,Amora,2104,Kanth
Shahjahnapur,Bhavlakheda,Ahmednagar Ta O Bahadur,2099,Bhawal Khera
Shahjahnapur,Bhavlakheda,Varanai,2099,Bhawal Khera
Shahjahnapur,Bhavlakheda,Barawan,2099,Bhawal Khera
Shahjahnapur,Bhavlakheda,Satwan Khurd,2099,Bhawal Khera
Shahjahnapur,Bhavlakheda,Sehramau Dakshini,2099,Bhawal Khera
Shahjahnapur,Bhavlakheda,Hathodia,2099,Bhawal Khera
Muzzafarnagar,Purkaji,Randawoli Suwahedi,2016,Purkaji
Shahjahnapur,Jalalabad,Gaura Mahuagad,2102,Jalalabad
Shahjahnapur,Jalalabad,Sahavganj,2102,Jalalabad
Muzzafarnagar,Purkaji,Burahedi,2016,Purkaji
Shahjahnapur,Jalalabad,Sikandarpur Afaghana-,2102,Jalalabad
Shahjahnapur,Jalalabad,Yaqubpur,2102,Jalalabad
Shahjahnapur,Jalalabad,Guldia,2102,Jalalabad
Shahjahnapur,Jalalabad,Mālūpur,2102,Jalalabad
Muzzafarnagar,Purkaji,Khedeki,2016,Purkaji
Shahjahnapur,Mirzapur,Veghapur Sitauli,2108,Mirzapur
Shahjahnapur,Mirzapur,Chouravahad Khet,2108,Mirzapur
Shahjahnapur,Mirzapur,Ekari Kheda,2108,Mirzapur
Shahjahnapur,Kalan,Kayamganj TaRai,2103,Kalan
Shahjahnapur,Kalan,Rafiabad Kalan,2103,Kalan
Muzzafarnagar,Purkaji,Shakurpur,2016,Purkaji
Shahjahnapur,Sindhauli,Gargaya Trilokpur,2111,Sindhauli
Muzzafarnagar,Khatauli,Khatoli Gramin,2013,Khatauli
Shahjahnapur,Wanda,Tukuri Bujurg,2098,Banda
Shahjahnapur,Wanda,Valemow,2098,Banda
Shahjahnapur,Wanda,Bhor Khera,2098,Banda
Shahjahnapur,Wanda,Muhiuddinpur,2098,Banda
Shahjahnapur,Khutar,Naraodha Deviprasad,2106,Khutar
Muzzafarnagar,Khatauli,Khedi rang daag,2013,Khatauli
Shahjahnapur,Khutar,Siyaura Khurdkalaan,2106,Khutar
Shahjahnapur,Khutar,Ruzha Kala,2106,Khutar
Shahjahnapur,Khutar,Rasavākalyāँ,2106,Khutar
Shahjahnapur,Khutar,Ṭākhurdakalyāँ,2106,Khutar
Muzzafarnagar,Khatauli,Phoolt,2013,Khatauli
Shahjahnapur,Puwaya,Jewa,2110,Powayan
Shahjahnapur,Puwaya,Matiuria Bujurg,2110,Powayan
Shahjahnapur,Puwaya,Diuriya gutaya,2110,Powayan
Muzzafarnagar,Khatauli,Ambapur Mathedi,2013,Khatauli
Shahjahnapur,Katra - Khudaganj,Khera Majhikheṛa,2105,Khudaganj Katra
Shahjahnapur,Katra - Khudaganj,Mueena,2105,Khudaganj Katra
Muzzafarnagar,Khatauli,Badsoo,2013,Khatauli
Shahjahnapur,Jaitipur,Vinoraa - Vinoriyaa,2101,Jaitipur
Shahjahnapur,Jaitipur,Hirpur,2101,Jaitipur
Shahjahnapur,Jaitipur,Vaisara - Vaisari,2101,Jaitipur
Shahjahnapur,Jaitipur,Awa,2101,Jaitipur
Muzzafarnagar,Khatauli,Ratanpuri,2013,Khatauli
Shahjahnapur,Jaitipur,Garhia Rangeen,2101,Jaitipur
Shahjahnapur,Jaitipur,Dharampur Kankaliyaa,2101,Jaitipur
Shahjahnapur,Nigonhi,Ding,2109,Nigohi
Shahjahnapur,Nigonhi,Nihgohi,2109,Nigohi
Shahjahnapur,Nigonhi,parAzharsA,2109,Nigohi
Muzzafarnagar,Khatauli,Jauhara,2013,Khatauli
Shahjahnapur,Nigonhi,Hamzapur,2109,Nigohi
Shahjahnapur,Tilhar,Hussainpur Kavra,2112,Tilhar
Shahjahnapur,Tilhar,Purau,2112,Tilhar
Shahjahnapur,Tilhar,Khaja Sarai Urf Sarain,2112,Tilhar
Shahjahnapur,Tilhar,Chkadapur,2112,Tilhar
Muzzafarnagar,Khatauli,Dahod,2013,Khatauli
Budaun,Jagat,Rooppur,1588,Jagat
Budaun,Jagat,Gidyol,1588,Jagat
Budaun,Jagat,Budhwai,1588,Jagat
Budaun,Jagat,Eekari Vasiyani,1588,Jagat
Budaun,Jagat,Ghabhiai,1588,Jagat
Budaun,Jagat,Sitabnagar Urfa Bari R,1588,Jagat
Budaun,Jagat,Vasiya Kherda Lalwujhiy,1588,Jagat
Budaun,Jagat,Mo Nagarsula,1588,Jagat
Budaun,Wazirganj,Mirapur,1598,Wazirganj
Muzzafarnagar,Khatauli,Sonta,2013,Khatauli
Muzzafarnagar,Khatauli,Nona,2013,Khatauli
Budaun,Wazirganj,Agei,1598,Wazirganj
Budaun,Bisauli,Saidoli,1583,Bisauli
Muzzafarnagar,Khatauli,Khedi Quraish,2013,Khatauli
Budaun,Bisauli,Ratanpur,1583,Bisauli
Budaun,Myau,Pipala,1590,Mion
Budaun,Myau,Naveenganj,1590,Mion
Budaun,Myau,Chitora Dhanaora,1590,Mion
Muzzafarnagar,Kairana,Binada,2011,Kairana
Budaun,Ambiyapur,Musepur,1581,Ambiapur
Muzzafarnagar,Kairana,JahaAlippur,2011,Kairana
Budaun,Ambiyapur,Uleya,1581,Ambiapur
Budaun,Ambiyapur,Sirasoul Sitaram,1581,Ambiapur
Budaun,Ambiyapur,Sira saul Kuwarshay,1581,Ambiapur
Muzzafarnagar,Kairana,Airti,2011,Kairana
Budaun,Ambiyapur,Boss Baraulia,1581,Ambiapur
Budaun,Ambiyapur,Raudaina Ghanghoshi,1581,Ambiapur
Muzzafarnagar,Kairana,Kairana Dehat,2011,Kairana
Budaun,Junawai,Ghaunsli Ramsahay,1589,Junawai
Budaun,Junawai,Aharaula Nawa ji,1589,Junawai
Muzzafarnagar,Kairana,Bucca Khedi,2011,Kairana
Budaun,Junawai,Hyderabad,1589,Junawai
Budaun,Junawai,Chirwari,1589,Junawai
Budaun,Junawai,Kariyaimai,1589,Junawai
Budaun,Junawai,Maidholi,1589,Junawai
Budaun,Junawai,Duwaarii Kalaa,1589,Junawai
Budaun,Islamnagar,Jareeda,1587,Islamnagar
Budaun,Islamnagar,Allahpur Ramsapur,1587,Islamnagar
Budaun,Islamnagar,Vikrampur Charsora,1587,Islamnagar
Muzzafarnagar,Kairana,Jadhendi,2011,Kairana
Budaun,Islamnagar,N 0 A 0 Chichhaita,1587,Islamnagar
Budaun,Ujhani,Rowli,1596,Ujhani
Budaun,Ujhani,DoodhWenegar,1596,Ujhani
Budaun,Ujhani,Basauma,1596,Ujhani
Budaun,Ujhani,Ahrawara,1596,Ujhani
Budaun,Ujhani,Achora,1596,Ujhani
Budaun,Ujhani,Jyaurapakhala,1596,Ujhani
Budaun,Ujhani,Chandanpur,1596,Ujhani
Muzzafarnagar,Kairana,Pawatikalan,2011,Kairana
Budaun,Samarer,TikuLapur,1595,Samrer
Budaun,Samarer,Mausampur,1595,Samrer
Budaun,Samarer,Jayaapaalpur Dhanoraa,1595,Samrer
Budaun,Samarer,Dhimrapura,1595,Samrer
Budaun,Samarer,Nadiya,1595,Samrer
Budaun,Samarer,Vachhaliya,1595,Samrer
Muzzafarnagar,Kairana,Kannukheda Badhouwa,2011,Kairana
Budaun,Salarpur,Nijampur Pastaur,1594,Salarpur
Budaun,Salarpur,Dugariya,1594,Salarpur
Budaun,Salarpur,Faqihabad,1594,Salarpur
Muzzafarnagar,Kairana,Barala,2011,Kairana
Budaun,Salarpur,Barkheda,1594,Salarpur
Budaun,Salarpur,Mullapur,1594,Salarpur
Budaun,Salarpur,Kundara,1594,Salarpur
Budaun,Gunnaur,Gu 0 Daulat Khan,1586,Gunnaur
Budaun,Gunnaur,GU 0 Abdulhai,1586,Gunnaur
Budaun,Gunnaur,Kuهرة,1586,Gunnaur
Budaun,Gunnaur,Mudaina,1586,Gunnaur
Budaun,Gunnaur,Kariya Khera,1586,Gunnaur
Budaun,Gunnaur,Mahmudpur,1586,Gunnaur
Budaun,Gunnaur,Sejana Ahran,1586,Gunnaur
Budaun,Gunnaur,Samla Gunnor,1586,Gunnaur
Budaun,Gunnaur,Jarwar Shahpur,1586,Gunnaur
Budaun,Gunnaur,Sikoraaubhurd,1586,Gunnaur
Budaun,Gunnaur,Gada,1586,Gunnaur
Budaun,Gunnaur,Kitiya,1586,Gunnaur
Muzzafarnagar,Morna,Chouravala,2014,Morna
Budaun,Dahagawa,Vazirpur Thanpur,1584,Dahgavan
Budaun,Dahagawa,Koovari kamsahaye,1584,Dahgavan
Muzzafarnagar,Morna,Kakaroli,2014,Morna
Budaun,Dahagawa,Dahagawa,1584,Dahgavan
Budaun,Dahagawa,Daadarau,1584,Dahgavan
Budaun,Dahagawa,Smaspur Kuwari,1584,Dahgavan
Muzzafarnagar,Morna,Kaidi,2014,Morna
Budaun,Dahagawa,Dhel,1584,Dahgavan
Budaun,Dahagawa,Alahadpur,1584,Dahgavan
