district,block,elex_gp,lgd_gp,lgd_gp_code,match_distance,gp_match_type,key_2010
Agra,Bah,Kalimjar,Kalinjar,42828,0.08333333333333338,fuzzy,up2010__row42709
Agra,Bah,Kanjara,Kalinjar,42828,0.130952380952381,fuzzy,up2010__row7522
Agra,Baroli Ahir,Kakraari,Kakrari,42879,0.04166666666666672,fuzzy,up2010__row42597
Agra,Baroli Ahir,Kahrai,Kakrari,42879,0.1507936507936509,fuzzy,up2010__row42577
Agra,Baroli Ahir,Kaulkha,Kaulakha,42884,0.11309523809523819,fuzzy,up2010__row42583
Agra,Baroli Ahir,Kalalkhediya,Kaulakha,42884,0.18055555555555555,fuzzy,up2010__row42573
Agra,Etmaadpur,Biruni,Biruni,42938,0,exact,up2010__row24982
Agra,Etmaadpur,Baini,Biruni,42938,0.17777777777777778,fuzzy,up2010__row25813
Agra,Khandoli,Khadia,Khandia,43165,0.04761904761904765,fuzzy,up2010__row42544
Agra,Khandoli,Khedia,Khandia,43165,0.1507936507936509,fuzzy,up2010__row42548
Agra,Shamshabaad,Karodna Khurd,Kolara Khurd,43312,0.12451437451437454,fuzzy,up2010__row5978
Agra,Shamshabaad,Kaulara Khurd,Kolara Khurd,43312,0.13966588966588966,fuzzy,up2010__row42656
Agra,Shamshabaad,Lakhurani,Lakhurani,43317,0,exact,up2010__row33614
Agra,Shamshabaad,Luhaari,Lakhurani,43317,0.16931216931216936,fuzzy,up2010__row34054
Agra,Shamshabaad,Kaulari,Lakhurani,43317,0.19312169312169322,fuzzy,up2010__row42667
Allahabad,Bahadurpur,Bahadurpur,Bahadurpur,44193,0,exact,up2010__row24400
Allahabad,Bahadurpur,Bahadurpur Kachhar,Bahadurpur,44193,0.14814814814814825,fuzzy,up2010__row24422
Allahabad,Bahadurpur,Baraippur,Baraepur,44197,0.11574074074074082,fuzzy,up2010__row23400
Allahabad,Bahadurpur,Balrampur,Baraepur,44197,0.11574074074074082,fuzzy,up2010__row23929
Allahabad,Bahadurpur,Birgapur,Birgapur,44203,0,exact,up2010__row24951
Allahabad,Bahadurpur,Bhagipur,Birgapur,44203,0.130952380952381,fuzzy,up2010__row26790
Allahabad,Bahadurpur,Kandi,Kandi,44229,0,exact,up2010__row6406
Allahabad,Bahadurpur,Kuwandih,Kandi,44229,0.12500000000000006,fuzzy,up2010__row7244
Allahabad,Bahadurpur,Pahadpur,Paharpur,44254,0.15476190476190485,fuzzy,up2010__row20670
Allahabad,Bahadurpur,Amarsapur,Paharpur,44254,0.19444444444444453,fuzzy,up2010__row2432
Allahabad,Bahadurpur,Ramaipur,Ramaepur,44259,0.08333333333333338,fuzzy,up2010__row31653
Allahabad,Bahadurpur,Rahimapur,Ramaepur,44259,0.11574074074074082,fuzzy,up2010__row32004
Allahabad,Bahadurpur,Raamaapur,Ramaepur,44259,0.16335978835978843,fuzzy,up2010__row32747
Allahabad,Baharia,Atanpur,Atanpur,44285,0,exact,up2010__row2099
Allahabad,Baharia,Pratapur,Atanpur,44285,0.130952380952381,fuzzy,up2010__row21893
Allahabad,Baharia,Badalpur,Badalpur,44286,0,exact,up2010__row24614
Allahabad,Baharia,Baliyapur,Badalpur,44286,0.16335978835978843,fuzzy,up2010__row23966
Allahabad,Baharia,Chamrupur,Chamarupur,44301,0.033333333333333416,fuzzy,up2010__row11607
Allahabad,Baharia,Chaimalpur,Chamarupur,44301,0.17500000000000002,fuzzy,up2010__row12058
Allahabad,Baharia,Gaharpur,Gaharpur,44315,0,exact,up2010__row9803
Allahabad,Baharia,Gorapur,Gaharpur,44315,0.18650793650793648,fuzzy,up2010__row10559
Allahabad,Baharia,Mulhapur,Mulhapur,44342,0,exact,up2010__row30655
Allahabad,Baharia,Tulapur,Mulhapur,44342,0.130952380952381,fuzzy,up2010__row15568
Allahabad,Chaka,BhaDara UmargjaN,Bhandra Umar Ganj,44383,0.18227124183006543,fuzzy,up2010__row26300
Allahabad,Chaka,Baramar,Bhandra Umar Ganj,44383,0.1960784313725491,fuzzy,up2010__row23705
Allahabad,Chaka,Piprawan,Pipraon,44416,0.130952380952381,fuzzy,up2010__row21130
Allahabad,Chaka,Pipirsa,Pipraon,44416,0.19047619047619044,fuzzy,up2010__row21231
Allahabad,Dhanupur,Bhulnapur,Bhusalpur,44436,0.11574074074074082,fuzzy,up2010__row27189
Allahabad,Dhanupur,Bhooshalpur,Bhusalpur,44436,0.12794612794612809,fuzzy,up2010__row27258
Allahabad,Dhanupur,Shripur,Shripur,44506,0,exact,up2010__row35994
Allahabad,Dhanupur,Haripur,Shripur,44506,0.09523809523809525,fuzzy,up2010__row40179
Allahabad,Dhanupur,Baijpur,Balipur,44509,0.09523809523809525,fuzzy,up2010__row25766
Allahabad,Dhanupur,Bhagotipur,Balipur,44509,0.18095238095238095,fuzzy,up2010__row26159
Allahabad,Handiya,Ataraura,Ataraura,44519,0,exact,up2010__row2130
Allahabad,Handiya,Maharwara,Ataraura,44519,0.19444444444444453,fuzzy,up2010__row29081
Allahabad,Holagarh,Hasanpur,Hasanpur,44602,0,exact,up2010__row40305
Allahabad,Holagarh,Babhanpur,Hasanpur,44602,0.16335978835978843,fuzzy,up2010__row23281
Allahabad,Holagarh,Kasturipur Kasturi,Kasturipur Kasturi,44609,0,exact,up2010__row6289
Allahabad,Holagarh,Kasturipur,Kasturipur Kasturi,44609,0.14814814814814825,fuzzy,up2010__row6287
Allahabad,Karachna,Mahori Riwan,Mahorirewa,44748,0.11666666666666675,fuzzy,up2010__row29421
Allahabad,Karachna,Mahewa,Mahorirewa,44748,0.13333333333333336,fuzzy,up2010__row29369
Allahabad,Kaudihar,Adampur,Adampur,44816,0,exact,up2010__row3454
Allahabad,Kaudihar,Madpur,Adampur,44816,0.1507936507936509,fuzzy,up2010__row29517
Allahabad,Kaudihar,Saidpur,Adampur,44816,0.19047619047619044,fuzzy,up2010__row39273
Allahabad,Kaudihar,AdamPur Madaripur,Adampur,44816,0.1960784313725491,fuzzy,up2010__row3472
Allahabad,Kaudihar,Dadanpur,Dadanpur,44842,0,exact,up2010__row16223
Allahabad,Kaudihar,Mardandpur,Dadanpur,44842,0.17083333333333345,fuzzy,up2010__row28564
Allahabad,Kaudihar,Ananpur,Dadanpur,44842,0.18650793650793648,fuzzy,up2010__row3497
Allahabad,Kaudihar,Lakhanpur,Dadanpur,44842,0.19444444444444453,fuzzy,up2010__row33531
Allahabad,Kaudihar,Husainpur,Husenpur,44858,0.11574074074074082,fuzzy,up2010__row40636
Allahabad,Kaudihar,Sherpur,Husenpur,44858,0.18650793650793648,fuzzy,up2010__row35876
Allahabad,Kaudihar,Rampur,Rampur,44915,0,exact,up2010__row32446
Allahabad,Kaudihar,Mirapur,Rampur,44915,0.130952380952381,fuzzy,up2010__row30058
Allahabad,Kaudihar,Marufpur,Rampur,44915,0.19444444444444453,fuzzy,up2010__row29691
Allahabad,Koraon,Badokhar,Barokhar,44947,0.08333333333333338,fuzzy,up2010__row22826
Allahabad,Koraon,Badokhara,Barokhar,44947,0.11574074074074082,fuzzy,up2010__row22831
Allahabad,Koraon,Devari,Devari,44965,0,exact,up2010__row16833
Allahabad,Koraon,Ledari,Devari,44965,0.17777777777777778,fuzzy,up2010__row34075
Allahabad,Manda,Gajadharpur,Gajadharpur,45056,0,exact,up2010__row9414
Allahabad,Manda,Aadha,Gajadharpur,45056,0.18181818181818185,fuzzy,up2010__row1063
Allahabad,Manda,Madar,Madar,45070,0,exact,up2010__row1056
Allahabad,Manda,Manda,Madar,45070,0.13333333333333336,fuzzy,up2010__row29505
Allahabad,Manda,Mahuari Kala,Mahuwari Kala,45072,0.025641025641025605,fuzzy,up2010__row45671
Allahabad,Manda,Mahewa Kala,Mahuwari Kala,45072,0.10722610722610727,fuzzy,up2010__row45665
Allahabad,Meja,Hardiha,Hardihan,45167,0.04166666666666672,fuzzy,up2010__row39980
Allahabad,Meja,Dherahan,Hardihan,45167,0.15476190476190485,fuzzy,up2010__row1084
Allahabad,Meja,Nevadiha,Nevada,45187,0.08333333333333338,fuzzy,up2010__row45547
Allahabad,Meja,NEWADA,Nevada,45187,0.11111111111111106,fuzzy,up2010__row19110
Allahabad,Meja,Tenduwa Kalan,Tendua Kalan,45203,0.025641025641025605,fuzzy,up2010__row45536
Allahabad,Meja,Itwa Kalan,Tendua Kalan,45203,0.17777777777777778,fuzzy,up2010__row1064
Allahabad,Phoolpur,HarbhaNpur,Herbhanpur,45240,0.14074074074074072,fuzzy,up2010__row40078
Allahabad,Phoolpur,Virbhanpur,Herbhanpur,45240,0.19583333333333336,fuzzy,up2010__row35061
Allahabad,Phoolpur,Kodapur,Korapur,45249,0.09523809523809525,fuzzy,up2010__row7829
Allahabad,Phoolpur,Khodaypur,Korapur,45249,0.1587301587301588,fuzzy,up2010__row9219
Allahabad,Phoolpur,Sawdih,Sawdih,45275,0,exact,up2010__row39391
Allahabad,Phoolpur,Sarwadih,Sawdih,45275,0.08333333333333338,fuzzy,up2010__row36657
Allahabad,Phoolpur,Shahapur,Shahapur,45278,0,exact,up2010__row35590
Allahabad,Phoolpur,Thanapur,Shahapur,45278,0.1666666666666667,fuzzy,up2010__row15832
Allahabad,Phoolpur,Safkhanpur,Shahapur,45278,0.1892857142857144,fuzzy,up2010__row39023
Allahabad,Pratapur,Rastipur,Rastipur,45338,0,exact,up2010__row31945
Allahabad,Pratapur,Raipur,Rastipur,45338,0.08333333333333338,fuzzy,up2010__row32797
Allahabad,Saidabad,Bargaon,Bargaon,45368,0,exact,up2010__row45598
Allahabad,Saidabad,Barona,Bargaon,45368,0.130952380952381,fuzzy,up2010__row23824
Allahabad,Saidabad,Haiwatpur,Haibatpur,45395,0.07407407407407415,fuzzy,up2010__row45603
Allahabad,Saidabad,Haripur,Haibatpur,45395,0.1587301587301588,fuzzy,up2010__row40178
Allahabad,Saidabad,Jalapur,Jawala Pur,45401,0.14761904761904773,fuzzy,up2010__row13563
Allahabad,Saidabad,Jwalapur,Jawala Pur,45401,0.1500000000000001,fuzzy,up2010__row14022
Allahabad,Saidabad,Asepur,Ase Pur,45420,0.04761904761904765,fuzzy,up2010__row3661
Allahabad,Saidabad,Jamshedpur,Ase Pur,45420,0.18095238095238095,fuzzy,up2010__row12913
Allahabad,Shankaragarh,Derabari,Derawari,45458,0.08333333333333338,fuzzy,up2010__row14826
Allahabad,Shankaragarh,Dewara,Derawari,45458,0.1388888888888889,fuzzy,up2010__row16766
Ambedkar Nagar,Akbarpur,Chandanpur,Chandanpur,45645,0,exact,up2010__row11456
Ambedkar Nagar,Akbarpur,Chandanpur ( Pirpur ),Chandanpur,45645,0.15789473684210537,fuzzy,up2010__row11457
Ambedkar Nagar,Akbarpur,Kaura,Kaura,45681,0,exact,up2010__row8061
Ambedkar Nagar,Akbarpur,Ukara,Kaura,45681,0.13333333333333336,fuzzy,up2010__row4107
Ambedkar Nagar,Basakhari,Bashiya,Basahiya,45759,0.13690476190476192,fuzzy,up2010__row24147
Ambedkar Nagar,Basakhari,Basakhari,Basahiya,45759,0.16335978835978843,fuzzy,up2010__row24052
Ambedkar Nagar,Miyan,Makhdumpur,Makhadumpur,45936,0.03030303030303033,fuzzy,up2010__row27712
Ambedkar Nagar,Miyan,Mahmudpur,Makhadumpur,45936,0.09764309764309766,fuzzy,up2010__row29030
Ambedkar Nagar,Miyan,Pamipur,Pamipur,45951,0,exact,up2010__row20789
Ambedkar Nagar,Miyan,Lakhmipur,Pamipur,45951,0.1587301587301588,fuzzy,up2010__row33585
Ambedkar Nagar,Jahangirganj,Bharatpur,Bharatpur,45981,0,exact,up2010__row26529
Ambedkar Nagar,Jahangirganj,Balrampur,Bharatpur,45981,0.14814814814814825,fuzzy,up2010__row23930
Ambedkar Nagar,Jahangirganj,Kedarupur,Kedrupur,46014,0.037037037037037104,fuzzy,up2010__row7399
Ambedkar Nagar,Jahangirganj,Dharupur,Kedrupur,46014,0.1666666666666667,fuzzy,up2010__row17508
Ambedkar Nagar,Jahangirganj,Mamppur,Makdoompur,46021,0.18095238095238095,fuzzy,up2010__row29675
Ambedkar Nagar,Jahangirganj,Makhdumpur,Makdoompur,46021,0.19583333333333336,fuzzy,up2010__row27711
Ambedkar Nagar,Jalalpur,Gayaspur,Gayaspur,46089,0,exact,up2010__row1584
Ambedkar Nagar,Jalalpur,Aasipur,Gayaspur,46089,0.130952380952381,fuzzy,up2010__row3655
Ambedkar Nagar,Jalalpur,Kandipur,Kadipur,46103,0.04166666666666672,fuzzy,up2010__row6463
Ambedkar Nagar,Jalalpur,Wajidpur,Kadipur,46103,0.18650793650793648,fuzzy,up2010__row34584
Ambedkar Nagar,Jalalpur,Karmani,Karmaini,46109,0.08928571428571432,fuzzy,up2010__row13
Ambedkar Nagar,Jalalpur,Arai,Karmaini,46109,0.1666666666666667,fuzzy,up2010__row2686
Ambedkar Nagar,Jalalpur,Nagpur,Nagpur,46122,0,exact,up2010__row17774
Ambedkar Nagar,Jalalpur,Sohagpur,Nagpur,46122,0.18055555555555555,fuzzy,up2010__row1501
Ambedkar Nagar,Katehri,Sarangpur,Sarangpur,46227,0,exact,up2010__row37561
Ambedkar Nagar,Katehri,Sangrampur,Sarangpur,46227,0.10740740740740752,fuzzy,up2010__row36122
Ambedkar Nagar,Ramnagar,Maneripur Sarwan,Maneripur Sarava,46289,0.08333333333333338,fuzzy,up2010__row28475
Ambedkar Nagar,Ramnagar,Manwarpur Sipah,Maneripur Sarava,46289,0.19166666666666676,fuzzy,up2010__row28410
Ambedkar Nagar,Ramnagar,Sultanpur Kabirpur,Sultanpur Kabirpur,46320,0,exact,up2010__row38854
Ambedkar Nagar,Ramnagar,Sultanpur Pahadpur,Sultanpur Kabirpur,46320,0.19576719576719587,fuzzy,up2010__row38873
Ambedkar Nagar,Tanda,Balrampur,Balrampur,46337,0,exact,up2010__row48224
Ambedkar Nagar,Tanda,Aleampur,Balrampur,46337,0.11574074074074082,fuzzy,up2010__row3581
Ambedkar Nagar,Tanda,Dharampur,Balrampur,46337,0.14814814814814825,fuzzy,up2010__row48273
Ambedkar Nagar,Tanda,Mahripur,Mahripur,46384,0,exact,up2010__row48264
Ambedkar Nagar,Tanda,Mujahiarpur,Mahripur,46384,0.13257575757575754,fuzzy,up2010__row48255
Ambedkar Nagar,Tanda,Malikpur,Mahripur,46384,0.1666666666666667,fuzzy,up2010__row28703
Ambedkar Nagar,Tanda,Sulempur,Sulempur,46415,0,exact,up2010__row38804
Ambedkar Nagar,Tanda,Rasulpur,Sulempur,46415,0.1666666666666667,fuzzy,up2010__row31823
Auraiya,Achhaldaa,Asha,Asha,46421,0,exact,up2010__row3622
Auraiya,Achhaldaa,Dashhara,Asha,46421,0.1666666666666667,fuzzy,up2010__row43473
Auraiya,Achhaldaa,Salhupur,Nalhupur,46458,0.08333333333333338,fuzzy,up2010__row37249
Auraiya,Achhaldaa,Nalhapur,Nalhupur,46458,0.130952380952381,fuzzy,up2010__row18423
Auraiya,Achhaldaa,Seupur,Sheupur,46472,0.04761904761904765,fuzzy,up2010__row38972
Auraiya,Achhaldaa,Shahupur,Sheupur,46472,0.130952380952381,fuzzy,up2010__row37648
Auraiya,Auraiya,Shahabdia,Shahbadiya,46614,0.07037037037037047,fuzzy,up2010__row35319
Auraiya,Auraiya,Shahbazda,Shahbadiya,46614,0.10370370370370369,fuzzy,up2010__row35364
Auraiya,Bhagyanagar,Kakrahia,Kakrahi,46658,0.04166666666666672,fuzzy,up2010__row43567
Auraiya,Bhagyanagar,Karahi,Kakrahi,46658,0.04761904761904765,fuzzy,up2010__row5895
Auraiya,Vidhuna,Bamhrooliya,Bamhrauliya,46700,0.12121212121212116,fuzzy,up2010__row23361
Auraiya,Vidhuna,Barauli,Bamhrauliya,46700,0.1212121212121213,fuzzy,up2010__row23856
Bagpat,Chhaparauli,Sherpur,Sherpur,48643,0,exact,up2010__row41109
Bagpat,Chhaparauli,Hewa Mirpur,Sherpur,48643,0.19913419913419916,fuzzy,up2010__row41122
Bagpat,Pilana,Dula,Daula,48700,0.06666666666666678,fuzzy,up2010__row41081
Bagpat,Pilana,Daulcha,Daula,48700,0.09523809523809525,fuzzy,up2010__row41055
Bahraich,Kaiserganj,Pawhi,Pawahi,49047,0.05555555555555556,fuzzy,up2010__row20572
Bahraich,Kaiserganj,Pawna,Pawahi,49047,0.17777777777777778,fuzzy,up2010__row20565
Bahraich,Mihipurwa,Gopiyan,Gopiya,49149,0.04761904761904765,fuzzy,up2010__row10496
Bahraich,Mihipurwa,Gourdiya,Gopiya,49149,0.18055555555555555,fuzzy,up2010__row10687
Bahraich,Mihipurwa,Nidhipurwa,Nidhi Purwa,49179,0.03030303030303033,fuzzy,up2010__row18832
Bahraich,Mihipurwa,Mihipurwa,Nidhi Purwa,49179,0.12794612794612809,fuzzy,up2010__row29965
Bahraich,Nawabganj,Dharam Nagar,Dharam Nagar,49209,0,exact,up2010__row17324
Bahraich,Nawabganj,Rahimanagar,Dharam Nagar,49209,0.15252525252525256,fuzzy,up2010__row32011
Bahraich,Nawabganj,Kalyanpur,Kalyanpur,49223,0,exact,up2010__row6148
Bahraich,Nawabganj,Kevalpur,Kalyanpur,49223,0.19444444444444453,fuzzy,up2010__row7443
Bahraich,Shivpur,Choukahaar,Choksa Har,49469,0.13333333333333336,fuzzy,up2010__row47464
Bahraich,Shivpur,Chahlar,Choksa Har,49469,0.18095238095238095,fuzzy,up2010__row11679
Bahraich,Visheshwarganj,Balapur,Bala Pur,49580,0.04166666666666672,fuzzy,up2010__row24746
Bahraich,Visheshwarganj,Newalapur,Bala Pur,49580,0.19444444444444453,fuzzy,up2010__row19104
Bahraich,Visheshwarganj,Pratapur Tarhar,Pratap Pur Tarhar,49623,0.07254901960784323,fuzzy,up2010__row21907
Bahraich,Visheshwarganj,Prattappur - Uparhar,Pratap Pur Tarhar,49623,0.07430340557275544,fuzzy,up2010__row47506
Baliya,Baasadeeh,Jitaura,Jitoura,49690,0.09523809523809525,fuzzy,up2010__row13647
Baliya,Baasadeeh,Jaitpura,Jitoura,49690,0.130952380952381,fuzzy,up2010__row13827
Baliya,Baasadeeh,Kharoni,Kharouni,49694,0.04166666666666672,fuzzy,up2010__row8528
Baliya,Baasadeeh,Kharoli,Kharouni,49694,0.130952380952381,fuzzy,up2010__row49765
Baliya,Baasadeeh,Sarangpur,Sarangpur,49713,0,exact,up2010__row37564
Baliya,Baasadeeh,Skarpura,Sarangpur,49713,0.19444444444444453,fuzzy,up2010__row36025
Baliya,Chilakhar,Basanwar,Basanwar,49787,0,exact,up2010__row24080
Baliya,Chilakhar,Asnawar,Basanwar,49787,0.08928571428571432,fuzzy,up2010__row3075
Baliya,Chilakhar,Inderpur,Inderpur,49801,0,exact,up2010__row3831
Baliya,Chilakhar,Birpur,Inderpur,49801,0.18055555555555555,fuzzy,up2010__row49890
Baliya,Chilakhar,Pakhanpura,Pakhanpura,49822,0,exact,up2010__row19487
Baliya,Chilakhar,Pahadpur,Pakhanpura,49822,0.14166666666666666,fuzzy,up2010__row49884
Baliya,Gadwar,Chauri,Chawari,49911,0.1507936507936509,fuzzy,up2010__row49799
Baliya,Gadwar,Chatwan,Chawari,49911,0.19047619047619044,fuzzy,up2010__row49800
Baliya,Hanumanganj,Devkali,Deokali,49976,0.09523809523809525,fuzzy,up2010__row16680
Baliya,Hanumanganj,Deoria Kala,Deokali,49976,0.19264069264069278,fuzzy,up2010__row49947
Baliya,Rasra,Nasirpur,Nasirpur,50285,0,exact,up2010__row18536
Baliya,Rasra,Sanwarpur,Nasirpur,50285,0.16335978835978843,fuzzy,up2010__row37262
Baliya,Revti,Mahadhanpur,Mahadhanpur,50337,0,exact,up2010__row49963
Baliya,Revti,Aasmanpur,Mahadhanpur,50337,0.16961279461279474,fuzzy,up2010__row3649
Baliya,Revti,Rampur Masrik,Rampur(Masrik),50348,0.025641025641025605,fuzzy,up2010__row49958
Baliya,Revti,Rampur Magriv,Rampur(Masrik),50348,0.1324786324786325,fuzzy,up2010__row32638
Balrampur,Balrampur,Kolwa,Kolawa,50534,0.12222222222222213,fuzzy,up2010__row7954
Balrampur,Balrampur,Koilara,Kolawa,50534,0.1507936507936509,fuzzy,up2010__row7888
Balrampur,Gainsadi,Jaitapur,Jaitapur,50640,0,exact,up2010__row47541
Balrampur,Gainsadi,Jitpur,Jaitapur,50640,0.08333333333333338,fuzzy,up2010__row13688
Balrampur,Hariya Satgharwa,Udaipur Gunwariya,Udaipur Ganvariya,50786,0.1450980392156864,fuzzy,up2010__row4233
Balrampur,Hariya Satgharwa,Udaipur Khairhaniya,Udaipur Ganvariya,50786,0.15383556931544545,fuzzy,up2010__row4232
Balrampur,Pachpedwa,Semarhwa,Semrahwa,50855,0.04166666666666672,fuzzy,up2010__row47559
Balrampur,Pachpedwa,Semrahna,Semrahwa,50855,0.08333333333333338,fuzzy,up2010__row39040
Balrampur,Shridattganj,Mahuwadar,Mahua Dhar,50968,0.10370370370370369,fuzzy,up2010__row29343
Balrampur,Shridattganj,Mahmudnagar,Mahua Dhar,50968,0.19924242424242428,fuzzy,up2010__row29015
Balrampur,Shridattganj,Vishambharpur,Visarampur,50991,0.11025641025641036,fuzzy,up2010__row34888
Balrampur,Shridattganj,Vishram Pur,Visarampur,50991,0.13097643097643102,fuzzy,up2010__row34972
Balrampur,Tulsipur,Dandav,Dandav,51006,0,exact,up2010__row47641
Balrampur,Tulsipur,Dhanodha,Dandav,51006,0.18055555555555555,fuzzy,up2010__row17227
Balrampur,Tulsipur,Garhwa,Garhwa,51013,0,exact,up2010__row9506
Balrampur,Tulsipur,Gairhwa,Garhwa,51013,0.04761904761904765,fuzzy,up2010__row10251
Balrampur,Tulsipur,Saheb Nagar,Suga Nagar,51073,0.1575757575757576,fuzzy,up2010__row37653
Balrampur,Tulsipur,Sugahanagar,Suga Nagar,51073,0.16801346801346806,fuzzy,up2010__row47633
Balrampur,Utraula,Majhwa Kand,Majhaua Kand,51108,0.13585858585858596,fuzzy,up2010__row28000
Balrampur,Utraula,Majhauwa Kurthuwa,Majhaua Kand,51108,0.19281045751633982,fuzzy,up2010__row28001
Banda,Baberu,Ahaar,Ahar,51140,0.06666666666666678,fuzzy,up2010__row3286
Banda,Baberu,Palhari,Ahar,51140,0.142857142857143,fuzzy,up2010__row20555
Banda,Baberu,Majhila,Majhila,51166,0,exact,up2010__row45082
Banda,Baberu,Majhiwan,Majhila,51166,0.130952380952381,fuzzy,up2010__row27957
Banda,Badokhar Khurd,Bandha Purwa,Bandha Purwa,51197,0,exact,up2010__row44944
Banda,Badokhar Khurd,Bhawanipurwa,Bandha Purwa,51197,0.17777777777777778,fuzzy,up2010__row44946
Banda,Bissanda,Beldan,Beldan,51253,0,exact,up2010__row25496
Banda,Bissanda,Belgawan,Beldan,51253,0.18055555555555555,fuzzy,up2010__row25485
Banda,Bissanda,Bisandi,Bisandee,51258,0.130952380952381,fuzzy,up2010__row25065
Banda,Bissanda,Bisanda Grameen,Bisandee,51258,0.15555555555555564,fuzzy,up2010__row25064
Banda,Jaspura,Paderi,Paderi,51317,0,exact,up2010__row19878
Banda,Jaspura,Gaderia,Paderi,51317,0.1507936507936509,fuzzy,up2010__row9454
Banda,Kamasin,Andaura,Andaura,51326,0,exact,up2010__row45063
Banda,Kamasin,Andauli,Andaura,51326,0.19047619047619044,fuzzy,up2010__row45041
Banda,Kamasin,Lakhanpur,Lakhanpur,51353,0,exact,up2010__row45024
Banda,Kamasin,Radhapur,Lakhanpur,51353,0.19444444444444453,fuzzy,up2010__row45026
Banda,Mahua,Sauasyodh,Sauta Syodha,51439,0.08333333333333338,fuzzy,up2010__row39651
Banda,Mahua,Baruwa Syodhas,Sauta Syodha,51439,0.1507936507936509,fuzzy,up2010__row44999
Banda,Tindwaari,Parsaura,Parsaunda,51555,0.11574074074074082,fuzzy,up2010__row565
Banda,Tindwaari,Arasauda,Parsaunda,51555,0.16335978835978843,fuzzy,up2010__row926
Barabanki,Banikoder,Bhanpur,Bhanpur,51573,0,exact,up2010__row26828
Barabanki,Banikoder,Bhawanipur,Bhanpur,51573,0.09999999999999999,fuzzy,up2010__row26684
Barabanki,Dewan,Sarasaudi,Sarsaundi,51814,0.11574074074074082,fuzzy,up2010__row36691
Barabanki,Dewan,Karaundi,Sarsaundi,51814,0.11574074074074082,fuzzy,up2010__row6011
Barabanki,Haidarganj,Bahramoo,Bara,51920,0.1666666666666667,fuzzy,up2010__row34532
Barabanki,Haidarganj,Vara,Bara,51920,0.1666666666666667,fuzzy,up2010__row34616
Barabanki,Haidarganj,Baradanpur,Baravan,51921,0.18095238095238095,fuzzy,up2010__row22729
Barabanki,Haidarganj,Varawan,Baravan,51921,0.19047619047619044,fuzzy,up2010__row34434
Barabanki,Nindur,Dadera,Dadera,52168,0,exact,up2010__row15935
Barabanki,Nindur,Dewara,Dadera,52168,0.17777777777777778,fuzzy,up2010__row16769
Barabanki,Puredlai,Dalmau,Daalmau,52238,0.130952380952381,fuzzy,up2010__row14631
Barabanki,Puredlai,Alhanmau,Daalmau,52238,0.18650793650793648,fuzzy,up2010__row48038
Barabanki,Puredlai,Sarai Saif,Sarai Saif,52264,0,exact,up2010__row36822
Barabanki,Puredlai,Sarai Barai,Sarai Saif,52264,0.1575757575757576,fuzzy,up2010__row36770
Barabanki,Ramnagar,Amoli Kalan,Amoli Kalan,52277,0,exact,up2010__row2614
Barabanki,Ramnagar,Siroli Kalan,Amoli Kalan,52277,0.19949494949494945,fuzzy,up2010__row38191
Barabanki,Ramnagar,Saidnapur,Saidanpur,52327,0.037037037037037104,fuzzy,up2010__row39262
Barabanki,Ramnagar,Gagiapur,Saidanpur,52327,0.19444444444444453,fuzzy,up2010__row9351
Barabanki,Suratganj,Raipur,Raipur,52625,0,exact,up2010__row32814
Barabanki,Suratganj,Mirpur,Raipur,52625,0.17777777777777778,fuzzy,up2010__row30016
Barabanki,Suratganj,Tanda,Tanda,52637,0,exact,up2010__row14180
Barabanki,Suratganj,Tandwa,Tanda,52637,0.05555555555555556,fuzzy,up2010__row14133
Bareilly,Bhadpura,Mahmudapur,Mahmoodapur,52914,0.09393939393939396,fuzzy,up2010__row29073
Bareilly,Bhadpura,Madhopur,Mahmoodapur,52914,0.15340909090909088,fuzzy,up2010__row29572
Bareilly,Bhojipura,Lakhampur,Lakhampur,52975,0,exact,up2010__row33576
Bareilly,Bhojipura,Kasampur,Lakhampur,52975,0.16335978835978843,fuzzy,up2010__row6567
Bareilly,Bhojipura,Parsu Nagla,Parsu Nagla,52990,0,exact,up2010__row20317
Bareilly,Bhojipura,Noua Nagla,Parsu Nagla,52990,0.19924242424242428,fuzzy,up2010__row19228
Bareilly,Bhuta,Mallpur,Malahpur,53050,0.130952380952381,fuzzy,up2010__row28754
Bareilly,Bhuta,Manakapur,Malahpur,53050,0.19444444444444453,fuzzy,up2010__row28387
Bareilly,Faridpur,Navdiya Kalyanpur,Nawadia Kalyanpur,53251,0.12287581699346412,fuzzy,up2010__row18433
Bareilly,Faridpur,Nagaria Kalan,Nawadia Kalyanpur,53251,0.16892911010558073,fuzzy,up2010__row17799
Bareilly,Fatehganj ( P O ),Panthera,Panthara,53307,0.130952380952381,fuzzy,up2010__row20057
Bareilly,Fatehganj ( P O ),Panwariya,Panthara,53307,0.19444444444444453,fuzzy,up2010__row20015
Bareilly,Nawabganj,Miyapur,Mianpur,53545,0.09523809523809525,fuzzy,up2010__row29803
Bareilly,Nawabganj,Divanapur,Mianpur,53545,0.1587301587301588,fuzzy,up2010__row16375
Basti,Bahadurpur,Bhoyar,Bhoyar,53718,0,exact,up2010__row27509
Basti,Bahadurpur,Bhoyar Chaube,Bhoyar,53718,0.1794871794871795,fuzzy,up2010__row27510
Basti,Bahadurpur,Bhowapar,Bhoyar,53718,0.18055555555555555,fuzzy,up2010__row27560
Basti,Bahadurpur,Siswari Raghuveer Singh,Siswari Raguveer Singh,53778,0.09025032938076422,fuzzy,up2010__row38294
Basti,Bahadurpur,Siswari badan Singh,Siswari Raguveer Singh,53778,0.19845826687931944,fuzzy,up2010__row38293
Basti,Bankati,Bhaura,Bhaura,53796,0,exact,up2010__row27543
Basti,Bankati,Barhua,Bhaura,53796,0.11111111111111122,fuzzy,up2010__row23667
Basti,Bankati,Kabara,Kabara,53818,0,exact,up2010__row5561
Basti,Bankati,Kathaura,Kabara,53818,0.18055555555555555,fuzzy,up2010__row48509
Basti,Bankati,Sajhara,Sajahra,53852,0.04761904761904765,fuzzy,up2010__row48502
Basti,Bankati,Sajnakhor,Sajahra,53852,0.1587301587301588,fuzzy,up2010__row48516
Basti,Basti,Bankata,Bankata,53868,0,exact,up2010__row23037
Basti,Basti,Banatala,Bankata,53868,0.130952380952381,fuzzy,up2010__row23096
Basti,Basti,Marha,Mandha,53919,0.17777777777777778,fuzzy,up2010__row48576
Basti,Basti,Muradiha,Mandha,53919,0.18055555555555555,fuzzy,up2010__row48611
Basti,Gour,Badhni,Badharni,54010,0.08333333333333338,fuzzy,up2010__row22857
Basti,Gour,Badhiya,Badharni,54010,0.18650793650793648,fuzzy,up2010__row22871
Basti,Gour,Chanda Buzurg,Chanda Bujurg,54031,0.0512820512820513,fuzzy,up2010__row11765
Basti,Gour,Agaya Bujurg,Chanda Bujurg,54031,0.18589743589743588,fuzzy,up2010__row1832
Basti,Gour,Padri,Padari,54068,0.05555555555555556,fuzzy,up2010__row19821
Basti,Gour,Parasdih,Padari,54068,0.1388888888888889,fuzzy,up2010__row20399
Basti,Gour,PaiKoliya,Paikoliya,54069,0,exact,up2010__row21738
Basti,Gour,Paikolia Mu,Paikoliya,54069,0.12794612794612809,fuzzy,up2010__row21739
Basti,Gour,Pedar,Pedar,54077,0,exact,up2010__row21708
Basti,Gour,Pedariya,Pedar,54077,0.12500000000000006,fuzzy,up2010__row21704
Basti,Hareya,Baderiya Kunwar,Baderiya Kuwar,54098,0.0222222222222222,fuzzy,up2010__row22815
Basti,Hareya,Basdevakunwar,Baderiya Kuwar,54098,0.1721611721611722,fuzzy,up2010__row24077
Basti,Kaptaiganj,Narharpur,Narharpur,54215,0,exact,up2010__row18266
Basti,Kaptaiganj,Pariwarpur,Narharpur,54215,0.1740740740740741,fuzzy,up2010__row20425
Basti,Kudrah,Warighat,Bari Ghat,54244,0.11574074074074082,fuzzy,up2010__row34625
Basti,Kudrah,Gaighat,Bari Ghat,54244,0.1587301587301588,fuzzy,up2010__row9896
Basti,Kudrah,Jagarnathpur,Jaganath,54268,0.11111111111111122,fuzzy,up2010__row12683
Basti,Kudrah,Gaana,Jaganath,54268,0.19166666666666676,fuzzy,up2010__row9891
Basti,Parsrampur,Ahirauli,Ahirauli,54307,0,exact,up2010__row48545
Basti,Parsrampur,Achraul,Ahirauli,54307,0.130952380952381,fuzzy,up2010__row1896
Basti,Parsrampur,Raghunathpur,Raghunathpur,54373,0,exact,up2010__row48557
Basti,Parsrampur,Ragghupur,Raghunathpur,54373,0.14814814814814825,fuzzy,up2010__row1398
Basti,Parsrampur,Ranipur,Ranipur,54376,0,exact,up2010__row32256
Basti,Parsrampur,Ganipur,Ranipur,54376,0.09523809523809525,fuzzy,up2010__row48566
Basti,Ramnagar,Adampur,Adampur,54388,0,exact,up2010__row581
Basti,Ramnagar,Gadapurchak,Adampur,54388,0.19913419913419916,fuzzy,up2010__row9637
Basti,Ramnagar,Ahiraula,Ahiraula,54389,0,exact,up2010__row409
Basti,Ramnagar,Baidaula,Ahiraula,54389,0.1666666666666667,fuzzy,up2010__row25806
Basti,Ramnagar,Bholapur,Bholapur,54407,0,exact,up2010__row27520
Basti,Ramnagar,Bhanpur,Bholapur,54407,0.130952380952381,fuzzy,up2010__row26830
Basti,Ramnagar,Chirai Bujurg,Chirai Bujurg,54410,0,exact,up2010__row11898
Basti,Ramnagar,Siswa Bujurg,Chirai Bujurg,54410,0.18589743589743588,fuzzy,up2010__row38277
Basti,Ramnagar,Khoriya,Khoria,54426,0.04761904761904765,fuzzy,up2010__row9231
Basti,Ramnagar,Kohra,Khoria,54426,0.12222222222222213,fuzzy,up2010__row1467
Basti,Raudhauli,Bakhariya,Bakharia,54464,0.037037037037037104,fuzzy,up2010__row22463
Basti,Raudhauli,Bankatia,Bakharia,54464,0.1666666666666667,fuzzy,up2010__row23050
Basti,Raudhauli,Bharoli,Bharouli,54468,0.04166666666666672,fuzzy,up2010__row26637
Basti,Raudhauli,Tharoli,Bharouli,54468,0.130952380952381,fuzzy,up2010__row15812
Basti,Saltoya Gopalpur,Basdila,Basdiliya,54540,0.07407407407407415,fuzzy,up2010__row48636
Basti,Saltoya Gopalpur,Vasdiliya,Basdiliya,54540,0.07407407407407415,fuzzy,up2010__row48639
Basti,Saltoya Gopalpur,Hasanapur,Hasanpur,54558,0.037037037037037104,fuzzy,up2010__row48653
Basti,Saltoya Gopalpur,Bhagwanpur,Hasanpur,54558,0.14166666666666666,fuzzy,up2010__row26089
Basti,Saugahat,Jharkatiya,Jharkatia,54635,0.033333333333333416,fuzzy,up2010__row48464
Basti,Saugahat,Marwatia,Jharkatia,54635,0.19444444444444453,fuzzy,up2010__row48437
Basti,Saugahat,Sihaari,Sihari,54676,0.04761904761904765,fuzzy,up2010__row48456
Basti,Saugahat,Bihira,Sihari,54676,0.17777777777777778,fuzzy,up2010__row1365
Basti,Bikramjot,Niyamatpur,Niyamatpur,54732,0,exact,up2010__row18887
Basti,Bikramjot,Sitarampur,Niyamatpur,54732,0.19583333333333336,fuzzy,up2010__row38442
Bijnaur,Afzalgarah,Harewala,Harewali,54773,0.08333333333333338,fuzzy,up2010__row40202
Bijnaur,Afzalgarah,hareweli,Harewali,54773,0.08333333333333338,fuzzy,up2010__row40203
Bijnaur,Afzalgarah,Khijarpur,Khijarpur,54785,0,exact,up2010__row8747
Bijnaur,Afzalgarah,Harpur,Khijarpur,54785,0.11111111111111122,fuzzy,up2010__row40048
Bijnaur,Syohara,Mahmudpur,Mahmudpur,54844,0,exact,up2010__row447
Bijnaur,Syohara,Maksudpur,Mahmudpur,54844,0.14814814814814825,fuzzy,up2010__row27689
Bijnaur,Haldaur,Fatehpur Kala,Fatehpur Kala,54980,0,exact,up2010__row22021
Bijnaur,Haldaur,Fatehpur Nauabad,Fatehpur Kala,54980,0.15544871794871795,fuzzy,up2010__row22041
Bijnaur,Haldaur,Sharifpur,Shareef Pur,55038,0.12794612794612809,fuzzy,up2010__row35289
Bijnaur,Haldaur,Sherpur,Shareef Pur,55038,0.1688311688311689,fuzzy,up2010__row35873
Bijnaur,Jalilpur,Karal,Karaal,55090,0.05555555555555556,fuzzy,up2010__row1451
Bijnaur,Jalilpur,Kakarala,Karaal,55090,0.1388888888888889,fuzzy,up2010__row4975
Bijnaur,Kiratpur,Shahpur Sukkha,Shahpur Sukha,55195,0.02380952380952378,fuzzy,up2010__row35559
Bijnaur,Kiratpur,Shahlipr A,Shahpur Sukha,55195,0.19487179487179482,fuzzy,up2010__row35580
Bijnaur,Mau Pur Devmal,Ramjiwala,Ramjiwala,55385,0,exact,up2010__row32343
Bijnaur,Mau Pur Devmal,Kajiwala,Ramjiwala,55385,0.11574074074074082,fuzzy,up2010__row6396
Bijnaur,Najibabad,Bhaguwala,Bhaguwala,55413,0,exact,up2010__row26799
Bijnaur,Najibabad,Bhadaula,Bhaguwala,55413,0.16335978835978843,fuzzy,up2010__row26455
Bijnaur,Najibabad,Jahanabad,Jahanabad,55432,0,exact,up2010__row13434
Bijnaur,Najibabad,Aurangabad,Jahanabad,55432,0.1740740740740741,fuzzy,up2010__row4859
Bijnaur,Najibabad,Sadatpur,Sadatpur,55477,0,exact,up2010__row37512
Bijnaur,Najibabad,Saufatpur,Sadatpur,55477,0.11574074074074082,fuzzy,up2010__row39665
Bijnaur,Noorpur,Askaripur,Askaripur,55586,0,exact,up2010__row3179
Bijnaur,Noorpur,Madaripur,Askaripur,55586,0.14814814814814825,fuzzy,up2010__row28303
Bijnaur,Noorpur,Aurangabad,Aurangabad,55589,0,exact,up2010__row4858
Bijnaur,Noorpur,Maurana,Aurangabad,55589,0.18095238095238095,fuzzy,up2010__row31196
Bijnaur,Noorpur,Pahuli,Pahuli,55645,0,exact,up2010__row20907
Bijnaur,Noorpur,Pauti,Pahuli,55645,0.17777777777777778,fuzzy,up2010__row21849
Budaun,Aasfpur,Hardaspur,Hardaspur,55762,0,exact,up2010__row39958
Budaun,Aasfpur,Aasfpur,Hardaspur,55762,0.1587301587301588,fuzzy,up2010__row3641
Budaun,Bisauli,Taraapur,Tarapur,55863,0.04166666666666672,fuzzy,up2010__row41971
Budaun,Bisauli,Ratanpur,Tarapur,55863,0.08928571428571432,fuzzy,up2010__row41975
Budaun,Dahagawa,Vairpur Manpur,Bairpur Manpur,55868,0.04761904761904765,fuzzy,up2010__row35170
Budaun,Dahagawa,Vazirpur Thanpur,Bairpur Manpur,55868,0.130952380952381,fuzzy,up2010__row34311
Budaun,Gunnaur,Makhdumpur,Makhdumpur,56030,0,exact,up2010__row27705
Budaun,Gunnaur,Mahmudpur,Makhdumpur,56030,0.07037037037037047,fuzzy,up2010__row42063
Budaun,Junawai,Qadra bad,Kadrabad,56197,0.11574074074074082,fuzzy,up2010__row6425
Budaun,Junawai,Hyderabad,Kadrabad,56197,0.19444444444444453,fuzzy,up2010__row40749
Budaun,Salarpur,Kunar,Kunar,56516,0,exact,up2010__row7011
Budaun,Salarpur,Kundara,Kunar,56516,0.09523809523809525,fuzzy,up2010__row6937
Budaun,Salarpur,Rafiabad,Rafia Bad,56532,0.037037037037037104,fuzzy,up2010__row31641
Budaun,Salarpur,Faqihabad,Rafia Bad,56532,0.19576719576719587,fuzzy,up2010__row21955
Budaun,Samarer,Guldia,Guladiya,56563,0.1666666666666667,fuzzy,up2010__row10135
Budaun,Samarer,Nadiya,Guladiya,56563,0.18055555555555555,fuzzy,up2010__row18431
Budaun,Ujhani,Chandau,Chandau,56616,0,exact,up2010__row11444
Budaun,Ujhani,Chandanpur,Chandau,56616,0.09999999999999999,fuzzy,up2010__row11452
Bulandshahr,Anupshahr,BichoaulLaa,Bichaula,56759,0.09090909090909088,fuzzy,up2010__row24862
Bulandshahr,Anupshahr,Ainchaura,Bichaula,56759,0.19444444444444453,fuzzy,up2010__row4675
Bulandshahr,Anupshahr,Dungra Jogi,Dungara Jogi,56767,0.058080808080808156,fuzzy,up2010__row14794
Bulandshahr,Anupshahr,Dugara,Dungara Jogi,56767,0.1666666666666667,fuzzy,up2010__row16422
Bulandshahr,Anupshahr,Mauharsa,Mauharsa,56786,0,exact,up2010__row31242
Bulandshahr,Anupshahr,Sauharkha,Mauharsa,56786,0.19444444444444453,fuzzy,up2010__row39689
Bulandshahr,Arniyaan,Karaura,Karaura,56838,0,exact,up2010__row6020
Bulandshahr,Arniyaan,Kharaula,Karaura,56838,0.130952380952381,fuzzy,up2010__row6311
Bulandshahr,Arniyaan,Pala,Pala,56851,0,exact,up2010__row20490
Bulandshahr,Arniyaan,Palda,Pala,56851,0.06666666666666678,fuzzy,up2010__row20481
Bulandshahr,Arniyaan,Surajavali,Surjawali,56865,0.14537037037037034,fuzzy,up2010__row38716
Bulandshahr,Arniyaan,Khurawali,Surjawali,56865,0.14814814814814825,fuzzy,up2010__row8904
Bulandshahr,Bulandshahr,Kahira,Kahira,56944,0,exact,up2010__row6602
Bulandshahr,Bulandshahr,Sikhaira,Kahira,56944,0.1666666666666667,fuzzy,up2010__row37818
Bulandshahr,Danpur,Kariri,Kariri,57020,0,exact,up2010__row5946
Bulandshahr,Danpur,Kharikvari,Kariri,57020,0.13333333333333336,fuzzy,up2010__row8508
Bulandshahr,Danpur,Sabalpur,Sabalpur,57040,0,exact,up2010__row36407
Bulandshahr,Danpur,Aidalpur,Sabalpur,57040,0.1666666666666667,fuzzy,up2010__row4685
Bulandshahr,Danpur,Sheikhupur,Shekhupur,57043,0.033333333333333416,fuzzy,up2010__row35840
Bulandshahr,Danpur,Ishnupur,Shekhupur,57043,0.19444444444444453,fuzzy,up2010__row4067
Bulandshahr,Dibai,Pala Kaser,Palakser,57089,0.06666666666666678,fuzzy,up2010__row20492
Bulandshahr,Dibai,O.Badakser,Palakser,57089,0.19444444444444453,fuzzy,up2010__row4735
Bulandshahr,Khujra,Bhaipur,Bhaipur,57219,0,exact,up2010__row26758
Bulandshahr,Khujra,Bhidhepur,Bhaipur,57219,0.1587301587301588,fuzzy,up2010__row25137
Bulandshahr,Khujra,Mirpur,Mirpur,57252,0,exact,up2010__row30006
Bulandshahr,Khujra,Ibrapur,Mirpur,57252,0.1507936507936509,fuzzy,up2010__row3866
Bulandshahr,Lakhauti,Jaut,Jauth,57287,0.06666666666666678,fuzzy,up2010__row13960
Bulandshahr,Lakhauti,Pauth,Jauth,57287,0.13333333333333336,fuzzy,up2010__row21853
Bulandshahr,Shikarpur,Barauli,Barauli,57393,0,exact,up2010__row23846
Bulandshahr,Shikarpur,Parauli,Barauli,57393,0.09523809523809525,fuzzy,up2010__row20846
Bulandshahr,Shikarpur,Sarawa,Sarawa,57441,0,exact,up2010__row36952
Bulandshahr,Shikarpur,Saraganw,Sarawa,57441,0.1388888888888889,fuzzy,up2010__row36587
Bulandshahr,Sikandrabad,Bharana,Bharana,57460,0,exact,up2010__row41284
Bulandshahr,Sikandrabad,Bailana,Bharana,57460,0.19047619047619044,fuzzy,up2010__row41310
Bulandshahr,Unchagaon,Kamalpur,Kamalpur,57574,0,exact,up2010__row5622
Bulandshahr,Unchagaon,Amarpur,Kamalpur,57574,0.130952380952381,fuzzy,up2010__row2421
Chandauli,Barhani,Kajhera,Kajhara,57631,0.1507936507936509,fuzzy,up2010__row5081
Chandauli,Barhani,Kavarua,Kajhara,57631,0.19047619047619044,fuzzy,up2010__row852
Chandauli,Barhani,Narayanpur,Naraynpur,57646,0.033333333333333416,fuzzy,up2010__row18327
Chandauli,Barhani,Manrajpur,Naraynpur,57646,0.19576719576719587,fuzzy,up2010__row28409
Chandauli,Chakia,Bhishampur,Bhikhampur,57762,0.06666666666666678,fuzzy,up2010__row27121
Chandauli,Chakia,Bhavpur,Bhikhampur,57762,0.18095238095238095,fuzzy,up2010__row26875
Chandauli,Shahababganj,Vadaura,Baraura,58079,0.19047619047619044,fuzzy,up2010__row34325
Chandauli,Shahababganj,Hadaura,Baraura,58079,0.19047619047619044,fuzzy,up2010__row50392
Chandauli,Shahababganj,Sairaan,Saraiya,58125,0.17857142857142858,fuzzy,up2010__row39380
Chandauli,Shahababganj,Padriya,Saraiya,58125,0.19047619047619044,fuzzy,up2010__row50414
Chandauli,Sakaldeeha,Raipura,Raipura,58203,0,exact,up2010__row50143
Chandauli,Sakaldeeha,Ibrapur,Raipura,58203,0.17857142857142858,fuzzy,up2010__row50178
Chitrakoot,Karwi (Chitrakoot),Baihar,Baihar,58226,0,exact,up2010__row25888
Chitrakoot,Karwi (Chitrakoot),Bihaara,Baihar,58226,0.130952380952381,fuzzy,up2010__row25096
Chitrakoot,Karwi (Chitrakoot),Bhagwatpur,Bhagawatpur,58235,0.06363636363636369,fuzzy,up2010__row26045
Chitrakoot,Karwi (Chitrakoot),Bharatpur,Bhagawatpur,58235,0.12794612794612809,fuzzy,up2010__row26853
Chitrakoot,Karwi (Chitrakoot),Khoh,Khoh,58273,0,exact,up2010__row9241
Chitrakoot,Karwi (Chitrakoot),Khohi,Khoh,58273,0.06666666666666678,fuzzy,up2010__row9242
Chitrakoot,Manikpur,Agarhuda,Agarhunda,58317,0.037037037037037104,fuzzy,up2010__row45229
Chitrakoot,Manikpur,Baghauda,Agarhunda,58317,0.16335978835978843,fuzzy,up2010__row22577
Chitrakoot,Mau,Mandor,Mandaur,58413,0.1507936507936509,fuzzy,up2010__row45115
Chitrakoot,Mau,Mankuwar,Mandaur,58413,0.18650793650793648,fuzzy,up2010__row45126
Chitrakoot,Pahadi,Mirzapur,Mirzapur,58490,0,exact,up2010__row29833
Chitrakoot,Pahadi,Raipur,Mirzapur,58490,0.1666666666666667,fuzzy,up2010__row32795
Chitrakoot,Pahadi,Nandi,Nandi,58494,0,exact,up2010__row18655
Chitrakoot,Pahadi,Naini,Nandi,58494,0.13333333333333336,fuzzy,up2010__row19182
Itawah,Badh. Pura,Badhpura,Badpura,60422,0.04166666666666672,fuzzy,up2010__row22865
Itawah,Badh. Pura,Rajpura,Badpura,60422,0.19047619047619044,fuzzy,up2010__row31423
Itawah,Badh. Pura,Bhaupura,Bhaupura,60431,0,exact,up2010__row26780
Itawah,Badh. Pura,Vighupura,Bhaupura,60431,0.19444444444444453,fuzzy,up2010__row35027
Itawah,Basrehar,Santoshpur Unwa,Santoshpur Unva,60516,0.04444444444444449,fuzzy,up2010__row43382
Itawah,Basrehar,Santoshpur Dhar,Santoshpur Unva,60516,0.13333333333333336,fuzzy,up2010__row36246
Itawah,Jaswantnagar,Jagsaura,Jagsaura,60642,0,exact,up2010__row43295
Itawah,Jaswantnagar,Ajnaura,Jagsaura,60642,0.18650793650793648,fuzzy,up2010__row1944
Itawah,Jaswantnagar,Mahamai,Mahamai,60654,0,exact,up2010__row29186
Itawah,Jaswantnagar,Mahalai,Mahamai,60654,0.09523809523809525,fuzzy,up2010__row29137
Itawah,Mahewa,Ludhiyani,Ludhiyani,60721,0,exact,up2010__row43426
Itawah,Mahewa,Uzhiyani,Ludhiyani,60721,0.11574074074074082,fuzzy,up2010__row4170
Faizabad,Masaudha,Ballipur,Ballipur,61025,0,exact,up2010__row48296
Faizabad,Masaudha,Malikpur,Ballipur,61025,0.1666666666666667,fuzzy,up2010__row48284
Faizabad,Masaudha,Kandaila,Kandaila,61053,0,exact,up2010__row5473
Faizabad,Masaudha,Kail,Kandaila,61053,0.1666666666666667,fuzzy,up2010__row7599
Faizabad,Masaudha,Madhavpur,Madhopur,61057,0.11574074074074082,fuzzy,up2010__row48286
Faizabad,Masaudha,Gaddopur,Madhopur,61057,0.1666666666666667,fuzzy,up2010__row9659
Faizabad,Sohawal,Ibrahim pur Kandai,Ibbrahimpur Kandie,61311,0.11574074074074082,fuzzy,up2010__row3879
Faizabad,Sohawal,Ibrahimur Diwli,Ibbrahimpur Kandie,61311,0.17777777777777778,fuzzy,up2010__row3884
Faizabad,Sohawal,Sarangapur,Saranga Pur,61340,0.03030303030303033,fuzzy,up2010__row48334
Faizabad,Sohawal,Paranap ur,Saranga Pur,61340,0.13097643097643102,fuzzy,up2010__row48342
Faizabad,Taroon,Baharapur,Baharpur,61348,0.037037037037037104,fuzzy,up2010__row24838
Faizabad,Taroon,Fakhrpur,Baharpur,61348,0.1666666666666667,fuzzy,up2010__row21960
Fatehpur,Airayan,Arayan Sadat,Airayan Sadat,61945,0.025641025641025605,fuzzy,up2010__row4715
Fatehpur,Airayan,Airaiyan Masayk,Airayan Sadat,61945,0.1704739704739706,fuzzy,up2010__row4714
Fatehpur,Airayan,Izurabuzurg,Ijura Bujurg,61967,0.14393939393939392,fuzzy,up2010__row3710
Fatehpur,Airayan,Sarsai Bujurg,Ijura Bujurg,61967,0.16581196581196586,fuzzy,up2010__row36661
Fatehpur,Bahua,Korari,Korari,62131,0,exact,up2010__row45407
Fatehpur,Bahua,Kudraari,Korari,62131,0.18055555555555555,fuzzy,up2010__row6902
Fatehpur,Bhitaura,KathervA,Katherwa,62188,0.08333333333333338,fuzzy,up2010__row5279
Fatehpur,Bhitaura,Ahewa,Katherwa,62188,0.12500000000000006,fuzzy,up2010__row3367
Fatehpur,Bhitaura,Muhammadpur Kala,Mohammadpur Kla,62207,0.08769841269841273,fuzzy,up2010__row31039
Fatehpur,Bhitaura,Mohammadpur,Mohammadpur Kla,62207,0.08888888888888892,fuzzy,up2010__row31083
Fatehpur,Haswa,Semri,Semari,62404,0.05555555555555556,fuzzy,up2010__row39107
Fatehpur,Haswa,Ekari,Semari,62404,0.17777777777777778,fuzzy,up2010__row4630
Fatehpur,Teliani,Kandhi,Kandhi,62646,0,exact,up2010__row45396
Fatehpur,Teliani,Kandhha,Kandhi,62646,0.1507936507936509,fuzzy,up2010__row45384
Fatehpur,Vijayipur,Lakhipur,Lakhipur,62701,0,exact,up2010__row33834
Fatehpur,Vijayipur,Laukiapur,Lakhipur,62701,0.11574074074074082,fuzzy,up2010__row34231
Firozabad,Hathwant,Jarauli,Jarauli,62919,0,exact,up2010__row13199
Firozabad,Hathwant,Barauli,Jarauli,62919,0.09523809523809525,fuzzy,up2010__row23851
Firozabad,Hathwant,Thanumai,Thanumai,62954,0,exact,up2010__row15834
Firozabad,Hathwant,Dhunamai,Thanumai,62954,0.130952380952381,fuzzy,up2010__row17540
Firozabad,Narkhi,Jaakhai,Jakhai,63089,0.130952380952381,fuzzy,up2010__row13442
Firozabad,Narkhi,Jaudhari,Jakhai,63089,0.18055555555555555,fuzzy,up2010__row13963
Firozabad,Shikohabad,Itauli,Itauli,63154,0,exact,up2010__row3796
Firozabad,Shikohabad,Jijauli,Itauli,63154,0.1507936507936509,fuzzy,up2010__row13635
Firozabad,Shikohabad,Karanpur,Karanpur,63159,0,exact,up2010__row5745
Firozabad,Shikohabad,Makkhanpur,Karanpur,63159,0.1892857142857144,fuzzy,up2010__row27699
Firozabad,Shikohabad,Aamri,Rapari,63177,0.17777777777777778,fuzzy,up2010__row3524
Firozabad,Shikohabad,Rapdi,Rapari,63177,0.17777777777777778,fuzzy,up2010__row465
Gautam Buddha Nagar,Visarkh,Badalpur,Badalpur,63255,0,exact,up2010__row24612
Gautam Buddha Nagar,Visarkh,Bahlolpur,Badalpur,63255,0.19444444444444453,fuzzy,up2010__row24339
Gautam Buddha Nagar,Jewar,Chanchali,Chachura,63351,0.19444444444444453,fuzzy,up2010__row41261
Gautam Buddha Nagar,Jewar,Chaurauli,Chachura,63351,0.19444444444444453,fuzzy,up2010__row41264
Ghaziabad,Bhojpur,Muradabad,Moradabad,63480,0.07407407407407415,fuzzy,up2010__row30442
Ghaziabad,Bhojpur,Kadrabad,Moradabad,63480,0.1871693121693123,fuzzy,up2010__row6421
Ghaziabad,Dhaulana,Vastapur,Basatpur,63507,0.130952380952381,fuzzy,up2010__row34639
Ghaziabad,Dhaulana,Inayatpur,Basatpur,63507,0.19444444444444453,fuzzy,up2010__row3810
Ghaziabad,Simbhavli,Mu. Bagarpur,Mubarak Pur,63802,0.15824915824915836,fuzzy,up2010__row30075
Ghaziabad,Simbhavli,Mubarak Pur Shakarpur,Mubarak Pur,63802,0.1587301587301588,fuzzy,up2010__row30404
Ghazipur,Bhadaura,Saraila,Sawrai,63863,0.1507936507936509,fuzzy,up2010__row50039
Ghazipur,Bhadaura,Sevarai,Sawrai,63863,0.1507936507936509,fuzzy,up2010__row59
Ghazipur,Sadar,Chaurahi,Chaurahi,64028,0,exact,up2010__row12194
Ghazipur,Sadar,Chaukia,Chaurahi,64028,0.18650793650793648,fuzzy,up2010__row12101
Ghazipur,Sadar,Husainpur,Husenpur,64036,0.11574074074074082,fuzzy,up2010__row40640
Ghazipur,Sadar,Sukhdevpur,Husenpur,64036,0.1892857142857144,fuzzy,up2010__row50002
Ghazipur,Sadar,Raipur,Raipur,64055,0,exact,up2010__row49988
Ghazipur,Sadar,Ranipur,Raipur,64055,0.04761904761904765,fuzzy,up2010__row32267
Ghazipur,Jakhniya,Jafar pur,Jafar Pur,64093,0,exact,up2010__row12848
Ghazipur,Jakhniya,Jauharpur,Jafar Pur,64093,0.14814814814814825,fuzzy,up2010__row13985
Ghazipur,Karanda,Tulapatti,Tulla Patti,64189,0.06060606060606061,fuzzy,up2010__row50080
Ghazipur,Karanda,Sitapatti,Tulla Patti,64189,0.19528619528619526,fuzzy,up2010__row38438
Ghazipur,Kasimabad,Barar,Barar,64196,0,exact,up2010__row23710
Ghazipur,Kasimabad,Bahrar,Barar,64196,0.05555555555555556,fuzzy,up2010__row24315
Ghazipur,Kasimabad,Hasanpur,Hasanpur,64215,0,exact,up2010__row40311
Ghazipur,Kasimabad,Parshapur,Hasanpur,64215,0.19444444444444453,fuzzy,up2010__row20152
Ghazipur,Kasimabad,Kagzipur,Kagjipur,64222,0.08333333333333338,fuzzy,up2010__row6353
Ghazipur,Kasimabad,Kadipur,Kagjipur,64222,0.130952380952381,fuzzy,up2010__row6440
Ghazipur,Kasimabad,Mubarakpurnet,Mubarakpur Net,64241,0.02380952380952378,fuzzy,up2010__row30401
Ghazipur,Kasimabad,Mubarakpur,Mubarakpur Net,64241,0.09523809523809525,fuzzy,up2010__row30382
Ghazipur,Kasimabad,Siura,Siura,64268,0,exact,up2010__row37660
Ghazipur,Kasimabad,Survat,Siura,64268,0.17777777777777778,fuzzy,up2010__row38734
Ghazipur,Muhammadabad,Ahirauli,Ahirauli,64415,0,exact,up2010__row3331
Ghazipur,Muhammadabad,Sarauli,Ahirauli,64415,0.130952380952381,fuzzy,up2010__row37080
Ghazipur,Revatipur,Kalyanpur,Kalyanpur,64507,0,exact,up2010__row6159
Ghazipur,Revatipur,Kalupur,Kalyanpur,64507,0.1587301587301588,fuzzy,up2010__row6541
Ghazipur,Sadaat,Babura,Babura,64534,0,exact,up2010__row23254
Ghazipur,Sadaat,Gaura,Babura,64534,0.17777777777777778,fuzzy,up2010__row10756
Ghazipur,Sadaat,Parsanikala,Parsani Kala,64592,0.02777777777777788,fuzzy,up2010__row20177
Ghazipur,Sadaat,Barwan Kala,Parsani Kala,64592,0.14393939393939392,fuzzy,up2010__row23577
Ghazipur,Saidpur,Ahladpur,Ahladpur,64606,0,exact,up2010__row3277
Ghazipur,Saidpur,Jaldeepur,Ahladpur,64606,0.19444444444444453,fuzzy,up2010__row13315
Ghazipur,Saidpur,Karampur,Karampur,64648,0,exact,up2010__row5805
Ghazipur,Saidpur,Dharampur,Karampur,64648,0.11574074074074082,fuzzy,up2010__row17351
Ghazipur,Saidpur,Mudiyar,Mudiar,64665,0.04761904761904765,fuzzy,up2010__row30274
Ghazipur,Saidpur,Mauda,Mudiar,64665,0.17777777777777778,fuzzy,up2010__row31189
Ghazipur,Saidpur,Sauna,Sidhauna,64681,0.12500000000000006,fuzzy,up2010__row39661
Ghazipur,Saidpur,Sidhona,Sidhauna,64681,0.18650793650793648,fuzzy,up2010__row37973
Ghazipur,Saidpur,Singarpur,Sigarpur,64682,0.037037037037037104,fuzzy,up2010__row37846
Ghazipur,Saidpur,Sharifpur,Sigarpur,64682,0.1871693121693123,fuzzy,up2010__row35293
Ghazipur,Barachwar,Gandhpa,Gandhpa,64715,0,exact,up2010__row50015
Ghazipur,Barachwar,Bandhai,Gandhpa,64715,0.19047619047619044,fuzzy,up2010__row23223
Ghazipur,Barachwar,Khara,Khara,64729,0,exact,up2010__row50014
Ghazipur,Barachwar,Khadhra,Khara,64729,0.09523809523809525,fuzzy,up2010__row8257
Ghazipur,Barachwar,Paatepur,Pate Pur,64749,0.08333333333333338,fuzzy,up2010__row50024
Ghazipur,Barachwar,Pater,Pate Pur,64749,0.12500000000000006,fuzzy,up2010__row19931
Ghazipur,Jamaniya,Dewaitha,Devaitha,64827,0.08333333333333338,fuzzy,up2010__row16934
Ghazipur,Jamaniya,Devaria,Devaitha,64827,0.130952380952381,fuzzy,up2010__row16800
Gonda,Bhabha njot,Alauddinpur,Alauddinpur,64869,0,exact,up2010__row2821
Gonda,Bhabha njot,Badaulipur,Alauddinpur,64869,0.13097643097643102,fuzzy,up2010__row22935
Gonda,Bhabha njot,Banghoosara,Banghusara,64879,0.09393939393939396,fuzzy,up2010__row23091
Gonda,Bhabha njot,Badhara,Banghusara,64879,0.18095238095238095,fuzzy,up2010__row22744
Gonda,Bhabha njot,Bhanpur,Bhan Pur,64885,0.04166666666666672,fuzzy,up2010__row26827
Gonda,Bhabha njot,Bhavpur,Bhan Pur,64885,0.130952380952381,fuzzy,up2010__row26872
Gonda,Karnailganj,Kashipur,Kashipur,65097,0,exact,up2010__row47921
Gonda,Karnailganj,Kadipur,Kashipur,65097,0.130952380952381,fuzzy,up2010__row6435
Gonda,Karnailganj,Nakkar,Nakar,65110,0.05555555555555556,fuzzy,up2010__row17758
Gonda,Karnailganj,Nakhahra,Nakar,65110,0.12500000000000006,fuzzy,up2010__row47920
Gonda,Haladharamuu,Barbatpur,Barwatpur,65137,0.07407407407407415,fuzzy,up2010__row47660
Gonda,Haladharamuu,Barau,Barwatpur,65137,0.14814814814814825,fuzzy,up2010__row47653
Gonda,Katra Bazar,Baunapur,Baunapur,65345,0,exact,up2010__row47760
Gonda,Katra Bazar,Babupur,Baunapur,65345,0.130952380952381,fuzzy,up2010__row24662
Gonda,Manakapur,Rampur,Rampur,65471,0,exact,up2010__row32451
Gonda,Manakapur,Raamaapur,Rampur,65471,0.11111111111111122,fuzzy,up2010__row32754
Gonda,Mujehana,Dulhapur Bankat,Dulhapur,65499,0.15555555555555564,fuzzy,up2010__row16620
Gonda,Mujehana,Dhanepur,Dulhapur,65499,0.1666666666666667,fuzzy,up2010__row17487
Gonda,Parsapur,Chaudpur,Chandpur,65662,0.15476190476190485,fuzzy,up2010__row47672
Gonda,Parsapur,Andoopur,Chandpur,65662,0.1666666666666667,fuzzy,up2010__row2277
Gonda,Tarabganj,Chandipur,Chandipur,65814,0,exact,up2010__row734
Gonda,Tarabganj,Dhodipur,Chandipur,65814,0.19444444444444453,fuzzy,up2010__row47900
Gonda,Tarabganj,Pathar,Pathar,65841,0,exact,up2010__row47892
Gonda,Tarabganj,Katha,Pathar,65841,0.17777777777777778,fuzzy,up2010__row47898
Gorakhpur,Bosagaon,Wahidadi,Bahi Dadi,65927,0.11574074074074082,fuzzy,up2010__row34545
Gorakhpur,Bosagaon,Laahidadi,Bahi Dadi,65927,0.14814814814814825,fuzzy,up2010__row34000
Gorakhpur,Bosagaon,Godaasari,Godsaira,65948,0.0995370370370371,fuzzy,up2010__row10344
Gorakhpur,Bosagaon,Gorsahira,Godsaira,65948,0.11574074074074082,fuzzy,up2010__row10345
Gorakhpur,Bosagaon,Katwar,Katwar,65962,0,exact,up2010__row5156
Gorakhpur,Bosagaon,Tekwar,Katwar,65962,0.17777777777777778,fuzzy,up2010__row14367
Gorakhpur,Belghat,Rampur,Rampur,66114,0,exact,up2010__row49058
Gorakhpur,Belghat,Mirpur,Rampur,66114,0.17777777777777778,fuzzy,up2010__row30018
Gorakhpur,Gagaha,Baidwali,Baidauli,66372,0.08333333333333338,fuzzy,up2010__row48987
Gorakhpur,Gagaha,Badila,Baidauli,66372,0.19444444444444453,fuzzy,up2010__row22825
Gorakhpur,Gola,Varhajpaar,Barhajpar,66451,0.10370370370370369,fuzzy,up2010__row34424
Gorakhpur,Gola,Barhaj,Barhajpar,66451,0.11111111111111122,fuzzy,up2010__row23634
Gorakhpur,Gola,Parsia,Parsiaraut,66499,0.13333333333333336,fuzzy,up2010__row20280
Gorakhpur,Gola,Parsiya Rawat,Parsiaraut,66499,0.13589743589743591,fuzzy,up2010__row20308
Gorakhpur,J. O. Kauriya,Majhigawan,Majhganwa,66563,0.08888888888888892,fuzzy,up2010__row48972
Gorakhpur,J. O. Kauriya,Majhauna,Majhganwa,66563,0.11574074074074082,fuzzy,up2010__row48945
Gorakhpur,J. O. Kauriya,Variyapur,Raypur,66580,0.1666666666666667,fuzzy,up2010__row48956
Gorakhpur,J. O. Kauriya,Harpur,Raypur,66580,0.17777777777777778,fuzzy,up2010__row48937
Gorakhpur,J. O. Kauriya,Ramwapur,Raypur,66580,0.18055555555555555,fuzzy,up2010__row48931
Gorakhpur,J. O. Kauriya,Rohua,Rohua,66586,0,exact,up2010__row48968
Gorakhpur,J. O. Kauriya,Kolhua,Rohua,66586,0.17777777777777778,fuzzy,up2010__row48936
Gorakhpur,Kauriram,Hardia,Hardiya,66621,0.04761904761904765,fuzzy,up2010__row39977
Gorakhpur,Kauriram,Hareya,Hardiya,66621,0.1507936507936509,fuzzy,up2010__row40216
Gorakhpur,Kauriram,Malaw,Malaon,66636,0.17777777777777778,fuzzy,up2010__row28686
Gorakhpur,Kauriram,Malaoili,Malaon,66636,0.18055555555555555,fuzzy,up2010__row28748
Gorakhpur,Pali,Govindpur Lonia,Govindpur Lonia,66800,0,exact,up2010__row10622
Gorakhpur,Pali,Govindpur Dwitiya,Govindpur Lonia,66800,0.16470588235294123,fuzzy,up2010__row10616
Gorakhpur,Pipraich,Bahrampur,Bahrampur,66840,0,exact,up2010__row24305
Gorakhpur,Pipraich,Harpur,Bahrampur,66840,0.1666666666666667,fuzzy,up2010__row40051
Gorakhpur,Pipraich,Harkhapur,Bahrampur,66840,0.19576719576719587,fuzzy,up2010__row39916
Gorakhpur,Pipraich,Sidhauli,Sidhauli,66891,0,exact,up2010__row37982
Gorakhpur,Pipraich,Sidhawal,Sidhauli,66891,0.1666666666666667,fuzzy,up2010__row37956
Gorakhpur,Piparoli,Piparoli,Pipari,66947,0.08333333333333338,fuzzy,up2010__row21218
Gorakhpur,Piparoli,Pipiri,Pipari,66947,0.17777777777777778,fuzzy,up2010__row667
Gorakhpur,Sardarnagar,Basdila,Basdila,67027,0,exact,up2010__row24063
Gorakhpur,Sardarnagar,Bashiya,Basdila,67027,0.19047619047619044,fuzzy,up2010__row49085
Gorakhpur,Sardarnagar,Chauri,Chauri,67039,0,exact,up2010__row49089
Gorakhpur,Sardarnagar,Chaura,Chauri,67039,0.11111111111111106,fuzzy,up2010__row12199
Gorakhpur,Uruvaon,Mahui Bu,Mahui Bujurg,67112,0.11111111111111122,fuzzy,up2010__row29302
Gorakhpur,Uruvaon,Lakhu Buzurg,Mahui Bujurg,67112,0.1666666666666667,fuzzy,up2010__row33840
Gorakhpur,Uruvaon,Purwa,Purwa,67131,0,exact,up2010__row21415
Gorakhpur,Uruvaon,Uruwa,Purwa,67131,0.13333333333333336,fuzzy,up2010__row48883
Hamirpur,Maudha,Parchha,Parchha,67280,0,exact,up2010__row20106
Hamirpur,Maudha,Parchakh,Parchha,67280,0.08928571428571432,fuzzy,up2010__row20105
Hamirpur,Muskra,Bandhur Buzurg,Bandhurbujurg,67300,0.07326007326007335,fuzzy,up2010__row24635
Hamirpur,Muskra,Bandhurkurd,Bandhurbujurg,67300,0.16317016317016325,fuzzy,up2010__row24636
Hamirpur,Sarila,Khandaut,Khandaut,67400,0,exact,up2010__row44734
Hamirpur,Sarila,Chandout,Khandaut,67400,0.1666666666666667,fuzzy,up2010__row11384
Hamirpur,Sumerpur,Kalla,Kalla,67442,0,exact,up2010__row44851
Hamirpur,Sumerpur,Kalolijar,Kalla,67442,0.14814814814814825,fuzzy,up2010__row44847
Hamirpur,Sumerpur,Mauhar,Mauhar,67446,0,exact,up2010__row44839
Hamirpur,Sumerpur,Saughar,Mauhar,67446,0.1507936507936509,fuzzy,up2010__row39643
Hardoi,Barkhani,Baraura,Baruara,67717,0.04761904761904765,fuzzy,up2010__row22843
Hardoi,Barkhani,Baruaara,Baruara,67717,0.08928571428571432,fuzzy,up2010__row23761
Hardoi,Bilgraam,Hasanapur,Hasnapur,67813,0.07870370370370378,fuzzy,up2010__row40361
Hardoi,Bilgraam,Sarhiapur,Hasnapur,67813,0.16335978835978843,fuzzy,up2010__row36197
Hardoi,Kothawan,Jharoia,Jharoyia,68009,0.04166666666666672,fuzzy,up2010__row14050
Hardoi,Kothawan,Hareya,Jharoyia,68009,0.18055555555555555,fuzzy,up2010__row40208
Hardoi,Kothawan,Than Gaon,Than Gaon,68036,0,exact,up2010__row15822
Hardoi,Kothawan,Bhaingaon,Than Gaon,68036,0.14814814814814825,fuzzy,up2010__row27314
Hardoi,Madhauganj,Gaura,Gaura,68057,0,exact,up2010__row10733
Hardoi,Madhauganj,Gautora,Gaura,68057,0.09523809523809525,fuzzy,up2010__row10693
Hardoi,Mallawan,Bansa,Bansa,68105,0,exact,up2010__row24807
Hardoi,Mallawan,Barona,Bansa,68105,0.17777777777777778,fuzzy,up2010__row23825
Hardoi,Shahabaad,Harrai,Dhiarai,68338,0.1507936507936509,fuzzy,up2010__row46536
Hardoi,Shahabaad,Dhierai,Dhiarai,68338,0.1507936507936509,fuzzy,up2010__row46561
Hardoi,Shahabaad,Miyapur,Miyanpur,68361,0.04166666666666672,fuzzy,up2010__row46548
Hardoi,Shahabaad,Manglipur,Miyanpur,68361,0.19444444444444453,fuzzy,up2010__row46538
Hardoi,Shahabaad,Nagla Khanpur,Nagla Khanpur,68365,0,exact,up2010__row17849
Hardoi,Shahabaad,Nagla kallu,Nagla Khanpur,68365,0.16317016317016325,fuzzy,up2010__row46554
Hardoi,Shahabaad,Shankarpur,Shankarpur,68382,0,exact,up2010__row35237
Hardoi,Shahabaad,Udharanpur,Shankarpur,68382,0.17500000000000002,fuzzy,up2010__row4304
Hardoi,Shahabaad,Sikanderpur Naraktara,Sikandarpur Narkatra,68385,0.10753968253968266,fuzzy,up2010__row37733
Hardoi,Shahabaad,Sikandarapur Kallu,Sikandarpur Narkatra,68385,0.1944444444444444,fuzzy,up2010__row46555
Hardoi,Surusa,Achhramau,Achra Mau,68389,0.07407407407407415,fuzzy,up2010__row1913
Hardoi,Surusa,Kehramau,Achra Mau,68389,0.19444444444444453,fuzzy,up2010__row7519
Hardoi,Surusa,Bausra,Bausra,68396,0,exact,up2010__row46600
Hardoi,Surusa,Jaura,Bausra,68396,0.17777777777777778,fuzzy,up2010__row46596
Hardoi,Surusa,Sarsaiya,Sarsaiya,68436,0,exact,up2010__row36686
Hardoi,Surusa,Saraiya,Sarsaiya,68436,0.04166666666666672,fuzzy,up2010__row36991
Jalaun,Kadoura,Bara,Bara,68713,0,exact,up2010__row43914
Jalaun,Kadoura,Bardauli,Bara,68713,0.1666666666666667,fuzzy,up2010__row23529
Jalaun,Kadoura,Margaiya,Margaya,68748,0.04166666666666672,fuzzy,up2010__row43922
Jalaun,Kadoura,Masgayao,Margaya,68748,0.130952380952381,fuzzy,up2010__row28858
Jalaun,Kochan,Chhani,Chhani,68797,0,exact,up2010__row44071
Jalaun,Kochan,Chaudani,Chhani,68797,0.18055555555555555,fuzzy,up2010__row44099
Jalaun,Kuthound,Daulatpur,Daulatpur,68849,0,exact,up2010__row17043
Jalaun,Kuthound,Daunapur,Daulatpur,68849,0.11574074074074082,fuzzy,up2010__row44061
Jalaun,Kuthound,Taulkapur,Daulatpur,68849,0.14814814814814825,fuzzy,up2010__row15742
Jalaun,Nadigaon,Kaila,Kailia,69046,0.05555555555555556,fuzzy,up2010__row44050
Jalaun,Nadigaon,Khutaila,Kailia,69046,0.18055555555555555,fuzzy,up2010__row8862
Jalaun,Nadigaon,Raba,Rawa,69077,0.1666666666666667,fuzzy,up2010__row31651
Jalaun,Nadigaon,Rudawali,Rawa,69077,0.1666666666666667,fuzzy,up2010__row33076
Jaunpur,Badlapur,Baluwa,Balua,69141,0.05555555555555556,fuzzy,up2010__row50857
Jaunpur,Badlapur,Bhalu vahi,Balua,69141,0.1666666666666667,fuzzy,up2010__row50860
Jaunpur,Badlapur,Sadhapur,Sarhapur,69204,0.08333333333333338,fuzzy,up2010__row50836
Jaunpur,Badlapur,Sarokhanpur,Sarhapur,69204,0.09090909090909088,fuzzy,up2010__row50867
Jaunpur,Barsathi,Barsathi,Barsathi,69307,0,exact,up2010__row23613
Jaunpur,Barsathi,Barethi,Barsathi,69307,0.130952380952381,fuzzy,up2010__row23778
Jaunpur,Karanja Kala,Aurahi,Aurahi,69540,0,exact,up2010__row4893
Jaunpur,Karanja Kala,Ara,Aurahi,69540,0.1666666666666667,fuzzy,up2010__row3543
Jaunpur,Kerakat,Dehri,Dehari,69644,0.05555555555555556,fuzzy,up2010__row14845
Jaunpur,Kerakat,Devarai,Dehari,69644,0.1507936507936509,fuzzy,up2010__row16774
Jaunpur,Khutahan,Jamaluddinpur,Jamaluddinpur,69717,0,exact,up2010__row12973
Jaunpur,Khutahan,Veesamssauddinpur,Jamaluddinpur,69717,0.16892911010558073,fuzzy,up2010__row35079
Jaunpur,Khutahan,Khanpur,Khanpur,69725,0,exact,up2010__row8638
Jaunpur,Khutahan,Bhikhanapur,Khanpur,69725,0.1688311688311689,fuzzy,up2010__row27041
Jaunpur,Machhalishahr,Jagdishpur,Jagadishpur,69792,0.03030303030303033,fuzzy,up2010__row12624
Jaunpur,Machhalishahr,Jagdishpur ( Mu ० ),Jagadishpur,69792,0.16755793226381474,fuzzy,up2010__row12628
Jaunpur,Madiyahu,Imam Shahpur,Imamshahpur,69936,0.02777777777777788,fuzzy,up2010__row3935
Jaunpur,Madiyahu,Dashrathpur,Imamshahpur,69936,0.18181818181818185,fuzzy,up2010__row16123
Jaunpur,Mugrabadshahapur,Itara,Itahara,70074,0.16190476190476197,fuzzy,up2010__row3740
Jaunpur,Mugrabadshahapur,Satharia,Itahara,70074,0.18650793650793648,fuzzy,up2010__row36228
Jaunpur,Sikarara,Saidpur,Saidpur,70426,0,exact,up2010__row50958
Jaunpur,Sikarara,Saidnapur,Saidpur,70426,0.07407407407407415,fuzzy,up2010__row39265
Jaunpur,Srikoni,Bahripur,Baharipur,70439,0.037037037037037104,fuzzy,up2010__row24319
Jaunpur,Srikoni,Shahbarepur,Baharipur,70439,0.16961279461279474,fuzzy,up2010__row35569
Jaunpur,Sujangang,Padua,Parua,70620,0.13333333333333336,fuzzy,up2010__row19999
Jaunpur,Sujangang,Aruao,Parua,70620,0.13333333333333336,fuzzy,up2010__row2756
Jaunpur,Sujangang,Taraapur,Tarapur,70643,0.04166666666666672,fuzzy,up2010__row15269
Jaunpur,Sujangang,Tarsau,Tarapur,70643,0.1507936507936509,fuzzy,up2010__row15139
Jhanshi,Babina,Safa,Safa,70690,0,exact,up2010__row36388
Jhanshi,Babina,Sawa,Safa,70690,0.1666666666666667,fuzzy,up2010__row37271
Jhanshi,Bamour,Doori,Deori,70754,0.13333333333333336,fuzzy,up2010__row44392
Jhanshi,Bamour,Devari,Deori,70754,0.17777777777777778,fuzzy,up2010__row44389
Jhanshi,Bamour,Patha,Patha,70783,0,exact,up2010__row19764
Jhanshi,Bamour,Pathraidi,Patha,70783,0.14814814814814825,fuzzy,up2010__row44385
Jhanshi,Chirgaon,Bajhera,Bajhera,70852,0,exact,up2010__row22686
Jhanshi,Chirgaon,Baghera,Bajhera,70852,0.09523809523809525,fuzzy,up2010__row22567
Jhanshi,Chirgaon,Baral,Baral,70856,0,exact,up2010__row44502
Jhanshi,Chirgaon,Baraul,Baral,70856,0.05555555555555556,fuzzy,up2010__row23835
Jhanshi,Chirgaon,Nari,Nari,70886,0,exact,up2010__row18362
Jhanshi,Chirgaon,Pandri,Nari,70886,0.19444444444444453,fuzzy,up2010__row44496
Jhanshi,Chirgaon,Pachar,Pachar,70887,0,exact,up2010__row19595
Jhanshi,Chirgaon,Pacchargarh,Pachar,70887,0.15151515151515157,fuzzy,up2010__row19633
Jhanshi,Moth,Kadura,Kadura,71050,0,exact,up2010__row44513
Jhanshi,Moth,Kaur,Kadura,71050,0.11111111111111122,fuzzy,up2010__row44544
Jhanshi,Moth,Sesa,Sesa,71078,0,exact,up2010__row39198
Jhanshi,Moth,Sena,Sesa,71078,0.1666666666666667,fuzzy,up2010__row44524
Kannauj,Chhibramau,Mahmudpur Jagir,Mahmudpur Jagir,71127,0,exact,up2010__row43126
Kannauj,Chhibramau,Mahmudpur Kirat,Mahmudpur Jagir,71127,0.1273504273504274,fuzzy,up2010__row29039
Kannauj,Jalalabad,Khudlapur,Khudlapur,71210,0,exact,up2010__row8875
Kannauj,Jalalabad,Kulhapur,Khudlapur,71210,0.0995370370370371,fuzzy,up2010__row7378
Kannauj,Kannauj,Gangadharapur,Gangdharapur,71248,0.0950854700854701,fuzzy,up2010__row43117
Kannauj,Kannauj,Madharpur,Gangdharapur,71248,0.14814814814814825,fuzzy,up2010__row28110
Kannauj,Kannauj,Mahmudapur,Mahmudapur,71264,0,exact,up2010__row43106
Kannauj,Kannauj,Mahmudpur Bija,Mahmudapur,71264,0.15238095238095248,fuzzy,up2010__row29054
Kannauj,Kannauj,Nasrapur,Nazarapur,71276,0.16335978835978843,fuzzy,up2010__row18518
Kannauj,Kannauj,Najrapur,Nazarapur,71276,0.16335978835978843,fuzzy,up2010__row43111
Kannauj,Kannauj,Sahillapur,Sahillapur,71286,0,exact,up2010__row43116
Kannauj,Kannauj,Sihapur,Sahillapur,71286,0.14761904761904773,fuzzy,up2010__row43098
Kannauj,Saurkh,Rasulpur,Rasulpur,71343,0,exact,up2010__row31806
Kannauj,Saurkh,Ejazulpur,Rasulpur,71343,0.19444444444444453,fuzzy,up2010__row4053
Kannauj,Umarda,Patti Pavora,Patti Pawora,71471,0.055555555555555705,fuzzy,up2010__row43149
Kannauj,Umarda,Patti Kadera,Patti Pawora,71471,0.1666666666666667,fuzzy,up2010__row19737
Kanpur Nagar,Chaubepur,Nadupur,Nadupur,72241,0,exact,up2010__row18657
Kanpur Nagar,Chaubepur,Nathupur,Nadupur,72241,0.130952380952381,fuzzy,up2010__row18639
Kanpur Nagar,Ghatampur,Maidhari,Maidhari,72309,0,exact,up2010__row43727
Kanpur Nagar,Ghatampur,Mada,Maidhari,72309,0.1666666666666667,fuzzy,up2010__row43706
Kanpur Nagar,Sarasaul,Naraura,Naraura,72481,0,exact,up2010__row43599
Kanpur Nagar,Sarasaul,Narayanpur,Naraura,72481,0.17142857142857146,fuzzy,up2010__row43589
Kanpur Nagar,Shivrajpur,Dinkarpur,Dinkarpur,72527,0,exact,up2010__row16320
Kanpur Nagar,Shivrajpur,Sikandarpur,Dinkarpur,72527,0.19044612794612809,fuzzy,up2010__row43671
Kanpur Nagar,Shivrajpur,Maharajanagar,Maharaj Nagar,72545,0.1068376068376068,fuzzy,up2010__row43662
Kanpur Nagar,Shivrajpur,Marhamatnagar,Maharaj Nagar,72545,0.1480186480186481,fuzzy,up2010__row43672
Kaushambi,Chayal,Mohammadpur,Mohammadpur,72643,0,exact,up2010__row45490
Kaushambi,Chayal,Mahmudpur,Mohammadpur,72643,0.16961279461279474,fuzzy,up2010__row45488
Kaushambi,Muratganj,RasulPurBadle,Rasulpur Badlai,72859,0.09230769230769233,fuzzy,up2010__row31922
Kaushambi,Muratganj,Rasulpurkazi,Rasulpur Badlai,72859,0.1666666666666667,fuzzy,up2010__row31918
Kaushambi,NEWADA,Khanpur,Khanpur,72904,0,exact,up2010__row8625
Kaushambi,NEWADA,Khapra,Khanpur,72904,0.1507936507936509,fuzzy,up2010__row45466
Kaushambi,Sarsawa,Mawai,Mawai,72968,0,exact,up2010__row45509
Kaushambi,Sarsawa,Umrawa,Mawai,72968,0.17777777777777778,fuzzy,up2010__row4402
Kaushambi,Sarsawa,Alwara,Palara,72971,0.11111111111111106,fuzzy,up2010__row2811
Kaushambi,Sarsawa,Palra,Palara,72971,0.12222222222222213,fuzzy,up2010__row20486
Kaushambi,Sarsawa,Purba Sarawan,Purab Sarawan,72975,0.025641025641025605,fuzzy,up2010__row45505
Kaushambi,Sarsawa,Purab Sharera,Purab Sarawan,72975,0.15384615384615394,fuzzy,up2010__row21568
Kaushambi,Sirathu,Ahirara,Ahirara,72989,0,exact,up2010__row3301
Kaushambi,Sirathu,Gabhirapurba,Ahirara,72989,0.1388888888888889,fuzzy,up2010__row45521
Lakhimpur Khiri,Bankeganj,Dalpur Grant,Dalpur Grant,73077,0,exact,up2010__row14630
Lakhimpur Khiri,Bankeganj,Datpur Grant,Dalpur Grant,73077,0.055555555555555705,fuzzy,up2010__row14608
Lakhimpur Khiri,Bijua,Padaria Tula,Padariya Tula,73226,0.025641025641025605,fuzzy,up2010__row19802
Lakhimpur Khiri,Bijua,Padarua Tilkapur,Padariya Tula,73226,0.13675213675213677,fuzzy,up2010__row19801
Lakhimpur Khiri,Dhaurhara,Gudaria,Gudaria,73263,0,exact,up2010__row47103
Lakhimpur Khiri,Dhaurhara,Gularia,Gudaria,73263,0.09523809523809525,fuzzy,up2010__row1585
Lakhimpur Khiri,Isanagar,Chandrasakhurd,Chandrasa Khurd,73301,0.0222222222222222,fuzzy,up2010__row11572
Lakhimpur Khiri,Isanagar,Sandora Khurd,Chandrasa Khurd,73301,0.1401709401709403,fuzzy,up2010__row47157
Lakhimpur Khiri,Isanagar,Gaura,Gaura,73312,0,exact,up2010__row10739
Lakhimpur Khiri,Isanagar,Gauri,Gaura,73312,0.13333333333333336,fuzzy,up2010__row47156
Lakhimpur Khiri,Mitauli,Odara,Odara,73579,0,exact,up2010__row47063
Lakhimpur Khiri,Mitauli,Odhara,Odara,73579,0.05555555555555556,fuzzy,up2010__row4756
Lakhimpur Khiri,Nighasan,Bailha,Bailaha,73748,0.10317460317460315,fuzzy,up2010__row25871
Lakhimpur Khiri,Nighasan,Banglaha,Bailaha,73748,0.130952380952381,fuzzy,up2010__row22498
Lakhimpur Khiri,Nighasan,Binaura,Binoura,73761,0.09523809523809525,fuzzy,up2010__row24933
Lakhimpur Khiri,Nighasan,Bhidora,Binoura,73761,0.19047619047619044,fuzzy,up2010__row26958
Lakhimpur Khiri,Palia,Bhaaanpuri colony,Bhan Puri Colony,73813,0.1156045751633987,fuzzy,up2010__row26839
Lakhimpur Khiri,Palia,Ibrahim Puri Colony,Bhan Puri Colony,73813,0.17989766081871356,fuzzy,up2010__row47137
Lakhimpur Khiri,Palia,Maru Aapaschim,Majhara Paschim,73835,0.10671550671550668,fuzzy,up2010__row47115
Lakhimpur Khiri,Palia,Majhra Pashchim,Majhara Paschim,73835,0.12777777777777782,fuzzy,up2010__row47149
Lakhimpur Khiri,Palia,Rani Nagar Colony,Rani Nagar Colony,73854,0,exact,up2010__row47146
Lakhimpur Khiri,Palia,Krishnanagar Colony,Rani Nagar Colony,73854,0.15557275541795665,fuzzy,up2010__row47147
Lakhimpur Khiri,Pasgawan,Badhaiya,Barhaiya,73873,0.08333333333333338,fuzzy,up2010__row22917
Lakhimpur Khiri,Pasgawan,Barnaiya,Barhaiya,73873,0.08333333333333338,fuzzy,up2010__row23544
Lakhimpur Khiri,Pasgawan,Karmulia,Karmuliya,73902,0.037037037037037104,fuzzy,up2010__row5839
Lakhimpur Khiri,Pasgawan,Amaraulia,Karmuliya,73902,0.19576719576719587,fuzzy,up2010__row47096
Lakhimpur Khiri,Pasgawan,Kota,Kota,73913,0,exact,up2010__row7727
Lakhimpur Khiri,Pasgawan,Kotara,Kota,73913,0.11111111111111122,fuzzy,up2010__row7689
Lakhimpur Khiri,Phoolbehad,Pakariya,Pakariya,73997,0,exact,up2010__row19465
Lakhimpur Khiri,Phoolbehad,Padariya Kala,Pakariya,73997,0.1955128205128206,fuzzy,up2010__row19798
Kushinagar,Fazilnagar,Gurwaliya,Gurwalia,74152,0.037037037037037104,fuzzy,up2010__row10084
Kushinagar,Fazilnagar,Ghunwaliya,Gurwalia,74152,0.14166666666666666,fuzzy,up2010__row11063
Kushinagar,Fazilnagar,Hata,Hata,74153,0,exact,up2010__row40439
Kushinagar,Fazilnagar,Bhatwa,Hata,74153,0.11111111111111122,fuzzy,up2010__row26284
Kushinagar,Fazilnagar,Nathapatti,Natha Patti,74175,0.03030303030303033,fuzzy,up2010__row1257
Kushinagar,Fazilnagar,Nauniapatti,Natha Patti,74175,0.18181818181818185,fuzzy,up2010__row19287
Kushinagar,Hata,Bharwaliya,Bharwalia,74205,0.033333333333333416,fuzzy,up2010__row26584
Kushinagar,Hata,BATRAULI,Bharwalia,74205,0.19444444444444453,fuzzy,up2010__row22943
Kushinagar,Hata,Chaprābhagat,Chara Gaha,74208,0.1537037037037038,fuzzy,up2010__row12321
Kushinagar,Hata,Char gahan,Chara Gaha,74208,0.15925925925925932,fuzzy,up2010__row11638
Kushinagar,Hata,Sakrouli,Sakarauli,74264,0.11574074074074082,fuzzy,up2010__row36061
Kushinagar,Hata,Paikauli,Sakarauli,74264,0.19444444444444453,fuzzy,up2010__row21745
Kushinagar,Kaptaiganj,Barwa Khas,Barawa Khas,74273,0.13030303030303025,fuzzy,up2010__row23579
Kushinagar,Kaptaiganj,Barawa Kotwa,Barawa Khas,74273,0.14393939393939392,fuzzy,up2010__row23578
Kushinagar,Kasaya,Dhuriya,Dhuria,74345,0.04761904761904765,fuzzy,up2010__row17545
Kushinagar,Kasaya,Dumri,Dhuria,74345,0.17777777777777778,fuzzy,up2010__row14762
Kushinagar,Kasaya,Madhavpur,Madhwapur,74361,0.07407407407407415,fuzzy,up2010__row28341
Kushinagar,Kasaya,Madanpur,Madhwapur,74361,0.11574074074074082,fuzzy,up2010__row28237
Kushinagar,Kasaya,Piprajham,Pipra Jham,74373,0.033333333333333416,fuzzy,up2010__row21109
Kushinagar,Kasaya,Pipra,Pipra Jham,74373,0.1666666666666667,fuzzy,up2010__row21027
Kushinagar,Kasaya,Shamupur,Shampur,74380,0.08928571428571432,fuzzy,up2010__row35387
Kushinagar,Kasaya,Shahpur,Shampur,74380,0.09523809523809525,fuzzy,up2010__row35468
Kushinagar,Kasaya,Sirsya Khoiha,Sirsiya Khoiya,74382,0.17048229548229551,fuzzy,up2010__row38133
Kushinagar,Kasaya,Sirsia,Sirsiya Khoiya,74382,0.19047619047619044,fuzzy,up2010__row38125
Kushinagar,Khadda,Saalikpur,Salikpur,74435,0.037037037037037104,fuzzy,up2010__row37605
Kushinagar,Khadda,Lakshmipur,Salikpur,74435,0.1500000000000001,fuzzy,up2010__row892
Kushinagar,Moti Chak,Bhaluwa,Bhaluha,74459,0.09523809523809525,fuzzy,up2010__row26667
Kushinagar,Moti Chak,Bahua,Bhaluha,74459,0.16190476190476197,fuzzy,up2010__row24449
Kushinagar,Moti Chak,Mahui,Mahui,74477,0,exact,up2010__row29298
Kushinagar,Moti Chak,Mathouli,Mahui,74477,0.12500000000000006,fuzzy,up2010__row28224
Kushinagar,Nebua Naurangia,Sirsia Khurd,Sirsia Khurd,74565,0,exact,up2010__row38132
Kushinagar,Nebua Naurangia,Sohrakhurd,Sirsia Khurd,74565,0.17777777777777778,fuzzy,up2010__row49318
Kushinagar,Ramkola,Kusumha,Kusumha,74701,0,exact,up2010__row7316
Kushinagar,Ramkola,Kusumhi,Kusumha,74701,0.09523809523809525,fuzzy,up2010__row7320
Kushinagar,Sewarhi,Rajpur Bagha,Rajpur Bagha,74781,0,exact,up2010__row32096
Kushinagar,Sewarhi,Rampur Bagra,Rajpur Bagha,74781,0.11111111111111106,fuzzy,up2010__row32608
Lalitpur,Baar,Udaypura,Udaipura,75066,0.08333333333333338,fuzzy,up2010__row4262
Lalitpur,Baar,Didaura,Udaipura,75066,0.18650793650793648,fuzzy,up2010__row16317
Lalitpur,Jakhaura,Lakhanpura,Lakhanpura,75168,0,exact,up2010__row44347
Lalitpur,Jakhaura,Jakhaura,Lakhanpura,75168,0.14166666666666666,fuzzy,up2010__row44339
Lalitpur,Maraawara,Gadaura,Gadanpur,75218,0.130952380952381,fuzzy,up2010__row9642
Lalitpur,Maraawara,Gadarpur,Gadanpur,75218,0.15476190476190485,fuzzy,up2010__row9617
Lalitpur,Maraawara,Gudha Mandawara,Gurha Madawara,75225,0.14517704517704516,fuzzy,up2010__row10030
Lalitpur,Maraawara,Maraawara,Gurha Madawara,75225,0.15608465608465616,fuzzy,up2010__row28117
Lalitpur,Maraawara,Sarkhari,Sarkhadi,75246,0.08333333333333338,fuzzy,up2010__row44179
Lalitpur,Maraawara,Saurai,Sarkhadi,75246,0.18055555555555555,fuzzy,up2010__row44162
Lalitpur,Talbehat,Baghaura,Baghaura,75307,0,exact,up2010__row44232
Lalitpur,Talbehat,Bamhauri Sar,Baghaura,75307,0.18055555555555555,fuzzy,up2010__row44215
Lucknow,Gosaiganj,Mochaari Kalaa,Mohari Kala,75517,0.17748917748917764,fuzzy,up2010__row31104
Lucknow,Gosaiganj,GoriaKala,Mohari Kala,75517,0.19044612794612809,fuzzy,up2010__row10814
Lucknow,Mohanlalganj,Dehwa,Dewati,75729,0.17777777777777778,fuzzy,up2010__row14847
Lucknow,Mohanlalganj,Devti,Dewati,75729,0.17777777777777778,fuzzy,up2010__row16735
Lucknow,Mohanlalganj,garha,Garha,75732,0,exact,up2010__row9522
Lucknow,Mohanlalganj,Gaura,Garha,75732,0.13333333333333336,fuzzy,up2010__row10734
Hathras,Hasayan,Chaudanpura,Chandanpura,75862,0.11060606060606072,fuzzy,up2010__row12063
Hathras,Hasayan,Manaura,Chandanpura,75862,0.19913419913419916,fuzzy,up2010__row28501
Hathras,Mursan,Arjunpur,Arjunpur,75984,0,exact,up2010__row2793
Hathras,Mursan,Ewarn Pur,Arjunpur,75984,0.19444444444444453,fuzzy,up2010__row4664
Hathras,Sasni,Dariapur,Dariyapur,76125,0.037037037037037104,fuzzy,up2010__row16038
Hathras,Sasni,Dayanatpur,Dariyapur,76125,0.1740740740740741,fuzzy,up2010__row42269
Hathras,Sasni,Jarauli,Harauli,76133,0.09523809523809525,fuzzy,up2010__row13198
Hathras,Sasni,Farauli,Harauli,76133,0.09523809523809525,fuzzy,up2010__row42255
Hathras,Sasni,Hadouli,Harauli,76133,0.19047619047619044,fuzzy,up2010__row39793
Hathras,Sasni,Salempur,Salempur,76166,0,exact,up2010__row42267
Hathras,Sasni,Soddalpur,Salempur,76166,0.19444444444444453,fuzzy,up2010__row39390
Hathras,Sahpau,Parasaura,Parsaura,76214,0.14120370370370378,fuzzy,up2010__row42349
Hathras,Sahpau,Tharaura,Parsaura,76214,0.1666666666666667,fuzzy,up2010__row42357
Maharajganj,Brajamangnaj,Dharecha,Dhareacha,76286,0.0995370370370371,fuzzy,up2010__row17380
Maharajganj,Brajamangnaj,Dharaiichi,Dhareacha,76286,0.1740740740740741,fuzzy,up2010__row17381
Maharajganj,Brajamangnaj,Mahuari,Mahuari,76306,0,exact,up2010__row29289
Maharajganj,Brajamangnaj,Mahulani,Mahuari,76306,0.130952380952381,fuzzy,up2010__row29320
Maharajganj,Brajamangnaj,Matihanwa,Matihanwa,76307,0,exact,up2010__row28028
Maharajganj,Brajamangnaj,Mainhwa,Matihanwa,76307,0.16931216931216936,fuzzy,up2010__row30823
Maharajganj,Ghughli,Laxmipur Shivala,Lakshmipur Shivala,76382,0.16527777777777775,fuzzy,up2010__row33516
Maharajganj,Ghughli,Laskhmipur Mahnath,Lakshmipur Shivala,76382,0.19576719576719587,fuzzy,up2010__row33515
Maharajganj,Mithoura,Dharmoli,Dharmauli,76562,0.11574074074074082,fuzzy,up2010__row49186
Maharajganj,Mithoura,Dharampur,Dharmauli,76562,0.19576719576719587,fuzzy,up2010__row49188
Maharajganj,Nautanwa,Amhawa,Amahwa,76622,0.05555555555555556,fuzzy,up2010__row49270
Maharajganj,Nautanwa,Ramgarhwa,Amahwa,76622,0.11111111111111122,fuzzy,up2010__row49264
Maharajganj,Nautanwa,Nipaniya,Nipania,76675,0.04166666666666672,fuzzy,up2010__row18851
Maharajganj,Nautanwa,Nauniya,Nipania,76675,0.19047619047619044,fuzzy,up2010__row19286
Maharajganj,Nichlaul,Bharwaliya,Bharwaliya,76719,0,exact,up2010__row26583
Maharajganj,Nichlaul,Baitwalia,Bharwaliya,76719,0.1740740740740741,fuzzy,up2010__row25792
Maharajganj,Nichlaul,Kaima,Kaima,76739,0,exact,up2010__row49240
Maharajganj,Nichlaul,Kanmiswa,Kaima,76739,0.19166666666666676,fuzzy,up2010__row5391
Maharajganj,Paniyara,Sauraha,Aurahiya,76785,0.130952380952381,fuzzy,up2010__row39677
Maharajganj,Paniyara,Auriya,Aurahiya,76785,0.1666666666666667,fuzzy,up2010__row4891
Maharajganj,Paniyara,Baida,Baida,76789,0,exact,up2010__row25800
Maharajganj,Paniyara,Basdila,Baida,76789,0.16190476190476197,fuzzy,up2010__row24064
Maharajganj,Paniyara,Jaadar,Jadar,76809,0.12222222222222213,fuzzy,up2010__row12799
Maharajganj,Paniyara,Jardia,Jadar,76809,0.15555555555555564,fuzzy,up2010__row13209
Maharajganj,Partawal,Mahdeva,Mahadeva,76888,0.13690476190476192,fuzzy,up2010__row28957
Maharajganj,Partawal,Mahmadha,Mahadeva,76888,0.1666666666666667,fuzzy,up2010__row28998
Maharajganj,Siswa Bazar,Gaura,Gaura,77006,0,exact,up2010__row10748
Maharajganj,Siswa Bazar,Gauri,Gaura,77006,0.13333333333333336,fuzzy,up2010__row49198
Maharajganj,Siswa Bazar,Ranipur,Ranipur,77040,0,exact,up2010__row32261
Maharajganj,Siswa Bazar,Raipur,Ranipur,77040,0.04761904761904765,fuzzy,up2010__row49199
Mahoba,Charkhari,Baari,Bari,77066,0.06666666666666678,fuzzy,up2010__row1486
Mahoba,Charkhari,Behari,Bari,77066,0.11111111111111122,fuzzy,up2010__row440
Mahoba,Kabrai,Barabai,Barbai,77165,0.10317460317460315,fuzzy,up2010__row23549
Mahoba,Kabrai,Barbhauli,Barbai,77165,0.11111111111111122,fuzzy,up2010__row23553
Mahoba,Kabrai,Chichara,Chichara,77175,0,exact,up2010__row11818
Mahoba,Kabrai,Chikhara,Chichara,77175,0.08333333333333338,fuzzy,up2010__row12383
Mahoba,Kabrai,Kaharā,Kahara,77188,0,exact,up2010__row6310
Mahoba,Kabrai,Pahara,Kahara,77188,0.11111111111111106,fuzzy,up2010__row20634
Mainpuri,Barnahal,Addupur,Andupur,77302,0.09523809523809525,fuzzy,up2010__row2184
Mainpuri,Barnahal,Dalupur,Andupur,77302,0.1507936507936509,fuzzy,up2010__row14634
Mainpuri,Bebar,Bara,Bara,77363,0,exact,up2010__row42917
Mainpuri,Bebar,Barauli,Bara,77363,0.142857142857143,fuzzy,up2010__row42901
Mainpuri,Ghiror,Fazilpur,Fazilpur,77449,0,exact,up2010__row22235
Mainpuri,Ghiror,Faizpur,Fazilpur,77449,0.08928571428571432,fuzzy,up2010__row42847
Mainpuri,Kurawli,Bhanpura,Bhanpur,77639,0.04166666666666672,fuzzy,up2010__row26837
Mainpuri,Kurawli,Bishanpur,Bhanpur,77639,0.07407407407407415,fuzzy,up2010__row25050
Mainpuri,Mainpuri,Barauli,Barauli,77694,0,exact,up2010__row23852
Mainpuri,Mainpuri,Asauli,Barauli,77694,0.1507936507936509,fuzzy,up2010__row42822
Mainpuri,Mainpuri,Dharmanagdpuraura,Dharmangadpur Jaurai,77700,0.069607843137255,fuzzy,up2010__row17330
Mainpuri,Mainpuri,Dharmgadpur Nagaria,Dharmangadpur Jaurai,77700,0.15272904483430805,fuzzy,up2010__row17331
Mainpuri,Sultanganj,Simrai,Simarai,77794,0.10317460317460315,fuzzy,up2010__row38018
Mainpuri,Sultanganj,Sara,Simarai,77794,0.142857142857143,fuzzy,up2010__row37468
Mau,Dohrighat,Bahadurpur,Bahadur Pur,78346,0.03030303030303033,fuzzy,up2010__row24413
Mau,Dohrighat,Bhairaupur,Bahadur Pur,78346,0.18653198653198652,fuzzy,up2010__row27349
Mau,Dohrighat,Nurullahpur,Nasrullahpur,78388,0.13585858585858596,fuzzy,up2010__row19005
Mau,Dohrighat,Rasulpur,Nasrullahpur,78388,0.17361111111111122,fuzzy,up2010__row31833
Mau,Ghosi,Dharouli,Dharauli,78496,0.08333333333333338,fuzzy,up2010__row49564
Mau,Ghosi,Barauli,Dharauli,78496,0.130952380952381,fuzzy,up2010__row23875
Mau,Kopaganj,Daari,Adari,78545,0.06666666666666678,fuzzy,up2010__row14614
Mau,Kopaganj,Adari Dehat,Adari,78545,0.18181818181818185,fuzzy,up2010__row2172
Mau,Kopaganj,Para,Bara,78549,0.1666666666666667,fuzzy,up2010__row20808
Mau,Kopaganj,Wara,Bara,78549,0.1666666666666667,fuzzy,up2010__row34596
Mau,Muhammadabad,Bandi Kala,Bandi Kala,78618,0,exact,up2010__row23214
Mau,Muhammadabad,Bhāṇṭīkalā,Bandi Kala,78618,0.13333333333333336,fuzzy,up2010__row49665
Mau,Muhammadabad,BandiGhat,Bandighat,78619,0,exact,up2010__row49650
Mau,Muhammadabad,Bardiha,Bandighat,78619,0.1587301587301588,fuzzy,up2010__row23497
Mau,Muhammadabad,Saidpur,Saidpur,78667,0,exact,up2010__row39281
Mau,Muhammadabad,Validpur,Saidpur,78667,0.130952380952381,fuzzy,up2010__row49676
Mau,Pardha,Harpur,Harpur,78694,0,exact,up2010__row40060
Mau,Pardha,Hardaspur,Harpur,78694,0.11111111111111122,fuzzy,up2010__row39954
Mau,Pardha,Bahripur,Harpur,78694,0.1388888888888889,fuzzy,up2010__row24318
Mau,Pardha,Inderpur,Khnderaypur,78700,0.16287878787878796,fuzzy,up2010__row3830
Mau,Pardha,Khandehraipur,Khnderaypur,78700,0.1905594405594406,fuzzy,up2010__row8299
Mau,Pardha,Tajipur,Tajpur,78726,0.04761904761904765,fuzzy,up2010__row15236
Mau,Pardha,Tajpur Patila,Tajpur,78726,0.1794871794871795,fuzzy,up2010__row15227
Mau,Pardha,Manpur,Umapur,78728,0.11111111111111106,fuzzy,up2010__row29610
Mau,Pardha,Umapar,Umapur,78728,0.11111111111111106,fuzzy,up2010__row4454
Mau,Ranipur,Amarhaṭ,Amarhat,78732,0,exact,up2010__row49608
Mau,Ranipur,Amrihan,Amarhat,78732,0.19047619047619044,fuzzy,up2010__row2543
Mau,Ranipur,Mirzapur,Mirzapur,78782,0,exact,up2010__row29846
Mau,Ranipur,Mirzapur Alipur,Mirzapur,78782,0.15555555555555564,fuzzy,up2010__row29853
Meerut,Machhra,Etamaadpur,Atmadpur,79036,0.10833333333333345,fuzzy,up2010__row4683
Meerut,Machhra,Amarpur,Atmadpur,79036,0.130952380952381,fuzzy,up2010__row2419
Meerut,Parikshitgarh,Gesupur Uttari,Gesupur Shumali,79159,0.1603174603174604,fuzzy,up2010__row10246
Meerut,Parikshitgarh,Gesupur Dakshini,Gesupur Shumali,79159,0.19166666666666676,fuzzy,up2010__row10247
Meerut,Rajpura,Sadharanpur,Sadharanpur,79226,0,exact,up2010__row37541
Meerut,Rajpura,Salarpur,Sadharanpur,79226,0.16287878787878796,fuzzy,up2010__row37596
Meerut,Rajpura,Sisauli,Sial,79229,0.142857142857143,fuzzy,up2010__row38334
Meerut,Rajpura,Syal,Sial,79229,0.1666666666666667,fuzzy,up2010__row39700
Mirzapur,Chhaanbe,Bhilgaur,Bhilgaur,79359,0,exact,up2010__row360
Mirzapur,Chhaanbe,Bhillaura,Bhilgaur,79359,0.11574074074074082,fuzzy,up2010__row352
Mirzapur,Chhaanbe,Gaura,Gaura,79376,0,exact,up2010__row318
Mirzapur,Chhaanbe,Gonaoura,Gaura,79376,0.12500000000000006,fuzzy,up2010__row10401
Mirzapur,Chhaanbe,Sikara Kala,Sikara Kala,79418,0,exact,up2010__row37764
Mirzapur,Chhaanbe,Bihsara Kala,Sikara Kala,79418,0.1191919191919192,fuzzy,up2010__row25091
Mirzapur,Lalganj,Duarkhurd,Dubar Khurd,79646,0.06060606060606061,fuzzy,up2010__row16581
Mirzapur,Lalganj,Tenduak Hurd,Dubar Khurd,79646,0.18097643097643099,fuzzy,up2010__row15638
Mirzapur,Narayanpur,Hansapur,Hasapur,79841,0.04166666666666672,fuzzy,up2010__row51459
Mirzapur,Narayanpur,Shahpur,Hasapur,79841,0.17857142857142858,fuzzy,up2010__row35476
Mirzapur,Narayanpur,Mirapur,Mirapur,79853,0,exact,up2010__row51465
Mirzapur,Narayanpur,Ibrapur,Mirapur,79853,0.09523809523809525,fuzzy,up2010__row51456
Mirzapur,Narayanpur,Rasulpur,Rasulpur,79877,0,exact,up2010__row31841
Mirzapur,Narayanpur,Rajupur,Rasulpur,79877,0.130952380952381,fuzzy,up2010__row51453
Mirzapur,Narayanpur,Shivpur,Shivpur,79886,0,exact,up2010__row51432
Mirzapur,Narayanpur,Shripur,Shivpur,79886,0.09523809523809525,fuzzy,up2010__row51438
Mirzapur,Pahadi,Gahira,Gahira,79910,0,exact,up2010__row51411
Mirzapur,Pahadi,Dadhiram,Gahira,79910,0.18055555555555555,fuzzy,up2010__row16220
Mirzapur,Pahadi,Madhopur,Madhopur,79919,0,exact,up2010__row51414
Mirzapur,Pahadi,Manojpur,Madhopur,79919,0.1666666666666667,fuzzy,up2010__row51409
Mirzapur,Seekhar,Bataua,Bataua,80063,0,exact,up2010__row1482
Mirzapur,Seeti,Bhatauli,Bataua,80063,0.18055555555555555,fuzzy,up2010__row26272
Mirzapur,Seekhar,Vidapur,Bidapur,80064,0.09523809523809525,fuzzy,up2010__row455
Mirzapur,Seeti,Birpur,Bidapur,80064,0.1507936507936509,fuzzy,up2010__row51296
Mirzapur,Seekhar,Vitthalpur,Biththalpur,80065,0.13097643097643102,fuzzy,up2010__row34745
Mirzapur,Seeti,Birshahpur,Biththalpur,80065,0.19924242424242428,fuzzy,up2010__row25190
Mirzapur,Seekhar,Chhitakpur,Chhitakpur,80066,0,exact,up2010__row140
Mirzapur,Seeti,Chheetpur,Chhitakpur,80066,0.1740740740740741,fuzzy,up2010__row12453
Mirzapur,Seeti,Chitaunpur,Chhitakpur,80066,0.17500000000000002,fuzzy,up2010__row11856
Mirzapur,Seekhar,Dhaneta,Dhanaita,80067,0.18650793650793648,fuzzy,up2010__row601
Mirzapur,Seeti,Dhanipatti,Dhanaita,80067,0.1892857142857144,fuzzy,up2010__row51280
Mirzapur,Seeti,Mahewa,Katherwa,80073,0.18055555555555555,fuzzy,up2010__row51286
Mirzapur,Seeti,Katran,Katherwa,80073,0.18055555555555555,fuzzy,up2010__row5330
Mirzapur,Seekhar,Khair,Khaira,80075,0.05555555555555556,fuzzy,up2010__row856
Mirzapur,Seeti,Kharhara,Khaira,80075,0.18055555555555555,fuzzy,up2010__row8503
Mirzapur,Seekhar,Khanpur,Khanpur,80076,0,exact,up2010__row8639
Mirzapur,Seeti,Khajuri,Khanpur,80076,0.19047619047619044,fuzzy,up2010__row51275
Mirzapur,Seeti,Kushahan,Kushha,80077,0.1388888888888889,fuzzy,up2010__row7268
Mirzapur,Seekhar,Kushahan,Kushha,80077,0.1388888888888889,fuzzy,up2010__row7269
Mirzapur,Seekhar,Ramgarh Kala,Ramgarh Kala,80086,0,exact,up2010__row32328
Mirzapur,Seeti,Mahuari Kala,Ramgarh Kala,80086,0.16111111111111118,fuzzy,up2010__row51298
Mirzapur,Seekhar,Rudoli,Rudauli,80087,0.1507936507936509,fuzzy,up2010__row33081
Mirzapur,Seeti,Adhauli,Rudauli,80087,0.19047619047619044,fuzzy,up2010__row51277
Muradabad,Bahjoi,Raj Pur,Rajpur,80219,0.04761904761904765,fuzzy,up2010__row32070
Muradabad,Bahjoi,Mirzapur,Rajpur,80219,0.18055555555555555,fuzzy,up2010__row41491
Muradabad,Bilari,Bagpura,Bagpura,80375,0,exact,up2010__row22485
Muradabad,Bilari,Bagrau,Bagpura,80375,0.130952380952381,fuzzy,up2010__row22496
Muradabad,Dingarpur (Kundarki),Takhatpur Hasha,Takhtpur Hasha,80692,0.14126984126984127,fuzzy,up2010__row15077
Muradabad,Dingarpur (Kundarki),Takhtpur allaah,Takhtpur Hasha,80692,0.1420634920634922,fuzzy,up2010__row15076
Muradabad,Muradabad,Wagadpur,Bagadpur,80697,0.08333333333333338,fuzzy,up2010__row650
Muradabad,Muradabad,Agwanpur,Bagadpur,80697,0.1666666666666667,fuzzy,up2010__row1855
Muradabad,Muradabad,Shahpur Mustakam,Shahpur Mustahkam,80736,0.019607843137254888,fuzzy,up2010__row35548
Muradabad,Muradabad,Maura Mustakam,Shahpur Mustahkam,80736,0.14565826330532225,fuzzy,up2010__row31201
Muradabad,Mudhaa Pandey,Karanpur,Karanpur,80774,0,exact,up2010__row41504
Muradabad,Mudhaa Pandey,Govardhanpur,Karanpur,80774,0.18055555555555555,fuzzy,up2010__row10584
Muradabad,Mudhaa Pandey,Sarkada Khas,Sarkara Khas,80806,0.055555555555555705,fuzzy,up2010__row41511
Muradabad,Mudhaa Pandey,Barbara Khas,Sarkara Khas,80806,0.1944444444444444,fuzzy,up2010__row873
Muradabad,Sambhal,Badraula,Bhadraola,80903,0.11574074074074082,fuzzy,up2010__row26367
Muradabad,Sambhal,Bhadwada,Bhadraola,80903,0.19444444444444453,fuzzy,up2010__row26305
Muradabad,Sambhal,Palta,Paltha,80952,0.05555555555555556,fuzzy,up2010__row20546
Muradabad,Sambhal,Pauta,Paltha,80952,0.17777777777777778,fuzzy,up2010__row21847
Muradabad,Thakurdwara,Dulhapur Patti Jat,Dhulapur Patti Jat,80990,0.02777777777777788,fuzzy,up2010__row16573
Muradabad,Thakurdwara,Dulhapur Patti Chauhan,Dhulapur Patti Jat,80990,0.15919612794612809,fuzzy,up2010__row16618
Muzzafarnagar,Budhana,Itawah,Itawa,81107,0.05555555555555556,fuzzy,up2010__row3754
Muzzafarnagar,Budhana,Bitawada,Itawa,81107,0.12500000000000006,fuzzy,up2010__row24908
Muzzafarnagar,Kairana,Jahanpura,Jahanpur,81270,0.037037037037037104,fuzzy,up2010__row13432
Muzzafarnagar,Kairana,JahaAlippur,Jahanpur,81270,0.16287878787878796,fuzzy,up2010__row13403
Muzzafarnagar,Kandla,Matnawali,Matnawali,81315,0,exact,up2010__row28182
Muzzafarnagar,Kandla,Sarnawali,Matnawali,81315,0.14814814814814825,fuzzy,up2010__row36618
Muzzafarnagar,Khatauli,Khanpur,Khaanpur,81356,0.04166666666666672,fuzzy,up2010__row8612
Muzzafarnagar,Khatauli,Ratanpuri,Khaanpur,81356,0.19444444444444453,fuzzy,up2010__row31557
Muzzafarnagar,Morna,Kakarala,Kakarauli,81414,0.11574074074074082,fuzzy,up2010__row4973
Muzzafarnagar,Morna,Kakaroli,Kakarauli,81414,0.11574074074074082,fuzzy,up2010__row4995
Muzzafarnagar,Sadar,Rampur,Rampur,81479,0,exact,up2010__row32434
Muzzafarnagar,Sadar,Mirapur,Rampur,81479,0.130952380952381,fuzzy,up2010__row30052
Muzzafarnagar,Sadar,Alampur,Rampur,81479,0.1507936507936509,fuzzy,up2010__row40900
Muzzafarnagar,Sadar,Sandhawali,Sandhawli,81483,0.033333333333333416,fuzzy,up2010__row36318
Muzzafarnagar,Sadar,Sahawali,Sandhawli,81483,0.11574074074074082,fuzzy,up2010__row40901
Muzzafarnagar,Shamli,Karaudi,Karaunda,81594,0.130952380952381,fuzzy,up2010__row5986
Muzzafarnagar,Shamli,Karauda Hathi,Karaunda,81594,0.1955128205128206,fuzzy,up2010__row6002
Muzzafarnagar,Un,Taprana,Taprana,81714,0,exact,up2010__row14161
Muzzafarnagar,Un,Taana,Taprana,81714,0.09523809523809525,fuzzy,up2010__row40927
Pilibhit,Bilsanda,Chaparwa Kuyan,Chaprua Kuiya,81903,0.18331668331668333,fuzzy,up2010__row11584
Pilibhit,Bilsanda,Pastaur kuiyan,Chaprua Kuiya,81903,0.18331668331668333,fuzzy,up2010__row20630
Pilibhit,Bilsanda,Mar,Mar,81934,0,exact,up2010__row29683
Pilibhit,Bilsanda,Mareena,Mar,81934,0.19047619047619044,fuzzy,up2010__row28599
Pilibhit,Bisalpur,Chandpura,Chandpura,81979,0,exact,up2010__row11467
Pilibhit,Bisalpur,Chaura,Chandpura,81979,0.11111111111111122,fuzzy,up2010__row12230
Pilibhit,Lalauri Kheda,Kharua,Khujraha,82063,0.1388888888888889,fuzzy,up2010__row41801
Pilibhit,Lalauri Kheda,Khajuraha,Khujraha,82063,0.14120370370370378,fuzzy,up2010__row41793
Pilibhit,Lalauri Kheda,Lalpur,Lalpur,82067,0,exact,up2010__row41804
Pilibhit,Lalauri Kheda,Lalauri,Lalpur,82067,0.1507936507936509,fuzzy,up2010__row41803
Pilibhit,Marauri,Jaitpur,Ajitpur,82092,0.04761904761904765,fuzzy,up2010__row13804
Pilibhit,Marauri,Ajitpur Patapaara,Ajitpur,82092,0.1960784313725491,fuzzy,up2010__row1979
Pilibhit,Purnanpur,Amaraiya Kalan,Amraiya Kalan,82164,0.1520146520146521,fuzzy,up2010__row2453
Pilibhit,Purnanpur,Nagariya Khurdkalan,Amraiya Kalan,82164,0.17622582096266315,fuzzy,up2010__row17803
Pilibhit,Purnanpur,Bharatpur,Bharatpur,82176,0,exact,up2010__row26522
Pilibhit,Purnanpur,Balrampur,Bharatpur,82176,0.14814814814814825,fuzzy,up2010__row23927
Pilibhit,Purnanpur,Jethapur Khurd,Jethapur Khurd,82216,0,exact,up2010__row13775
Pilibhit,Purnanpur,Fatehpur Khurd,Jethapur Khurd,82216,0.08608058608058612,fuzzy,up2010__row21994
Pilibhit,Purnanpur,Pipariaya Mazhra,Piparia Majhara,82266,0.12341269841269847,fuzzy,up2010__row21159
Pilibhit,Purnanpur,Piparia Karam,Piparia Majhara,82266,0.133974358974359,fuzzy,up2010__row21148
Pratapgarh,Baabaganj,Rajapur,Rajapur,82512,0,exact,up2010__row32124
Pratapgarh,Baabaganj,Jagapur,Rajapur,82512,0.1507936507936509,fuzzy,up2010__row12730
Pratapgarh,Gaura,Basirha,Basiraha,82599,0.08928571428571432,fuzzy,up2010__row45943
Pratapgarh,Gaura,Barhada,Basiraha,82599,0.18650793650793648,fuzzy,up2010__row23642
Pratapgarh,Gaura,Raamaapur,Ramapur,82641,0.12169312169312176,fuzzy,up2010__row32749
Pratapgarh,Gaura,Vairampur,Ramapur,82641,0.16931216931216936,fuzzy,up2010__row35171
Pratapgarh,Kalakankar,Andheripur,Andharipur,82657,0.06666666666666678,fuzzy,up2010__row2194
Pratapgarh,Kalakankar,Kandhai,Andharipur,82657,0.18095238095238095,fuzzy,up2010__row5461
Pratapgarh,Lakshmanpur,Ashapur,Ashapur,82783,0,exact,up2010__row3626
Pratapgarh,Lakshmanpur,Lakshmanpur,Ashapur,82783,0.1212121212121213,fuzzy,up2010__row33467
Pratapgarh,Lalganj,Saripur,Saripur,82889,0,exact,up2010__row45858
Pratapgarh,Lalganj,Sangipur,Saripur,82889,0.130952380952381,fuzzy,up2010__row37462
Pratapgarh,Magraura,Bhadona,Bhadauna,82900,0.18650793650793648,fuzzy,up2010__row45974
Pratapgarh,Magraura,Bhawanpura,Bhadauna,82900,0.1892857142857144,fuzzy,up2010__row26888
Pratapgarh,Magraura,Dhaurauli Mufrid,Dharauli Mufreed,82912,0.17857142857142858,fuzzy,up2010__row17396
Pratapgarh,Magraura,Dharauli Maddhupur,Dharauli Mufreed,82912,0.19355413105413108,fuzzy,up2010__row17395
Pratapgarh,Mandhaata,Ghazipur,Gajipur,82979,0.130952380952381,fuzzy,up2010__row9869
Pratapgarh,Mandhaata,Jagdishpur,Gajipur,82979,0.14761904761904773,fuzzy,up2010__row45741
Pratapgarh,Mandhaata,Harchepur,Harchetpur,82986,0.033333333333333416,fuzzy,up2010__row39940
Pratapgarh,Mandhaata,Harkhpur,Harchetpur,82986,0.14166666666666666,fuzzy,up2010__row39903
Pratapgarh,Mandhaata,Purelal,Purelal,83020,0,exact,up2010__row21665
Pratapgarh,Mandhaata,Pure Motilal,Purelal,83020,0.1388888888888889,fuzzy,up2010__row45734
Pratapgarh,Mandhaata,Sarainaharrai,Sarai Nahar Rai,83034,0.04444444444444449,fuzzy,up2010__row45723
Pratapgarh,Mandhaata,Saraiharnarayan,Sarai Nahar Rai,83034,0.18888888888888886,fuzzy,up2010__row36945
Pratapgarh,Mandhaata,Vaishpur,Vaispur,83043,0.04166666666666672,fuzzy,up2010__row45708
Pratapgarh,Mandhaata,Vlapur,Vaispur,83043,0.1507936507936509,fuzzy,up2010__row45721
Pratapgarh,Mandhaata,Virmpur,Vaispur,83043,0.19047619047619044,fuzzy,up2010__row45742
Pratapgarh,Patti,Araila,Araila,83046,0,exact,up2010__row45996
Pratapgarh,Patti,Charaia,Araila,83046,0.1507936507936509,fuzzy,up2010__row11651
Pratapgarh,Patti,Sarsatpur,Sarsatpur,83089,0,exact,up2010__row36667
Pratapgarh,Patti,Samatpur,Sarsatpur,83089,0.11574074074074082,fuzzy,up2010__row38684
Pratapgarh,Sadar,Mahuar,Mahuar,83132,0,exact,up2010__row29287
Pratapgarh,Sadar,Auwar,Mahuar,83132,0.17777777777777778,fuzzy,up2010__row45815
Pratapgarh,Sadar,Rajgarh,Rajgarh,83150,0,exact,up2010__row32050
Pratapgarh,Sadar,Rajapur,Rajgarh,83150,0.19047619047619044,fuzzy,up2010__row45810
Pratapgarh,Sadar,saraydali,Saray Dali,83164,0.033333333333333416,fuzzy,up2010__row36873
Pratapgarh,Sadar,Saraybahelia,Saray Dali,83164,0.17777777777777778,fuzzy,up2010__row36895
Pratapgarh,Sangipur,Athea,Atheha,83297,0.05555555555555556,fuzzy,up2010__row45890
Pratapgarh,Sangipur,Bathhua,Atheha,83297,0.1507936507936509,fuzzy,up2010__row45930
Pratapgarh,Shivgarh,Balipur,Balipur,83361,0,exact,up2010__row24755
Pratapgarh,Shivgarh,Bhagipur,Balipur,83361,0.130952380952381,fuzzy,up2010__row26791
Pratapgarh,Shivgarh,Bithalpur,Balipur,83361,0.14550264550264563,fuzzy,up2010__row25132
Rae bareli,Amawan,Adampur,Adampur,83416,0,exact,up2010__row3455
Rae bareli,Amawan,Pahadpur,Adampur,83416,0.18650793650793648,fuzzy,up2010__row20657
Rae bareli,Bachhrawan,Bannawan,Bannawa,83466,0.04166666666666672,fuzzy,up2010__row23231
Rae bareli,Bachhrawan,Kannawan,Bannawa,83466,0.130952380952381,fuzzy,up2010__row5485
Rae bareli,Maharajganj,Majhigwan,Majhigawan,83911,0.07037037037037047,fuzzy,up2010__row46140
Rae bareli,Maharajganj,Majhganv,Majhigawan,83911,0.14166666666666666,fuzzy,up2010__row46172
Rae bareli,Sareni,Madhavpur,Madhopur,84120,0.11574074074074082,fuzzy,up2010__row46093
Rae bareli,Sareni,Madhupur,Madhopur,84120,0.130952380952381,fuzzy,up2010__row46095
Rae bareli,Sataon,Manpur,Manpur,84178,0,exact,up2010__row46112
Rae bareli,Sataon,Maneru,Manpur,84178,0.17777777777777778,fuzzy,up2010__row46118
Rae bareli,Unchahaar,MatoraUlii,Matrauli,84350,0.06666666666666678,fuzzy,up2010__row28185
Rae bareli,Unchahaar,Kharauli,Matrauli,84350,0.1666666666666667,fuzzy,up2010__row8534
Rae bareli,Unchahaar,Savayadhani,Sawaya Dhani,84367,0.08585858585858598,fuzzy,up2010__row37282
Rae bareli,Unchahaar,Savaiya Hasan,Sawaya Dhani,84367,0.18589743589743588,fuzzy,up2010__row37281
Rampur,Bilaaspur,Khanpur,Khanpur,84416,0,exact,up2010__row41571
Rampur,Bilaaspur,Hasanpur,Khanpur,84416,0.130952380952381,fuzzy,up2010__row41576
Rampur,Bilaaspur,Padpuri,Padpuri,84444,0,exact,up2010__row19986
Rampur,Bilaaspur,Pahadpur,Padpuri,84444,0.130952380952381,fuzzy,up2010__row41573
Rampur,Bilaaspur,Sisouna,Sisauna,84465,0.09523809523809525,fuzzy,up2010__row38322
Rampur,Bilaaspur,Sitaura,Sisauna,84465,0.19047619047619044,fuzzy,up2010__row37922
Rampur,Milk,Chainpur,Chainpur,84557,0,exact,up2010__row12048
Rampur,Milk,Chakpur,Chainpur,84557,0.130952380952381,fuzzy,up2010__row11257
Rampur,Milk,Dharampur,Dharampura,84568,0.033333333333333416,fuzzy,up2010__row17407
Rampur,Milk,Rahapura,Dharampura,84568,0.10833333333333345,fuzzy,up2010__row31970
Rampur,Milk,Ehora,Jeohra,84587,0.12222222222222213,fuzzy,up2010__row41715
Rampur,Milk,Jyhora,Jeohra,84587,0.17777777777777778,fuzzy,up2010__row14018
Rampur,Milk,Ras India,Ras Dandia,84641,0.187037037037037,fuzzy,up2010__row32934
Rampur,Milk,rahsaina,Ras Dandia,84641,0.1892857142857144,fuzzy,up2010__row32001
Rampur,Saidnagar,Karanpur,Karanpur,84688,0,exact,up2010__row5742
Rampur,Saidnagar,Mankapur,Karanpur,84688,0.17857142857142858,fuzzy,up2010__row29582
Rampur,Saidnagar,KHandia,Khandiya,84691,0.04166666666666672,fuzzy,up2010__row8296
Rampur,Saidnagar,Khanna,Khandiya,84691,0.18055555555555555,fuzzy,up2010__row8354
Saharanpur,Baliyakhedi,Kapasi,Kapasi,84979,0,exact,up2010__row5525
Saharanpur,Baliyakhedi,Kapasa,Kapasi,84979,0.11111111111111106,fuzzy,up2010__row5524
Saharanpur,Gangoh,Khadlana,Khadlana,85117,0,exact,up2010__row8247
Saharanpur,Gangoh,Halwana,Khadlana,85117,0.130952380952381,fuzzy,up2010__row40269
Saharanpur,Muzaffarabad,Fatehpur Paleyo,Fatehpur Pelo,85182,0.07008547008547018,fuzzy,up2010__row22046
Saharanpur,Muzaffarabad,Fatehpur Bhadon,Fatehpur Pelo,85182,0.188034188034188,fuzzy,up2010__row22049
Saharanpur,Muzaffarabad,Kaluwala Jahanpur,Kaluwala Jahanpur,85190,0,exact,up2010__row6535
Saharanpur,Muzaffarabad,Kaluwala Pahadipur,Kaluwala Jahanpur,85190,0.1392156862745098,fuzzy,up2010__row6536
Saharanpur,Nakud,Sahab Mazra,Sahaba Mazra,85353,0.11868686868686885,fuzzy,up2010__row37632
Saharanpur,Nakud,Mallaha Mazra,Sahaba Mazra,85353,0.16581196581196586,fuzzy,up2010__row28763
Saharanpur,Nakud,Sirsala,Sirsala,85361,0,exact,up2010__row38084
Saharanpur,Nakud,Sirsaka,Sirsala,85361,0.09523809523809525,fuzzy,up2010__row38083
Saharanpur,Sarsawa,Dumjhedi,Dumjhedi,85629,0,exact,up2010__row16496
Saharanpur,Sarsawa,Dumjheda,Dumjhedi,85629,0.08333333333333338,fuzzy,up2010__row16495
Sant Kabeer Nagar,Baghauli,Leduwa,Ledua,85727,0.05555555555555556,fuzzy,up2010__row34076
Sant Kabeer Nagar,Baghauli,Ledua Mahua,Ledua,85727,0.18181818181818185,fuzzy,up2010__row1368
Sant Kabeer Nagar,Baghauli,Madarha,Madraha,85730,0.04761904761904765,fuzzy,up2010__row28264
Sant Kabeer Nagar,Baghauli,Amardobha,Madraha,85730,0.16931216931216936,fuzzy,up2010__row1504
Sant Kabeer Nagar,Baghauli,Samadha,Samdaha,85748,0.04761904761904765,fuzzy,up2010__row36441
Sant Kabeer Nagar,Baghauli,Samada,Samdaha,85748,0.10317460317460315,fuzzy,up2010__row36445
Sant Kabeer Nagar,Khalilabad,Mainsir,Mainsir,85942,0,exact,up2010__row30820
Sant Kabeer Nagar,Khalilabad,Mailani,Mainsir,85942,0.19047619047619044,fuzzy,up2010__row46
Sant Kabeer Nagar,Khalilabad,Sarauli Chaharum,Sarauli Cheharum,85962,0.06388888888888886,fuzzy,up2010__row37083
Sant Kabeer Nagar,Khalilabad,Sarauli,Sarauli Cheharum,85962,0.18750000000000006,fuzzy,up2010__row1496
Sant Kabeer Nagar,Mehdawal,Bankata,Bankasia,85976,0.130952380952381,fuzzy,up2010__row23039
Sant Kabeer Nagar,Mehdawal,Banakasiyaa,Bankasia,85976,0.19507575757575754,fuzzy,up2010__row23061
Sant Kabeer Nagar,Mehdawal,Bharwaliya Chaube,Bharwalia Chaubey,85986,0.039215686274509866,fuzzy,up2010__row26586
Sant Kabeer Nagar,Mehdawal,Bharwaliya Pandey,Bharwalia Chaubey,85986,0.1568627450980393,fuzzy,up2010__row26587
Sant Kabeer Nagar,Mehdawal,Nandaur,Nandaur,86020,0,exact,up2010__row18141
Sant Kabeer Nagar,Mehdawal,Naudari,Nandaur,86020,0.19047619047619044,fuzzy,up2010__row19282
Sant Kabeer Nagar,Nathnagar,Bhogipura,Bhogipur,86057,0.037037037037037104,fuzzy,up2010__row27451
Sant Kabeer Nagar,Nathnagar,Bhagotipur,Bhogipur,86057,0.10833333333333345,fuzzy,up2010__row26162
Sant Kabeer Nagar,Nathnagar,Kadsar,Kadsar,86079,0,exact,up2010__row5304
Sant Kabeer Nagar,Nathnagar,Kadsara,Kadsar,86079,0.04761904761904765,fuzzy,up2010__row5307
Sant Kabeer Nagar,Nathnagar,Natwa,Natwa,86106,0,exact,up2010__row18036
Sant Kabeer Nagar,Nathnagar,Nagwa,Natwa,86106,0.13333333333333336,fuzzy,up2010__row18027
Sant Kabeer Nagar,Semriyawa,Parsadpur,Parsadpur,86299,0,exact,up2010__row20245
Sant Kabeer Nagar,Semriyawa,MADARPUR,Parsadpur,86299,0.16335978835978843,fuzzy,up2010__row28288
Sant Ravidas Nagar,Aurain,Ahimanpur,Ahimanpur,86327,0,exact,up2010__row51139
Sant Ravidas Nagar,Aurain,Sahaspur,Ahimanpur,86327,0.19444444444444453,fuzzy,up2010__row37374
Sant Ravidas Nagar,Aurain,Chakbira,Chak Beera,86347,0.14166666666666666,fuzzy,up2010__row11234
Sant Ravidas Nagar,Aurain,Chakora,Chak Beera,86347,0.18095238095238095,fuzzy,up2010__row51122
Sant Ravidas Nagar,Aurain,Garauli,Garauli,86363,0,exact,up2010__row51145
Sant Ravidas Nagar,Aurain,Sarauli,Garauli,86363,0.09523809523809525,fuzzy,up2010__row51132
Sant Ravidas Nagar,Aurain,Ghamaapur,Ghamahapur,86365,0.033333333333333416,fuzzy,up2010__row51119
Sant Ravidas Nagar,Aurain,Ghatampur,Ghamahapur,86365,0.14537037037037034,fuzzy,up2010__row51140
Sant Ravidas Nagar,Aurain,Lasmadiya,Lasmariya,86392,0.07407407407407415,fuzzy,up2010__row51137
Sant Ravidas Nagar,Aurain,Lasmana,Lasmariya,86392,0.1587301587301588,fuzzy,up2010__row51105
Sant Ravidas Nagar,Aurain,Naktapur,Nakata Pur,86402,0.10833333333333345,fuzzy,up2010__row17733
Sant Ravidas Nagar,Aurain,Kansapur,Nakata Pur,86402,0.1892857142857144,fuzzy,up2010__row51110
Sant Ravidas Nagar,Aurain,Rampur,Rampur,86416,0,exact,up2010__row32480
Sant Ravidas Nagar,Aurain,Raamaapur,Rampur,86416,0.11111111111111122,fuzzy,up2010__row51150
Sant Ravidas Nagar,Bhadohi,Kuraiya,Kuraiya,86491,0,exact,up2010__row7162
Sant Ravidas Nagar,Bhadohi,Puramoriya,Kuraiya,86491,0.18095238095238095,fuzzy,up2010__row51220
Sant Ravidas Nagar,Bhadohi,Musilatpur,Musilatpur,86505,0,exact,up2010__row30524
Sant Ravidas Nagar,Bhadohi,Mallupur,Musilatpur,86505,0.1892857142857144,fuzzy,up2010__row51222
Sant Ravidas Nagar,Bhadohi,Pipparis,Pipris,86514,0.08333333333333338,fuzzy,up2010__row21201
Sant Ravidas Nagar,Bhadohi,Pipiri,Pipris,86514,0.17777777777777778,fuzzy,up2010__row21181
Sant Ravidas Nagar,Bhadohi,Rajipur,Ramipur,86521,0.09523809523809525,fuzzy,up2010__row51223
Sant Ravidas Nagar,Bhadohi,Raimalpur,Ramipur,86521,0.12169312169312176,fuzzy,up2010__row33311
Sant Ravidas Nagar,Deegh,Baraippur,Baraipur,86552,0.037037037037037104,fuzzy,up2010__row51183
Sant Ravidas Nagar,Deegh,Baripur,Baraipur,86552,0.04166666666666672,fuzzy,up2010__row24719
Sant Ravidas Nagar,Deegh,Bharatpur,Baraipur,86552,0.11574074074074082,fuzzy,up2010__row51185
Sant Ravidas Nagar,Deegh,Arai,Baraipur,86552,0.1666666666666667,fuzzy,up2010__row2687
Sant Ravidas Nagar,Deegh,Ibrapur,Baraipur,86552,0.18650793650793648,fuzzy,up2010__row3878
Sant Ravidas Nagar,Deegh,Khanapur,Khanapur,86592,0,exact,up2010__row51176
Sant Ravidas Nagar,Deegh,Khemapur,Khanapur,86592,0.1666666666666667,fuzzy,up2010__row9066
Sant Ravidas Nagar,Deegh,Raiyapur,Raiyapur,86613,0,exact,up2010__row51196
Sant Ravidas Nagar,Deegh,Baliyapur,Raiyapur,86613,0.11574074074074082,fuzzy,up2010__row51174
Sant Ravidas Nagar,Gyanpur,Bhidiura,Bhidiura,86639,0,exact,up2010__row26977
Sant Ravidas Nagar,Gyanpur,Bhidaura,Bhidiura,86639,0.15476190476190485,fuzzy,up2010__row26953
Sant Ravidas Nagar,Gyanpur,Gaharpur,Gaharpur,86657,0,exact,up2010__row9804
Sant Ravidas Nagar,Gyanpur,Jauharpur,Gaharpur,86657,0.11574074074074082,fuzzy,up2010__row13986
Sant Ravidas Nagar,Gyanpur,Raipur,Raipur,86709,0,exact,up2010__row32824
Sant Ravidas Nagar,Gyanpur,Ramaipur,Raipur,86709,0.08333333333333338,fuzzy,up2010__row31656
Sant Ravidas Nagar,Gyanpur,Sarai Rajputan,Sarai Rajputani,86717,0.0222222222222222,fuzzy,up2010__row36555
Sant Ravidas Nagar,Gyanpur,Samhair Rajputani,Sarai Rajputani,86717,0.07254901960784323,fuzzy,up2010__row36546
Sant Ravidas Nagar,Abholi,Gaura,Gaura,86758,0,exact,up2010__row51265
Sant Ravidas Nagar,Abholi,Gadora,Gaura,86758,0.17777777777777778,fuzzy,up2010__row51262
Sant Ravidas Nagar,Suriyawan,Haripur,Haripur,86765,0,exact,up2010__row40122
Sant Ravidas Nagar,Suriyawan,Chhatripur,Haripur,86765,0.09999999999999999,fuzzy,up2010__row12272
Sant Ravidas Nagar,Suriyawan,Makanpur,Makanpur,86788,0,exact,up2010__row27651
Sant Ravidas Nagar,Suriyawan,Manapur,Makanpur,86788,0.08928571428571432,fuzzy,up2010__row28422
Shahjahnapur,Bhavlakheda,Atakhurd,Ata Khurd,86883,0.037037037037037104,fuzzy,up2010__row3437
Shahjahnapur,Bhavlakheda,Satwan Khurd,Ata Khurd,86883,0.08333333333333338,fuzzy,up2010__row36221
Shahjahnapur,Jaitipur,Shikarpur,Shikarpur,87059,0,exact,up2010__row35607
Shahjahnapur,Jaitipur,Hirpur,Shikarpur,87059,0.11111111111111122,fuzzy,up2010__row40599
Shahjahnapur,Nigonhi,Mahammadpur,Mahmadpur,87366,0.09764309764309766,fuzzy,up2010__row28982
Shahjahnapur,Nigonhi,Hamzapur,Mahmadpur,87366,0.16335978835978843,fuzzy,up2010__row39860
Shahjahnapur,Puwaya,Jathiyapur Buzurg,Jathiapur Buzurg,87422,0.019607843137254888,fuzzy,up2010__row41890
Shahjahnapur,Puwaya,Matiuria Bujurg,Jathiapur Buzurg,87422,0.19166666666666676,fuzzy,up2010__row41881
Shahjahnapur,Tilhar,Hawaspur,Havaspur,87545,0.08333333333333338,fuzzy,up2010__row40286
Shahjahnapur,Tilhar,Chkadapur,Havaspur,87545,0.19444444444444453,fuzzy,up2010__row12244
Shravasti,Gilola,Moharnia,Mohrniya,87693,0.08333333333333338,fuzzy,up2010__row31086
Shravasti,Gilola,Gohaniya,Mohrniya,87693,0.1666666666666667,fuzzy,up2010__row10664
Shravasti,Hariharpur Rani,Pureadhri,Pure Adhari,87752,0.06060606060606061,fuzzy,up2010__row21631
Shravasti,Hariharpur Rani,Purakheri,Pure Adhari,87752,0.19044612794612809,fuzzy,up2010__row21635
Siddharth Nagar,Badhni,Aurhawa,Aurahawa,87982,0.13690476190476192,fuzzy,up2010__row4890
Siddharth Nagar,Badhni,VaragDawa,Aurahawa,87982,0.19444444444444453,fuzzy,up2010__row34399
Siddharth Nagar,Bhanwaapur,Sikta,Sikta,88115,0,exact,up2010__row37668
Siddharth Nagar,Bhanwaapur,Sikautha,Sikta,88115,0.19166666666666676,fuzzy,up2010__row37803
Siddharth Nagar,Dumriaganj,Deipar,Deaipar,88199,0.130952380952381,fuzzy,up2010__row16632
Siddharth Nagar,Dumriaganj,Devaria,Deaipar,88199,0.17857142857142858,fuzzy,up2010__row16797
Siddharth Nagar,Dumriaganj,MahUvara,Mahuara,88236,0.04166666666666672,fuzzy,up2010__row29346
Siddharth Nagar,Dumriaganj,Ahiraula,Mahuara,88236,0.18650793650793648,fuzzy,up2010__row3310
Siddharth Nagar,Dumriaganj,Malhwar,Mahuara,88236,0.19047619047619044,fuzzy,up2010__row28782
Siddharth Nagar,Dumriaganj,Mahuakhu,Mahuwakhurd,88237,0.09090909090909088,fuzzy,up2010__row29268
Siddharth Nagar,Dumriaganj,Majhuwakhas,Mahuwakhurd,88237,0.18181818181818185,fuzzy,up2010__row28007
Siddharth Nagar,Dumriaganj,Parsa,Parsa,88242,0,exact,up2010__row20210
Siddharth Nagar,Dumriaganj,Parsaいまd,Parsa,88242,0.12500000000000006,fuzzy,up2010__row20236
Siddharth Nagar,Dumriaganj,Parsahusen,Parsa,88242,0.1666666666666667,fuzzy,up2010__row20272
Siddharth Nagar,Dumriaganj,Rathaina,Rathaina,88255,0,exact,up2010__row31497
Siddharth Nagar,Dumriaganj,Taraina,Rathaina,88255,0.08928571428571432,fuzzy,up2010__row15166
Siddharth Nagar,Itwa,Kapiya,Kapia,88309,0.05555555555555556,fuzzy,up2010__row5531
Siddharth Nagar,Itwa,Kapia Lohti,Kapia,88309,0.18181818181818185,fuzzy,up2010__row5533
Siddharth Nagar,Itwa,Pipra Chhangat,Pipra Chhangat,88338,0,exact,up2010__row21047
Siddharth Nagar,Itwa,Piprapathan,Pipra Chhangat,88338,0.19220779220779224,fuzzy,up2010__row1533
Siddharth Nagar,Itwa,Sisva,Siswa,88354,0.13333333333333336,fuzzy,up2010__row38256
Siddharth Nagar,Itwa,Sirsia,Siswa,88354,0.17777777777777778,fuzzy,up2010__row38123
Siddharth Nagar,Jogiya,Kathana,Katahana,88389,0.13690476190476192,fuzzy,up2010__row5163
Siddharth Nagar,Jogiya,Kadjahava,Katahana,88389,0.19444444444444453,fuzzy,up2010__row5299
Siddharth Nagar,Jogiya,Lakhanpara,Lakhanpara,88396,0,exact,up2010__row33522
Siddharth Nagar,Jogiya,Lakhanpar,Lakhanpara,88396,0.033333333333333416,fuzzy,up2010__row33547
Siddharth Nagar,Khuniyav,Banagai,Bangai,88509,0.10317460317460315,fuzzy,up2010__row23080
Siddharth Nagar,Khuniyav,Bhangwa,Bangai,88509,0.1507936507936509,fuzzy,up2010__row26177
Siddharth Nagar,Khuniyav,Bargadi,Bangai,88509,0.1507936507936509,fuzzy,up2010__row668
Siddharth Nagar,Khuniyav,Karahi,Karhi,88544,0.05555555555555556,fuzzy,up2010__row5897
Siddharth Nagar,Khuniyav,Karahiagosai,Karhi,88544,0.1944444444444444,fuzzy,up2010__row5894
Siddharth Nagar,Khuniyav,Kharakhari,Khaira Khas,88547,0.1575757575757576,fuzzy,up2010__row517
Siddharth Nagar,Khuniyav,Karonda Khalsa,Khaira Khas,88547,0.17965367965367968,fuzzy,up2010__row6000
Siddharth Nagar,Khuniyav,Khair,Khaira Khas,88547,0.18181818181818185,fuzzy,up2010__row9148
Siddharth Nagar,Mithwal,Asnahari,Asnahara,88644,0.08333333333333338,fuzzy,up2010__row48778
Siddharth Nagar,Mithwal,Aasanhara,Asnahara,88644,0.1620370370370371,fuzzy,up2010__row48774
Siddharth Nagar,Mithwal,Bargadi,Bargadi,88657,0,exact,up2010__row48759
Siddharth Nagar,Mithwal,Bargdi,Bargadi,88657,0.04761904761904765,fuzzy,up2010__row23463
Siddharth Nagar,Mithwal,Golhaura,Golhaura,88684,0,exact,up2010__row48781
Siddharth Nagar,Mithwal,Gohar,Golhaura,88684,0.12500000000000006,fuzzy,up2010__row48744
Siddharth Nagar,Naugadh,Hardaspur,Haradaspur,88765,0.07037037037037047,fuzzy,up2010__row39963
Siddharth Nagar,Naugadh,Wardpur,Haradaspur,88765,0.18095238095238095,fuzzy,up2010__row34463
Siddharth Nagar,Naugadh,Sarauta,Sarauta,88798,0,exact,up2010__row37065
Siddharth Nagar,Naugadh,Karauti,Sarauta,88798,0.19047619047619044,fuzzy,up2010__row5990
Siddharth Nagar,UskaBazar,Chorai,Chorwar,88864,0.1507936507936509,fuzzy,up2010__row12071
Siddharth Nagar,UskaBazar,Chokhar,Chorwar,88864,0.19047619047619044,fuzzy,up2010__row12067
Sitapur,Ailiya,Nairi Kala,Pipri Kalan,88962,0.1575757575757576,fuzzy,up2010__row19196
Sitapur,Ailiya,Pipari Kala,Pipri Kalan,88962,0.1772727272727273,fuzzy,up2010__row21184
Sitapur,Biswan,Sirsa Kala,Sirsa Kalan,89147,0.03030303030303033,fuzzy,up2010__row38101
Sitapur,Biswan,Pipra Kala,Sirsa Kalan,89147,0.1575757575757576,fuzzy,up2010__row21037
Sitapur,Gondlamau,Asal,Asal,89156,0,exact,up2010__row3108
Sitapur,Gondlamau,Vaishali,Asal,89156,0.1666666666666667,fuzzy,up2010__row35186
Sitapur,Machhrehta,Gauriya,Gauriya,89508,0,exact,up2010__row10803
Sitapur,Machhrehta,Gaderiya,Gauriya,89508,0.130952380952381,fuzzy,up2010__row9662
Sitapur,Mahmudabad,Kisunpur,Kishunpur,89581,0.037037037037037104,fuzzy,up2010__row46962
Sitapur,Mahmudabad,Sukipur,Kishunpur,89581,0.16931216931216936,fuzzy,up2010__row46961
Sitapur,Mahmudabad,Shahpur,Shahpur,89608,0,exact,up2010__row46983
Sitapur,Mahmudabad,Shahinpurkheria,Shahpur,89608,0.17777777777777778,fuzzy,up2010__row35596
Sitapur,Mahmudabad,Sohariya,Sohariya,89612,0,exact,up2010__row39611
Sitapur,Mahmudabad,Hareya,Sohariya,89612,0.18055555555555555,fuzzy,up2010__row46975
Sitapur,Maholi,Raipur,Raipur,89665,0,exact,up2010__row32806
Sitapur,Maholi,Wratpur,Raipur,89665,0.1507936507936509,fuzzy,up2010__row47053
Sitapur,Pisawan,Maathan,Mathan,89933,0.130952380952381,fuzzy,up2010__row29515
Sitapur,Pisawan,Mahタニyan,Mathan,89933,0.18055555555555555,fuzzy,up2010__row28933
Sitapur,Pisawan,Sarithapur,Sariapur,89953,0.06666666666666678,fuzzy,up2010__row36962
Sitapur,Pisawan,Salarpur,Sariapur,89953,0.130952380952381,fuzzy,up2010__row37144
Sonbhadra,Chatra,Karaudia,Karaundiya,90287,0.06666666666666678,fuzzy,up2010__row51825
Sonbhadra,Chatra,Karwaniyan,Karaundiya,90287,0.13333333333333336,fuzzy,up2010__row51791
Sonbhadra,Duddhi,Kataudhi,Kataudhi,90391,0,exact,up2010__row51603
Sonbhadra,Duddhi,Katauli,Kataudhi,90391,0.130952380952381,fuzzy,up2010__row51602
Sonbhadra,Duddhi,Mahuria,Mahuariya,90395,0.14550264550264563,fuzzy,up2010__row51594
Sonbhadra,Duddhi,Karahiya,Mahuariya,90395,0.16335978835978843,fuzzy,up2010__row51627
Sonbhadra,Duddhi,Mahuli,Mahuli,90396,0,exact,up2010__row51622
Sonbhadra,Duddhi,Mazhauli,Mahuli,90396,0.08333333333333338,fuzzy,up2010__row51604
Sonbhadra,Ghorawal,Imlipokhar,Amli Pokhar,90414,0.14949494949494946,fuzzy,up2010__row51774
Sonbhadra,Ghorawal,Bagpokhar,Amli Pokhar,90414,0.19528619528619526,fuzzy,up2010__row24556
Sonbhadra,Ghorawal,Vardia,Bardiya,90422,0.1507936507936509,fuzzy,up2010__row51737
Sonbhadra,Ghorawal,Kadiya,Bardiya,90422,0.1507936507936509,fuzzy,up2010__row51770
Sonbhadra,Ghorawal,Kanhaari,Kanhari,90454,0.04166666666666672,fuzzy,up2010__row51776
Sonbhadra,Ghorawal,Kingari,Kanhari,90454,0.19047619047619044,fuzzy,up2010__row6604
Sonbhadra,Ghorawal,Khuthan,Khutaha,90465,0.1507936507936509,fuzzy,up2010__row51754
Sonbhadra,Ghorawal,Khutanian,Khutaha,90465,0.1587301587301588,fuzzy,up2010__row8849
Sonbhadra,Ghorawal,Kolkadi,Koladiha,90469,0.130952380952381,fuzzy,up2010__row7948
Sonbhadra,Ghorawal,Koldiha,Koladiha,90469,0.13690476190476192,fuzzy,up2010__row51734
Sonbhadra,Ghorawal,Sirsai,Sirsain,90510,0.04761904761904765,fuzzy,up2010__row51769
Sonbhadra,Ghorawal,Sirsia,Sirsain,90510,0.10317460317460315,fuzzy,up2010__row38130
Sonbhadra,Myorpur,Kudri,Kudari,90557,0.05555555555555556,fuzzy,up2010__row51849
Sonbhadra,Myorpur,Kakri,Kudari,90557,0.17777777777777778,fuzzy,up2010__row4990
Sonbhadra,Myorpur,Nadhira,Nadhira,90568,0,exact,up2010__row51838
Sonbhadra,Myorpur,Dadhihra,Nadhira,90568,0.18650793650793648,fuzzy,up2010__row14539
Sonbhadra,Robertsganj,Bahuar,Bahuar,90642,0,exact,up2010__row24451
Sonbhadra,Robertsganj,Bahua,Bahuar,90642,0.05555555555555556,fuzzy,up2010__row24448
Sonbhadra,Robertsganj,Badhuwari,Bahuar,90642,0.11111111111111122,fuzzy,up2010__row23006
Sonbhadra,Robertsganj,Barank,Barak,90646,0.05555555555555556,fuzzy,up2010__row23680
Sonbhadra,Robertsganj,Mubarakpur,Barak,90646,0.1666666666666667,fuzzy,up2010__row30384
Sonbhadra,Robertsganj,Barawan,Bargawn,90648,0.09523809523809525,fuzzy,up2010__row23563
Sonbhadra,Robertsganj,Badgaon,Bargawn,90648,0.19047619047619044,fuzzy,up2010__row51717
Sonbhadra,Robertsganj,Basauli,Bashauli,90651,0.04166666666666672,fuzzy,up2010__row24238
Sonbhadra,Robertsganj,Badhauli,Bashauli,90651,0.08333333333333338,fuzzy,up2010__row22932
Sonbhadra,Robertsganj,Babhanouli,Bashauli,90651,0.14166666666666666,fuzzy,up2010__row51677
Sonbhadra,Robertsganj,Bhadkana,Bharkana,90656,0.08333333333333338,fuzzy,up2010__row26295
Sonbhadra,Robertsganj,Budharkala,Bharkana,90656,0.14166666666666666,fuzzy,up2010__row25233
Sonbhadra,Robertsganj,Dehri,Deori,90666,0.13333333333333336,fuzzy,up2010__row51695
Sonbhadra,Robertsganj,Devari,Deori,90666,0.17777777777777778,fuzzy,up2010__row51714
Sonbhadra,Robertsganj,Harhua,Harhuna,90672,0.04761904761904765,fuzzy,up2010__row51696
Sonbhadra,Robertsganj,Bharuha,Harhuna,90672,0.1507936507936509,fuzzy,up2010__row51692
Sonbhadra,Robertsganj,Karari,Karari,90681,0,exact,up2010__row5902
Sonbhadra,Robertsganj,Karaki,Karari,90681,0.11111111111111106,fuzzy,up2010__row51691
Sonbhadra,Robertsganj,Lasra,Lashra,90689,0.05555555555555556,fuzzy,up2010__row51672
Sonbhadra,Robertsganj,Lohra,Lashra,90689,0.17777777777777778,fuzzy,up2010__row34194
Sonbhadra,Robertsganj,Mangurahi,Mangurahi,90696,0,exact,up2010__row27795
Sonbhadra,Robertsganj,Gaurahi,Mangurahi,90696,0.12169312169312176,fuzzy,up2010__row10724
Sonbhadra,Robertsganj,Petrahi,Petrahi,90718,0,exact,up2010__row21697
Sonbhadra,Robertsganj,Kekrahi,Petrahi,90718,0.19047619047619044,fuzzy,up2010__row7396
Sonbhadra,Robertsganj,Pipiri,Pipari,90719,0.17777777777777778,fuzzy,up2010__row51718
Sonbhadra,Robertsganj,Papi,Pipari,90719,0.19444444444444453,fuzzy,up2010__row51689
Sultanpur,Bhaiyya,Sansaripur,Sansaripur,90963,0,exact,up2010__row37300
Sultanpur,Bhaiyya,Salarpur,Sansaripur,90963,0.14166666666666666,fuzzy,up2010__row37146
Sultanpur,Dhanpat Ganj,Mahmandipura,Mahmandi Pur,91085,0.055555555555555705,fuzzy,up2010__row29006
Sultanpur,Dhanpat Ganj,Mahmudpur,Mahmandi Pur,91085,0.14814814814814825,fuzzy,up2010__row29029
Sultanpur,Dhanpat Ganj,Pratapur,Ratapur,91100,0.04166666666666672,fuzzy,up2010__row21896
Sultanpur,Dhanpat Ganj,Rataipur,Ratapur,91100,0.04166666666666672,fuzzy,up2010__row31574
Sultanpur,Doobepur,Dullapur,Dulahapur,91191,0.11574074074074082,fuzzy,up2010__row48182
Sultanpur,Doobepur,Alahdadpur,Dulahapur,91191,0.14537037037037034,fuzzy,up2010__row2815
Sultanpur,Doobepur,Hasanpur,Hasanpur,91195,0,exact,up2010__row48187
Sultanpur,Doobepur,Bhagwanpur,Hasanpur,91195,0.14166666666666666,fuzzy,up2010__row26085
Sultanpur,Doobepur,Lolepur,Lolepur,91207,0,exact,up2010__row34157
Sultanpur,Doobepur,Aflepur,Lolepur,91207,0.19047619047619044,fuzzy,up2010__row2310
Sultanpur,Jaisinghpur,Ayubpur,Ayubpur,91365,0,exact,up2010__row2678
Sultanpur,Jaisinghpur,Chaubepur,Ayubpur,91365,0.1587301587301588,fuzzy,up2010__row12177
Sultanpur,Jaisinghpur,Basaippur,Basakpur,91367,0.11574074074074082,fuzzy,up2010__row24161
Sultanpur,Jaisinghpur,Hasrampur,Basakpur,91367,0.19444444444444453,fuzzy,up2010__row40371
Sultanpur,Jaisinghpur,Bhairaonpur,Bhairopur,91370,0.06060606060606061,fuzzy,up2010__row27345
Sultanpur,Jaisinghpur,Bhawanipur,Bhairopur,91370,0.1740740740740741,fuzzy,up2010__row26721
Sultanpur,Jaisinghpur,Ishakpur,Isahakpur,91390,0.07870370370370378,fuzzy,up2010__row3988
Sultanpur,Jaisinghpur,Ashapur,Isahakpur,91390,0.12169312169312176,fuzzy,up2010__row3627
Sultanpur,Jaisinghpur,Sadarpur,Sadarpur,91415,0,exact,up2010__row36279
Sultanpur,Jaisinghpur,Padarthpur,Sadarpur,91415,0.14166666666666666,fuzzy,up2010__row19995
Sultanpur,Kudwar,Dawoodpur,Daudpur,91637,0.1587301587301588,fuzzy,up2010__row16194
Sultanpur,Kudwar,Jodupur,Daudpur,91637,0.19047619047619044,fuzzy,up2010__row13733
Sultanpur,Kudwar,Kota,Kota,91650,0,exact,up2010__row7728
Sultanpur,Kudwar,Kotowaa,Kota,91650,0.142857142857143,fuzzy,up2010__row7701
Sultanpur,Kudwar,Mudava,Mudwa,91664,0.17777777777777778,fuzzy,up2010__row30219
Sultanpur,Kudwar,Mudiinewaada,Mudwa,91664,0.1944444444444444,fuzzy,up2010__row30211
Sultanpur,Lambhua,Gothuajagipur,Gothawajagipur,91710,0.10103785103785118,fuzzy,up2010__row10365
Sultanpur,Lambhua,Gajaapur,Gothawajagipur,91710,0.18452380952380965,fuzzy,up2010__row9422
Sultanpur,Lambhua,Raipur,Raypur,91741,0.11111111111111106,fuzzy,up2010__row32816
Sultanpur,Lambhua,Ratanpur,Raypur,91741,0.18055555555555555,fuzzy,up2010__row31529
Sultanpur,Pratappur Kemaicha,Safipur,Shafipur,91883,0.04166666666666672,fuzzy,up2010__row36392
Sultanpur,Pratappur Kemaicha,Ishipur,Shafipur,91883,0.130952380952381,fuzzy,up2010__row4079
Sultanpur,Pratappur Kemaicha,Shahpur,Shahpur,91884,0,exact,up2010__row35465
Sultanpur,Pratappur Kemaicha,Sheshanapur,Shahpur,91884,0.1688311688311689,fuzzy,up2010__row35922
Unnao,Asoha,Pathakpur,Pathak Pur,92045,0.033333333333333416,fuzzy,up2010__row20744
Unnao,Asoha,Pahadpur,Pathak Pur,92045,0.14166666666666666,fuzzy,up2010__row20672
Unnao,Bangarmau,Newal,Newal,92157,0,exact,up2010__row761
Unnao,Bangarmau,Newalapur,Newal,92157,0.14814814814814825,fuzzy,up2010__row19103
Unnao,Bighapur,Dundpur,Dundpur,92239,0,exact,up2010__row16462
Unnao,Bighapur,Dundpur Pratham,Dundpur,92239,0.17777777777777778,fuzzy,up2010__row46412
Unnao,Fatehpur Chaurasi,Hardaspur,Hardas Pur,92298,0.033333333333333416,fuzzy,up2010__row39961
Unnao,Fatehpur Chaurasi,Hayaspur,Hardas Pur,92298,0.14166666666666666,fuzzy,up2010__row39893
Unnao,Hilauli,Bahwa,Bahwa,92471,0,exact,up2010__row46467
Unnao,Hilauli,Badha,Bahwa,92471,0.13333333333333336,fuzzy,up2010__row23521
Unnao,Safipur,Rahimabad,Raheema Bad,92747,0.12794612794612809,fuzzy,up2010__row32021
Unnao,Safipur,Ibrahimabad,Raheema Bad,92747,0.18181818181818185,fuzzy,up2010__row3889
Unnao,Si. Sirosi,Patari,Patari,92863,0,exact,up2010__row19938
Unnao,Si. Sirosi,Pyaar,Patari,92863,0.17777777777777778,fuzzy,up2010__row21876
Unnao,Sumerpur,Sarai Manihar,Sarai Manihar,92947,0,exact,up2010__row36779
Unnao,Sumerpur,Sarai Mangli,Sarai Manihar,92947,0.1324786324786325,fuzzy,up2010__row46434
Varanasi,Araji Lines,Ayodhyapur,Ayodhyapur,92954,0,exact,up2010__row50569
Varanasi,Araji Lines,Boodhapur,Ayodhyapur,92954,0.1740740740740741,fuzzy,up2010__row50618
Varanasi,Badagaon,Sarawan,Kharawan,93102,0.130952380952381,fuzzy,up2010__row36953
Varanasi,Badagaon,Khrawan,Kharawan,93102,0.13690476190476192,fuzzy,up2010__row8505
Varanasi,Badagaon,Kodai,Kodai,93103,0,exact,up2010__row7852
Varanasi,Badagaon,Koodi,Kodai,93103,0.13333333333333336,fuzzy,up2010__row7352
Varanasi,Chiraigaon,Khetalpur,Khetalpur,93171,0,exact,up2010__row50528
Varanasi,Chiraigaon,Khalispur,Khetalpur,93171,0.14814814814814825,fuzzy,up2010__row50484
Varanasi,Chiraigaon,Muridpura,Muridpur,93178,0.037037037037037104,fuzzy,up2010__row50492
Varanasi,Chiraigaon,Faridpur,Muridpur,93178,0.1666666666666667,fuzzy,up2010__row22162
Varanasi,Chiraigaon,Hridaypur,Muridpur,93178,0.19444444444444453,fuzzy,up2010__row40708
Varanasi,Chiraigaon,Nawapura,Navapura,93182,0.08333333333333338,fuzzy,up2010__row18487
Varanasi,Chiraigaon,Dinaapur,Navapura,93182,0.1666666666666667,fuzzy,up2010__row50480
Varanasi,Chiraigaon,Shankarpur,Shankarpur,93200,0,exact,up2010__row50523
Varanasi,Chiraigaon,Salarpur,Shankarpur,93200,0.14166666666666666,fuzzy,up2010__row50485
Varanasi,Chiraigaon,Singhwar,Singhvar,93207,0.08333333333333338,fuzzy,up2010__row50520
Varanasi,Chiraigaon,Singhpur,Singhvar,93207,0.1666666666666667,fuzzy,up2010__row38351
Varanasi,Chiraigaon,Sultanpur,Sultanpur,93212,0,exact,up2010__row38844
Varanasi,Chiraigaon,Rustampur,Sultanpur,93212,0.19576719576719587,fuzzy,up2010__row50499
Varanasi,Chiraigaon,Ashapur,Byashpur,93219,0.130952380952381,fuzzy,up2010__row50486
Varanasi,Chiraigaon,Vyaspur,Byashpur,93219,0.130952380952381,fuzzy,up2010__row50490
Varanasi,Harhua,Adampur,Adampur,93300,0,exact,up2010__row3463
Varanasi,Harhua,Ramadutpur,Adampur,93300,0.19523809523809532,fuzzy,up2010__row50761
Varanasi,Harhua,Dasepur,Dasepur,93326,0,exact,up2010__row50786
Varanasi,Harhua,Soyepur,Dasepur,93326,0.19047619047619044,fuzzy,up2010__row50759
Varanasi,Harhua,Puari Kala,Puari Kala,93358,0,exact,up2010__row21371
Varanasi,Harhua,Puarikala,Puari Kala,93358,0.033333333333333416,fuzzy,up2010__row21372
Varanasi,Harhua,Saraiya,Saraiya,93367,0,exact,up2010__row50768
Varanasi,Harhua,Saraykaji,Saraiya,93367,0.1587301587301588,fuzzy,up2010__row36839
Varanasi,Harhua,Sarawan,Saraiya,93367,0.19047619047619044,fuzzy,up2010__row36674
Varanasi,Harhua,Sulamapur,Sulemapur,93373,0.11574074074074082,fuzzy,up2010__row50754
Varanasi,Harhua,Rasulpur,Sulemapur,93373,0.19444444444444453,fuzzy,up2010__row50762
Varanasi,Harhua,Udaipur,Udaipur,93376,0,exact,up2010__row4250
Varanasi,Harhua,Danialpur,Udaipur,93376,0.1587301587301588,fuzzy,up2010__row50779
Varanasi,Kashividyapeeth,Anantpur,Anantpur,93386,0,exact,up2010__row2214
Varanasi,Kashividyapeeth,Kanchanpur,Anantpur,93386,0.14166666666666666,fuzzy,up2010__row5448
Varanasi,Kashividyapeeth,Bhiti,Bhiti,93397,0,exact,up2010__row50737
Varanasi,Kashividyapeeth,Bhitari,Bhiti,93397,0.09523809523809525,fuzzy,up2010__row26925
Varanasi,Kashividyapeeth,Chitauni,Chittauni,93403,0.037037037037037104,fuzzy,up2010__row12426
Varanasi,Kashividyapeeth,Chittpur,Chittauni,93403,0.19444444444444453,fuzzy,up2010__row50735
Varanasi,Kashividyapeeth,Karsada,Karasara,93420,0.18650793650793648,fuzzy,up2010__row5869
Varanasi,Kashividyapeeth,Lahratara,Karasara,93420,0.19444444444444453,fuzzy,up2010__row33787
Varanasi,Kashividyapeeth,Kesharipur,Kesharipur,93422,0,exact,up2010__row7468
Varanasi,Kashividyapeeth,Bikharipur,Kesharipur,93422,0.13333333333333336,fuzzy,up2010__row26908
Varanasi,Kashividyapeeth,Khanav,Khanaw,93423,0.11111111111111106,fuzzy,up2010__row8331
Varanasi,Kashividyapeeth,Kandwa,Khanaw,93423,0.17777777777777778,fuzzy,up2010__row5468
Varanasi,Kashividyapeeth,Madhopur,Madhopur,93432,0,exact,up2010__row29560
Varanasi,Kashividyapeeth,Maheshpur,Madhopur,93432,0.19444444444444453,fuzzy,up2010__row29388
Varanasi,Pindra,Gadar,Gadar,93490,0,exact,up2010__row50620
Varanasi,Pindra,Gadkhara,Gadar,93490,0.12500000000000006,fuzzy,up2010__row50643
Varanasi,Sewapuri,Arjunpur,Arjunpur,93560,0,exact,up2010__row50455
Varanasi,Sewapuri,Puranpur,Arjunpur,93560,0.130952380952381,fuzzy,up2010__row50452
Varanasi,Sewapuri,NEWADA,Newadia,93612,0.04761904761904765,fuzzy,up2010__row50466
Varanasi,Sewapuri,Nevadiha,Newadia,93612,0.130952380952381,fuzzy,up2010__row19084
Jyotiba Phule Nagar,Amroha,HadipurKalan,Hadipur Kalan,238602,0.025641025641025605,fuzzy,up2010__row40457
Jyotiba Phule Nagar,Amroha,Raipur Kalan,Hadipur Kalan,238602,0.07905982905982913,fuzzy,up2010__row32831
Jyotiba Phule Nagar,Amroha,Jabda,Jabda,238607,0,exact,up2010__row12871
Jyotiba Phule Nagar,Amroha,Jabdi,Jabda,238607,0.13333333333333336,fuzzy,up2010__row12872
Jyotiba Phule Nagar,Dhanaura,Daurala,Kaurala,238684,0.09523809523809525,fuzzy,up2010__row17026
Jyotiba Phule Nagar,Dhanaura,Kaurara,Kaurala,238684,0.09523809523809525,fuzzy,up2010__row8068
Jyotiba Phule Nagar,Gajraula,Sihai Gosai,Sihali Gosai,238777,0.02777777777777788,fuzzy,up2010__row38372
Jyotiba Phule Nagar,Gajraula,Sihaali Jagir,Sihali Gosai,238777,0.16581196581196586,fuzzy,up2010__row38373
Jyotiba Phule Nagar,Joya,Purnanpur,Puranpur,239001,0.07870370370370378,fuzzy,up2010__row21546
Jyotiba Phule Nagar,Joya,Umarpur,Puranpur,239001,0.18650793650793648,fuzzy,up2010__row4361
Jyotiba Phule Nagar,Joya,Raipur Shahjadpur,Raipur Shahzadpur,239004,0.039215686274509866,fuzzy,up2010__row32878
Jyotiba Phule Nagar,Joya,Raipur Khurd,Raipur Shahzadpur,239004,0.19087938205585273,fuzzy,up2010__row32841
Jyotiba Phule Nagar,Joya,Shyampur,Shayampur,239017,0.07870370370370378,fuzzy,up2010__row35955
Jyotiba Phule Nagar,Joya,Hakampur,Shayampur,239017,0.11574074074074082,fuzzy,up2010__row40404
Pratapgarh,Patti,Saurai,Saurai,239697,0,exact,up2010__row45990
Pratapgarh,Patti,Saradih,Saurai,239697,0.1507936507936509,fuzzy,up2010__row45993
Chitrakoot,Pahadi,Chakaudh,Chakaundh,241783,0.037037037037037104,fuzzy,up2010__row11337
Chitrakoot,Pahadi,Chaandi,Chakaundh,241783,0.1587301587301588,fuzzy,up2010__row11769
Lucknow,Gosaiganj,Mamai Mau,Mamaimau,244205,0.037037037037037104,fuzzy,up2010__row28531
Lucknow,Gosaiganj,Madharmau,Mamaimau,244205,0.19444444444444453,fuzzy,up2010__row29501
Ghazipur,Barachwar,Benipur,Benipur,245546,0,exact,up2010__row25418
Ghazipur,Barachwar,Benipur Khas,Benipur,245546,0.1388888888888889,fuzzy,up2010__row25420
Bijnaur,Najibabad,Jalpur,Jalpur,245625,0,exact,up2010__row13559
Bijnaur,Najibabad,Jaspur,Jalpur,245625,0.11111111111111106,fuzzy,up2010__row13349
Bulandshahr,Bulandshahr,Hirapur,Hirapur,259774,0,exact,up2010__row40604
Bulandshahr,Bulandshahr,Mirzapur,Hirapur,259774,0.130952380952381,fuzzy,up2010__row29828
Bulandshahr,Bulandshahr,Rampura,Hirapur,259774,0.19047619047619044,fuzzy,up2010__row31668
Jaunpur,Srikoni,Kadipur,Bandipur,271688,0.130952380952381,fuzzy,up2010__row6443
Jaunpur,Srikoni,Chandpur,Bandipur,271688,0.1666666666666667,fuzzy,up2010__row11729
Jaunpur,Srikoni,Gaddipura,Bandipur,271688,0.19444444444444453,fuzzy,up2010__row9649
Rae bareli,Sareni,Lakhanpur,Lakhanapur,273787,0.033333333333333416,fuzzy,up2010__row33552
Rae bareli,Sareni,Lakhangav,Lakhanapur,273787,0.1740740740740741,fuzzy,up2010__row46104
Siddharth Nagar,Bansi,Chetia,Chetiya,273894,0.04761904761904765,fuzzy,up2010__row12032
Siddharth Nagar,Bansi,Chettiwa,Chetiya,273894,0.130952380952381,fuzzy,up2010__row48670
Siddharth Nagar,Bansi,Bardahianankar,Bardahi Nankar,273906,0.11172161172161167,fuzzy,up2010__row23525
Siddharth Nagar,Bansi,Baranwankar,Bardahi Nankar,273906,0.1255411255411255,fuzzy,up2010__row48668
Siddharth Nagar,Bhanwaapur,pikaura,Bijaura,274034,0.19047619047619044,fuzzy,up2010__row20914
Siddharth Nagar,Bhanwaapur,Vijoura,Bijaura,274034,0.19047619047619044,fuzzy,up2010__row34733
Agra,Bichpuri,Azizpur,Azizpur,274049,0,exact,up2010__row1968
Agra,Bichpuri,Baipur,Azizpur,274049,0.1507936507936509,fuzzy,up2010__row24519
Siddharth Nagar,Badhni,Chandai,Chandai,274070,0,exact,up2010__row11439
Siddharth Nagar,Badhni,Chandwa,Chandai,274070,0.09523809523809525,fuzzy,up2010__row11480
